año;mes;dia_semana;hora;intensidad_media;intensidad_total;ocupacion_media;velocidad_media;registros
2023;1;0;0;814,452;203613;2,370560109289617;25,118;250
2023;1;0;1;571,316;142829;2,0601659751037342;20,994;250
2023;1;0;2;477,996;119499;1,6809027777777779;19,414;250
2023;1;0;3;439,304;109826;1,4090909090909092;18,085;250
2023;1;0;4;432,048;108012;1,3790983606557377;17,057;250
2023;1;0;5;503,892;125973;1,344744121715076;19,962;250
2023;1;0;6;906,34;226585;2,576502732240437;25,509;250
2023;1;0;7;1914,072;478518;5,909836065573771;28,296;250
2023;1;0;8;2603,084;650771;9,040642076502731;28,003;250
2023;1;0;9;2475,672;618918;9,282786885245901;28,258;250
2023;1;0;10;2090,416;522604;7,192964480874316;28,377;250
2023;1;0;11;2062,424;515606;6,9381830601092895;28,252;250
2023;1;0;12;2107,456;526864;6,924863387978142;28,438;250
2023;1;0;13;2195,96;548990;6,882172131147541;28,48;250
2023;1;0;14;2554,388;638597;8,023565573770492;28,485;250
2023;1;0;15;2581,232;645308;7,926229508196721;28,467;250
2023;1;0;16;2276,348;569087;7,258879781420766;28,401;250
2023;1;0;17;2491,74;622935;8,065573770491802;28,206;250
2023;1;0;18;2649,284;662321;9,412568306010929;27,699;250
2023;1;0;19;2639,468;659867;8,966188524590164;27,766;250
2023;1;0;20;2297,612;574403;7,135587431693989;28,22;250
2023;1;0;21;1878,984;469746;5,573428961748634;28,532;250
2023;1;0;22;1388,484;347121;4,022199453551912;28,561;250
2023;1;0;23;1023,212;255803;3,228142076502732;27,119;250
2023;1;1;0;747,968;186992;2,4361338797814205;23,695;250
2023;1;1;1;536,72;134180;1,9665300546448086;19,868;250
2023;1;1;2;465,608;116402;1,6877637130801688;19,063;250
2023;1;1;3;438,668;109667;1,4422268907563025;17,967;250
2023;1;1;4;445,68;111420;1,3312146892655368;18,367;250
2023;1;1;5;497,092;124273;1,3497899159663866;19,372;250
2023;1;1;6;838,256;209564;2,3963585434173673;23,927;250
2023;1;1;7;1726,276;431569;5,518987341772152;25,665;250
2023;1;1;8;2355,764;588941;8,9187675070028;25,409;250
2023;1;1;9;2291,216;572804;9,327030812324931;25,3;250
2023;1;1;10;1923,9;480975;6,860294117647059;25,623;250
2023;1;1;11;1905,924;476481;6,57843137254902;25,784;250
2023;1;1;12;1976,636;494159;7,061974789915967;25,729;250
2023;1;1;13;2126,336;531584;7,5561224489795915;26,395;250
2023;1;1;14;2713,652;678413;8,941836734693878;28,104;250
2023;1;1;15;2716,44;679110;8,864285714285714;28,132;250
2023;1;1;16;2437,964;609491;8,15952380952381;28,003;250
2023;1;1;17;2629,156;657289;9,222448979591837;27,746;250
2023;1;1;18;2821,088;705272;10,242857142857142;27,575;250
2023;1;1;19;2857,056;714264;10,023469387755101;27,326;250
2023;1;1;20;2535,88;633970;8,104421768707482;27,722;250
2023;1;1;21;2008,764;502191;5,880612244897959;28,403;250
2023;1;1;22;1403,78;350945;4,139455782312925;28,56;250
2023;1;1;23;965,4;241350;3,2062841530054644;27,229;250
2023;1;2;0;658,035;131607;2,3329037800687282;23,185;200
2023;1;2;1;382,795;76559;1,6247841105354057;19,31375;200
2023;1;2;2;246,23;49246;1,1778929188255611;14,83125;200
2023;1;2;3;203,45;40690;0,8320379965457686;13,7425;200
2023;1;2;4;200,9;40180;0,6631944444444444;14,1075;200
2023;1;2;5;279,135;55827;0,950171821305842;16,76;200
2023;1;2;6;694,025;138805;2,075993091537133;23,94875;200
2023;1;2;7;1840,13;368026;5,842735042735042;28,045;200
2023;1;2;8;2639,53;527906;9,677777777777779;27,22625;200
2023;1;2;9;2592,495;518499;10,053846153846154;27,39875;200
2023;1;2;10;2195,68;439136;7,2615384615384615;27,68625;200
2023;1;2;11;2095,29;419058;6,817948717948718;27,64125;200
2023;1;2;12;2203,85;440770;7,114529914529914;27,94125;200
2023;1;2;13;2293,43;458686;7,691025641025641;27,885;200
2023;1;2;14;2668,92;533784;8,915384615384616;27,93875;200
2023;1;2;15;2687,575;537515;8,461538461538462;28,1475;200
2023;1;2;16;2416,405;483281;7,696153846153846;28,2025;200
2023;1;2;17;2595,055;519011;8,735897435897435;27,61125;200
2023;1;2;18;2752,7;550540;10,0517094017094;27,73875;200
2023;1;2;19;2813,19;562638;10,232051282051282;27,17875;200
2023;1;2;20;2535,88;507176;8,36965811965812;27,36;200
2023;1;2;21;1985,795;397159;6,097435897435897;28,2375;200
2023;1;2;22;1384,56;276912;4,107692307692307;28,105;200
2023;1;2;23;1028,545;205709;3,3115384615384613;27,03;200
2023;1;3;0;750,92;150184;2,5021588946459414;23,09;200
2023;1;3;1;429,27;85854;1,531951640759931;19,835;200
2023;1;3;2;279,185;55837;1,1580756013745703;16,05;200
2023;1;3;3;220,745;44149;0,9377147766323024;14,81375;200
2023;1;3;4;225,585;45117;1,0123931623931623;14,64625;200
2023;1;3;5;282,095;56419;0,9540378006872853;16,7125;200
2023;1;3;6;702,07;140414;2,064003436426117;24,41;200
2023;1;3;7;1811,405;362281;5,427777777777778;27,82875;200
2023;1;3;8;2637,325;527465;9,2;27,81125;200
2023;1;3;9;2619,28;523856;9,426666666666666;28,015;200
2023;1;3;10;2389,75;477950;7,89;28,8375;200
2023;1;3;11;2353,1;470620;7,38875;28,7075;200
2023;1;3;12;2487,875;497575;7,9625;28,74625;200
2023;1;3;13;2619,395;523879;8,395833333333334;29,12;200
2023;1;3;14;3098,885;619777;9,925;29,29375;200
2023;1;3;15;3054,1;610820;9,5475;29,225;200
2023;1;3;16;2714,415;542883;8,56;29,46625;200
2023;1;3;17;2941,99;588398;9,86625;28,95375;200
2023;1;3;18;3009,93;601986;10,85125;28,71375;200
2023;1;3;19;3013,32;602664;10,80625;27,97125;200
2023;1;3;20;2726,285;545257;8,99625;28,15375;200
2023;1;3;21;2281,685;456337;6,6466666666666665;29,22125;200
2023;1;3;22;1570,06;314012;4,4991666666666665;29,73;200
2023;1;3;23;1206,23;241246;3,59375;28,11625;200
2023;1;4;0;1003,68;200736;3,0566666666666666;25,6575;200
2023;1;4;1;595,605;119121;2,0095833333333335;22,30625;200
2023;1;4;2;350,18;70036;1,4128595600676819;18,29125;200
2023;1;4;3;259,82;51964;1,2331649831649831;15,07875;200
2023;1;4;4;232,395;46479;0,9475465313028765;13,86625;200
2023;1;4;5;292,16;58432;0,9522613065326633;16,6775;200
2023;1;4;6;700,42;140084;1,9426298157453936;24,68625;200
2023;1;4;7;1635,285;327057;4,743333333333333;27,82625;200
2023;1;4;8;2291,27;458254;7,4775;27,9175;200
2023;1;4;9;2235,015;447003;7,72625;28,47625;200
2023;1;4;10;1997,895;399579;6,4025;28,47625;200
2023;1;4;11;2146,83;429366;6,545833333333333;28,8175;200
2023;1;4;12;2355,465;471093;7,392916666666666;28,93875;200
2023;1;4;13;2608,55;521710;8,325;29,12125;200
2023;1;4;14;3096,59;619318;10,489949748743719;29,2;200
2023;1;4;15;3077,77;615554;10,97361809045226;28,9025;200
2023;1;4;16;2711,805;542361;8,755443886097153;28,995;200
2023;1;4;17;2879,465;575893;9,22110552763819;28,73625;200
2023;1;4;18;2833,17;566634;9,53894472361809;28,55625;200
2023;1;4;19;2734,5;546900;9,228643216080402;28,255;200
2023;1;4;20;2653,79;530758;8,683417085427136;28,4275;200
2023;1;4;21;2437,145;487429;7,317839195979899;28,725;200
2023;1;4;22;1854,78;370956;5,406197654941373;29,3275;200
2023;1;4;23;1457,355;291471;4,368090452261306;29,02875;200
2023;1;5;0;1351,535;270307;3,94891122278057;28,325;200
2023;1;5;1;1172,69;234538;3,5598827470686767;27,625;200
2023;1;5;2;910,1;182020;2,884003350083752;25,955;200
2023;1;5;3;762,365;152473;2,4297138047138045;23,87875;200
2023;1;5;4;684,725;136945;2,205160744500846;23,135;200
2023;1;5;5;664,505;132901;2,0284757118927974;22,8275;200
2023;1;5;6;814,995;162999;2,484848484848485;25,545;200
2023;1;5;7;936,075;187215;2,7043551088777216;26,7975;200
2023;1;5;8;1052,95;210590;2,9276094276094273;27,57;200
2023;1;5;9;1396,185;279237;3,7445286195286194;28,805;200
2023;1;5;10;1826,445;365289;5,004606365159129;29,06875;200
2023;1;5;11;2096,69;419338;6,210636515912898;28,8425;200
2023;1;5;12;2367,975;473595;6,8371021775544385;28,87125;200
2023;1;5;13;2618,855;523771;7,937185929648241;28,7575;200
2023;1;5;14;2758,525;551705;8,353015075376884;28,9225;200
2023;1;5;15;2167,895;433579;6,2043551088777225;29,4475;200
2023;1;5;16;1797,06;359412;5,08961474036851;29,26125;200
2023;1;5;17;2052,805;410561;5,935929648241206;28,83875;200
2023;1;5;18;2321,715;464343;6,877721943048576;28,915;200
2023;1;5;19;2402,385;480477;7,342127303182579;28,73375;200
2023;1;5;20;2382,87;476574;7,265494137353434;28,42875;200
2023;1;5;21;2253,9;450780;6,807788944723618;28,795;200
2023;1;5;22;1877,475;375495;5,566164154103853;28,87625;200
2023;1;5;23;1532,805;306561;4,6792294807370185;28,8875;200
2023;1;6;0;1396,66;349165;4,070281124497992;27,249;250
2023;1;6;1;1210,132;302533;3,711432506887052;25,897;250
2023;1;6;2;989,004;247251;3,1832641770401104;24,947;250
2023;1;6;3;789,88;197470;2,5453277545327757;24,358;250
2023;1;6;4;684,948;171237;2,3563458856345885;22,274;250
2023;1;6;5;626,468;156617;2,1229338842975207;21,717;250
2023;1;6;6;716,42;179105;2,097107438016529;23,432;250
2023;1;6;7;768,612;192153;2,395486111111111;24,387;250
2023;1;6;8;737,784;184446;2,1967496542185336;24,357;250
2023;1;6;9;887,404;221851;2,5408022130013834;25,553;250
2023;1;6;10;1171,992;292998;3,2766531713900138;27,044;250
2023;1;6;11;1581,096;395274;4,538934426229508;28,141;250
2023;1;6;12;1885,344;471336;5,572062841530054;28,065;250
2023;1;6;13;2093,768;523442;6,266393442622951;28,202;250
2023;1;6;14;2245,88;561470;6,66905737704918;28,118;250
2023;1;6;15;1774,824;443706;5,057718579234972;28,267;250
2023;1;6;16;1529,148;382287;4,34084699453552;28,187;250
2023;1;6;17;1800,36;450090;5,215163934426229;28,32;250
2023;1;6;18;2008,06;502015;5,909494535519126;28,15;250
2023;1;6;19;2068,936;517234;6,209016393442623;27,921;250
2023;1;6;20;1949,584;487396;5,694330601092896;28,065;250
2023;1;6;21;1592,588;398147;4,571379781420766;28,352;250
2023;1;6;22;1306,152;326538;3,774248633879781;28,068;250
2023;1;6;23;1092,796;273199;3,199795081967213;27,802;250
2023;2;0;0;695,57;139114;2,2508333333333335;23,04375;200
2023;2;0;1;388,31;77662;1,8133333333333335;17,42375;200
2023;2;0;2;241,01;48202;1,1751700680272108;13,945;200
2023;2;0;3;183,985;36797;1,0151515151515151;10,56125;200
2023;2;0;4;189,155;37831;0,7671691792294807;11,01375;200
2023;2;0;5;271,975;54395;0,9570707070707071;14,82875;200
2023;2;0;6;796,62;159324;2,7163299663299667;24,81375;200
2023;2;0;7;2177,52;435504;6,679166666666666;28,97875;200
2023;2;0;8;3128,125;625625;10,93875;28,93875;200
2023;2;0;9;2975,775;595155;11,085416666666667;28,64625;200
2023;2;0;10;2394,2060301507536;476447;8,080402010050252;29,09547738693467;199
2023;2;0;11;2304,10101010101;456212;7,819023569023569;29,130050505050505;198
2023;2;0;12;2383,175;476635;7,944166666666666;29,06625;200
2023;2;0;13;2508,547738693467;499201;8,430904522613066;29,118090452261306;199
2023;2;0;14;2952,32;590464;9,465416666666666;29,22875;200
2023;2;0;15;3026,835;605367;9,272916666666667;29,23875;200
2023;2;0;16;2635,38;527076;8,503333333333334;29,07;200
2023;2;0;17;2807,415;561483;9,5125;28,63125;200
2023;2;0;18;3112,255;622451;10,417916666666667;28,32125;200
2023;2;0;19;3088,24;617648;10,6575;28,325;200
2023;2;0;20;2640,21608040201;525403;8,061139028475711;29,282663316582916;199
2023;2;0;21;2059,361809045226;409813;6,068676716917923;29,842964824120603;199
2023;2;0;22;1422,8090452261306;283139;4,370184254606365;29,592964824120603;199
2023;2;0;23;874,8232323232323;173215;3,0307239057239057;27,342171717171716;198
2023;2;1;0;577,9949748743719;115021;1,8131313131313131;20,262562814070353;199
2023;2;1;1;286,0;56914;1,3421273031825796;14,724874371859297;199
2023;2;1;2;161,5678391959799;32152;1,1700167504187604;10,149497487437186;199
2023;2;1;3;137,10552763819095;27284;0,742003367003367;9,228643216080402;199
2023;2;1;4;154,35175879396985;30716;0,6343537414965986;10,045226130653266;199
2023;2;1;5;253,58793969849245;50464;0,9426298157453935;13,520100502512562;199
2023;2;1;6;776,9849246231156;154620;2,3876262626262625;23,881909547738694;199
2023;2;1;7;2246,246231155779;447003;6,817839195979899;28,99497487437186;199
2023;2;1;8;3299,925;659985;12,51375;28,2375;200
2023;2;1;9;3035,361809045226;604037;13,690536013400335;27,768844221105528;199
2023;2;1;10;2569,713567839196;511373;10,014237855946398;28,272613065326635;199
2023;2;1;11;2373,25;474650;7,96375;28,76875;200
2023;2;1;12;2433,85;486770;7,9375;28,93;200
2023;2;1;13;2588,29;517658;8,433333333333334;29,13625;200
2023;2;1;14;3099,99;619998;10,089583333333334;29,13625;200
2023;2;1;15;3117,665;623533;10,6275;28,5425;200
2023;2;1;16;2847,175;569435;9,44125;28,8225;200
2023;2;1;17;2954,325;590865;10,880416666666667;28,11625;200
2023;2;1;18;3196,655;639331;11,906666666666668;28,2025;200
2023;2;1;19;3124,235;624847;11,78625;27,72125;200
2023;2;1;20;2848,42;569684;9,3775;28,72125;200
2023;2;1;21;2282,894472361809;454296;7,193467336683417;29,484924623115578;199
2023;2;1;22;1518,9346733668342;302268;4,852177554438861;29,131909547738694;199
2023;2;1;23;1048,6565656565656;207634;3,492845117845118;28,00631313131313;198
2023;2;2;0;701,945;140389;2,2720833333333332;21,12;200
2023;2;2;1;351,13;70226;1,495;15,645;200
2023;2;2;2;196,675;39335;1,035;12,3025;200
2023;2;2;3;147,49;29498;0,6920833333333333;10,17125;200
2023;2;2;4;147,97;29594;0,5993265993265994;9,83;200
2023;2;2;5;237,345;47469;0,83625;13,01375;200
2023;2;2;6;762,34;152468;2,205;24,2975;200
2023;2;2;7;2242,81;448562;6,6725;28,8675;200
2023;2;2;8;3260,485;652097;12,465;28,14625;200
2023;2;2;9;3094,175;618835;12,33875;27,7925;200
2023;2;2;10;2510,925;502185;8,320833333333333;28,56875;200
2023;2;2;11;2377,0502512562816;473033;7,68476430976431;28,85929648241206;199
2023;2;2;12;2459,625;491925;7,796666666666666;28,7575;200
2023;2;2;13;2586,075;517215;8,3075;28,9775;200
2023;2;2;14;3044,295;608859;10,0725;29,105;200
2023;2;2;15;3132,25;626450;10,4925;28,9725;200
2023;2;2;16;2842,315;568463;9,526666666666666;29,275;200
2023;2;2;17;3008,18;601636;10,3875;28,77;200
2023;2;2;18;3203,14;640628;11,2025;28,15625;200
2023;2;2;19;3211,005;642201;11,196666666666667;28,095;200
2023;2;2;20;2877,335;575467;9,0075;28,68625;200
2023;2;2;21;2304,19;460838;6,852083333333334;29,57875;200
2023;2;2;22;1573,64;314728;4,46125;29,65375;200
2023;2;2;23;1145,665;229133;3,519166666666667;28,2325;200
2023;2;3;0;809,575;161915;2,49625;24,07;200
2023;2;3;1;415,705;83141;1,49375;18,02375;200
2023;2;3;2;252,935;50587;1,2487373737373737;14,14;200
2023;2;3;3;191,905;38381;1,0349326599326598;11,42625;200
2023;2;3;4;188,65;37730;0,8010887772194304;11,23;200
2023;2;3;5;270,415;54083;0,7981574539363484;14,23375;200
2023;2;3;6;775,755;155151;2,375;23,375;200
2023;2;3;7;2201,295;440259;6,626666666666666;28,73625;200
2023;2;3;8;3236,86;647372;11,3175;28,87125;200
2023;2;3;9;3094,375;618875;11,949166666666667;28,3975;200
2023;2;3;10;2501,16;500232;8,444583333333334;28,68375;200
2023;2;3;11;2431,5125628140704;483871;7,9539363484087096;28,587939698492463;199
2023;2;3;12;2472,8643216080404;492100;7,8706030150753765;28,967336683417084;199
2023;2;3;13;2617,405;523481;8,415;28,98375;200
2023;2;3;14;3131,3;626260;9,94625;29,0825;200
2023;2;3;15;3192,452261306533;635298;9,693467336683417;29,262562814070353;199
2023;2;3;16;2883,9798994974876;573912;9,43718592964824;29,170854271356784;199
2023;2;3;17;3053,35;610670;11,0425;28,505;200
2023;2;3;18;3232,235;646447;11,63875;28,01125;200
2023;2;3;19;3191,59;638318;11,951666666666668;27,5125;200
2023;2;3;20;2967,925;593585;9,7275;28,2675;200
2023;2;3;21;2407,515;481503;7,130833333333333;29,36625;200
2023;2;3;22;1648,385;329677;5,13875;29,64125;200
2023;2;3;23;1240,96;248192;4,12125;28,6;200
2023;2;4;0;962,48;192496;2,964166666666667;24,58625;200
2023;2;4;1;552,215;110443;1,7726130653266332;19,81875;200
2023;2;4;2;339,75;67950;1,4204545454545454;16,08625;200
2023;2;4;3;253,915;50783;1,2074915824915824;13,35625;200
2023;2;4;4;242,9;48580;1,0744949494949494;13,7925;200
2023;2;4;5;325,285;65057;1,0871212121212122;16,65625;200
2023;2;4;6;795,39;159078;2,2683333333333335;24,765;200
2023;2;4;7;2006,52;401304;5,777083333333334;28,74125;200
2023;2;4;8;2921,98;584396;9,35;29,12875;200
2023;2;4;9;2795,565;559113;9,6325;29,05125;200
2023;2;4;10;2442,025;488405;7,756666666666666;29,02;200
2023;2;4;11;2406,655;481331;7,6225;28,725;200
2023;2;4;12;2554,965;510993;8,255;28,76;200
2023;2;4;13;2809,47;561894;9,262083333333333;28,86;200
2023;2;4;14;3377,72;675544;12,10375;28,53625;200
2023;2;4;15;3407,085;681417;12,65875;27,45375;200
2023;2;4;16;3003,135;600627;10,52125;28,05875;200
2023;2;4;17;3028,365;605673;10,0075;28,59375;200
2023;2;4;18;2997,575;599515;10,10375;27,97375;200
2023;2;4;19;2863,38;572676;9,808333333333334;28,32875;200
2023;2;4;20;2817,75;563550;9,75125;27,77;200
2023;2;4;21;2526,435;505287;7,97;28,685;200
2023;2;4;22;1876,4;375280;5,6554166666666665;29,1575;200
2023;2;4;23;1406,46;281292;4,45375;28,5525;200
2023;2;5;0;1263,5;252700;3,739583333333333;28,31625;200
2023;2;5;1;1017,06;203412;3,2375;27,38625;200
2023;2;5;2;697,49;139498;2,3029166666666665;24,99125;200
2023;2;5;3;511,42;102284;2,0782828282828283;21,6175;200
2023;2;5;4;454,25;90850;1,6524288107202678;20,51;200
2023;2;5;5;429,53;85906;1,6220238095238095;20,975;200
2023;2;5;6;604,9;120980;2,0063451776649748;24,97625;200
2023;2;5;7;740,045;148009;2,2175;26,95375;200
2023;2;5;8;895,427135678392;178190;2,319095477386935;27,623115577889447;199
2023;2;5;9;1360,9246231155778;270824;3,7018425460636513;28,474874371859297;199
2023;2;5;10;1840,2412060301508;366208;4,940536013400335;29,084170854271356;199
2023;2;5;11;2154,56;430912;6,408333333333334;28,7475;200
2023;2;5;12;2467,19;493438;7,49125;28,5625;200
2023;2;5;13;2706,95;541390;8,754166666666666;28,51;200
2023;2;5;14;2852,56;570512;8,83625;28,48125;200
2023;2;5;15;2171,775;434355;6,3220833333333335;29,41875;200
2023;2;5;16;1699,01;339802;4,935416666666667;29,3075;200
2023;2;5;17;2022,035;404407;5,913333333333334;29,07125;200
2023;2;5;18;2310,525;462105;7,234166666666666;28,88625;200
2023;2;5;19;2426,205;485241;7,645;28,48875;200
2023;2;5;20;2336,955;467391;7,292083333333334;28,5;200
2023;2;5;21;2220,07;444014;7,29;28,59375;200
2023;2;5;22;1808,54;361708;5,671666666666666;28,98625;200
2023;2;5;23;1430,155;286031;4,602916666666667;28,6675;200
2023;2;6;0;1372,605;274521;4,220833333333333;28,465;200
2023;2;6;1;1124,805;224961;3,6375;27,6875;200
2023;2;6;2;821,965;164393;2,9466666666666668;26,145;200
2023;2;6;3;612,28;122456;2,39321608040201;23,52625;200
2023;2;6;4;492,43;98486;1,9094754653130288;22,29125;200
2023;2;6;5;442,47;88494;1,8265993265993268;21,3225;200
2023;2;6;6;560,885;112177;1,80875;23,55625;200
2023;2;6;7;655,2;131040;2,0;25,75125;200
2023;2;6;8;640,7939698492462;127518;1,7264309764309764;25,801507537688444;199
2023;2;6;9;888,9849246231156;176908;2,557788944723618;26,89070351758794;199
2023;2;6;10;1349,1005025125628;268471;3,3838383838383836;28,243718592964825;199
2023;2;6;11;1846,2;369240;5,21;27,89125;200
2023;2;6;12;2194,91;438982;6,68;27,4775;200
2023;2;6;13;2455,235;491047;7,15375;28,25125;200
2023;2;6;14;2616,725;523345;7,970416666666666;28,48;200
2023;2;6;15;1981,015;396203;5,722916666666666;29,20625;200
2023;2;6;16;1695,555;339111;4,969166666666667;28,93;200
2023;2;6;17;2083,355;416671;6,155;28,7875;200
2023;2;6;18;2322,15;464430;7,051666666666666;28,6875;200
2023;2;6;19;2378,505;475701;7,26;28,53125;200
2023;2;6;20;2274,485;454897;6,957083333333333;28,725;200
2023;2;6;21;1948,92;389784;5,6345833333333335;29,39625;200
2023;2;6;22;1466,77;293354;4,077916666666667;29,07125;200
2023;2;6;23;1005,115;201023;3,03125;28,04625;200
2023;3;0;0;781,3147208121827;153919;2,4668367346938775;24,529187817258883;197
2023;3;0;1;485,56345177664974;95656;1,8728741496598638;20,15482233502538;197
2023;3;0;2;355,65482233502536;70064;1,3995726495726497;17,774111675126903;197
2023;3;0;3;303,1522842639594;59721;1,2320512820512821;15,203045685279188;197
2023;3;0;4;295,60913705583755;58235;1,1675257731958764;15,299492385786802;197
2023;3;0;5;377,4010152284264;74348;1,3551282051282052;18,222081218274113;197
2023;3;0;6;804,0659898477157;158401;2,3833333333333333;25,645939086294415;197
2023;3;0;7;1901,2893401015228;374554;6,197435897435898;28,737309644670052;197
2023;3;0;8;2668,040609137056;525604;9,92984693877551;28,124365482233504;197
2023;3;0;9;2557,1116751269037;503751;9,542091836734693;28,08502538071066;197
2023;3;0;10;2125,429292929293;420835;7,397631133671743;28,505050505050505;198
2023;3;0;11;1858,520202020202;367987;6,770304568527918;28,69570707070707;198
2023;3;0;12;2029,2;304380;6,52013422818792;28,365;150
2023;3;0;13;2214,8030303030305;438531;7,251692047377326;28,73611111111111;198
2023;3;0;14;2582,338383838384;511303;8,379441624365482;29,05429292929293;198
2023;3;0;15;2603,429292929293;515479;7,918781725888325;28,877525252525253;198
2023;3;0;16;2403,040404040404;475802;7,780456852791878;28,525252525252526;198
2023;3;0;17;2496,4949494949497;494306;8,766497461928934;28,508838383838384;198
2023;3;0;18;2708,4848484848485;536280;9,493654822335026;28,353535353535353;198
2023;3;0;19;2649,4242424242425;524586;8,978426395939087;28,208333333333332;198
2023;3;0;20;2391,656565656566;473548;7,659898477157361;28,76388888888889;198
2023;3;0;21;1964,6751269035533;387041;5,67219387755102;29,253807106598984;197
2023;3;0;22;1417,791878172589;279305;4,167517006802721;29,401015228426395;197
2023;3;0;23;967,0357142857143;189539;2,797863247863248;28,131377551020407;196
2023;3;1;0;665,8979591836735;130516;2,3732817869415808;22,012755102040817;196
2023;3;1;1;407,8112244897959;79931;1,2692307692307692;17,372448979591837;196
2023;3;1;2;299,5357142857143;58709;1,0012953367875648;14,77295918367347;196
2023;3;1;3;269,2908163265306;52781;0,8846153846153846;13,832908163265307;196
2023;3;1;4;280,08673469387753;54897;1,0256410256410255;13,533163265306122;196
2023;3;1;5;366,4111675126904;72183;1,0491452991452992;16,304568527918782;197
2023;3;1;6;836,3857868020305;164768;2,639030612244898;24,82994923857868;197
2023;3;1;7;2092,187817258883;412161;6,822704081632653;28,39467005076142;197
2023;3;1;8;2986,233502538071;588288;11,778486394557824;27,868020304568528;197
2023;3;1;9;2790,730964467005;549774;11,908163265306122;28,1497461928934;197
2023;3;1;10;2301,8426395939086;453463;8,446428571428571;28,050761421319798;197
2023;3;1;11;2196,507614213198;432712;7,235969387755102;28,77030456852792;197
2023;3;1;12;2255,1065989847716;444256;7,168367346938775;28,774111675126903;197
2023;3;1;13;2381,020304568528;469061;7,428571428571429;28,753807106598984;197
2023;3;1;14;2803,712121212121;555135;8,908629441624365;28,90530303030303;198
2023;3;1;15;2774,8535353535353;549421;9,196700507614214;28,60479797979798;198
2023;3;1;16;2563,373737373737;507548;8,405245346869712;28,685606060606062;198
2023;3;1;17;2743,0151515151515;543117;9,93062605752961;28,387626262626263;198
2023;3;1;18;2909,969696969697;576174;10,993654822335026;28,03030303030303;198
2023;3;1;19;3003,848484848485;594762;10,900252525252526;28,224747474747474;198
2023;3;1;20;2923,005076142132;575832;9,340561224489797;29,138324873096447;197
2023;3;1;21;2422,477157360406;477228;7,366496598639455;29,519035532994923;197
2023;3;1;22;1764,0812182741117;347524;5,550595238095238;29,851522842639593;197
2023;3;1;23;1362,7076923076922;265728;4,391323024054983;28,692307692307693;195
2023;3;2;0;1015,9551020408163;248909;3,5727459016393444;24,11530612244898;245
2023;3;2;1;696,5673469387755;170659;2,785860655737705;19,00204081632653;245
2023;3;2;2;569,3551020408163;139492;2,458333333333333;15,76734693877551;245
2023;3;2;3;526,5551020408163;129006;2,316256830601093;14,462244897959184;245
2023;3;2;4;524,540650406504;129037;2,0360544217687075;13,774390243902438;246
2023;3;2;5;614,30081300813;151118;2,1629098360655736;17,097560975609756;246
2023;3;2;6;1092,0569105691056;268646;3,504439890710383;25,597560975609756;246
2023;3;2;7;2358,918699186992;580294;7,836748633879782;28,934959349593495;246
2023;3;2;8;3253,8048780487807;800436;12,56530612244898;28,072154471544714;246
2023;3;2;9;3168,6341463414633;779484;13,681972789115648;27,365853658536587;246
2023;3;2;10;2635,2793522267207;650914;9,787262872628725;28,474696356275302;247
2023;3;2;11;2491,8825910931173;615495;8,359756097560975;28,998987854251013;247
2023;3;2;12;2607,0404858299594;643939;8,660569105691057;28,839068825910932;247
2023;3;2;13;2718,093117408907;671369;8,966463414634147;29,029352226720647;247
2023;3;2;14;3077,592741935484;763243;10,643049932523617;28,809475806451612;248
2023;3;2;15;3044,6612903225805;755076;10,44838056680162;28,84576612903226;248
2023;3;2;16;2831,5282258064517;702219;9,983130904183536;28,96875;248
2023;3;2;17;2924,923387096774;725381;11,7165991902834;28,541330645161292;248
2023;3;2;18;3053,493927125506;754213;11,56910569105691;28,265182186234817;247
2023;3;2;19;3022,8870967741937;749676;11,653846153846153;27,82358870967742;248
2023;3;2;20;2852,1012145748987;704469;9,578252032520325;28,90080971659919;247
2023;3;2;21;2410,076923076923;595289;7,712059620596206;29,125506072874494;247
2023;3;2;22;1846,4674796747968;454231;5,8887755102040815;29,255081300813007;246
2023;3;2;23;1538,5514403292182;373868;5,065426997245178;29,061728395061728;243
2023;3;3;0;1296,0;314928;4,262741046831955;26,53395061728395;243
2023;3;3;1;968,1142857142858;237188;3,3412208504801097;23,266326530612243;245
2023;3;3;2;810,7235772357724;199438;2,8233471074380163;20,1869918699187;246
2023;3;3;3;764,4186991869918;188047;2,7971311475409837;18,76321138211382;246
2023;3;3;4;765,8780487804878;188406;2,5727891156462586;18,538617886178862;246
2023;3;3;5;844,2439024390244;207684;2,6989795918367347;20,86890243902439;246
2023;3;3;6;1240,878048780488;305256;3,741120218579235;25,616869918699187;246
2023;3;3;7;2312,471544715447;568868;7,273129251700681;28,973577235772357;246
2023;3;3;8;3098,609756097561;762258;12,19251700680272;28,427845528455286;246
2023;3;3;9;3058,569105691057;752408;12,869727891156463;28,150406504065042;246
2023;3;3;10;2605,2154471544713;640883;9,152040816326531;28,723577235772357;246
2023;3;3;11;2519,459349593496;619787;8,194897959183674;28,992886178861788;246
2023;3;3;12;2575,508130081301;633575;8,433673469387756;29,022357723577237;246
2023;3;3;13;2642,9595141700406;652811;9,046070460704607;29,07894736842105;247
2023;3;3;14;3142,1093117408905;776101;10,31808943089431;29,172064777327936;247
2023;3;3;15;3129,782258064516;776186;10,771929824561402;28,861895161290324;248
2023;3;3;16;2933,008163265306;718587;10,113046448087433;29,195918367346938;245
2023;3;3;17;3102,216326530612;760043;11,581967213114755;29,039795918367346;245
2023;3;3;18;3174,2105263157896;784030;13,050813008130081;28,13157894736842;247
2023;3;3;19;3221,4655870445345;795702;12,262872628726287;27,796558704453442;247
2023;3;3;20;3025,995951417004;747421;10,384146341463415;28,677125506072876;247
2023;3;3;21;2575,7611336032387;636213;8,133130081300813;29,21255060728745;247
2023;3;3;22;1827,5975609756097;449589;5,663945578231293;29,302845528455286;246
2023;3;3;23;1515,889344262295;369877;4,915637860082304;28,56967213114754;244
2023;3;4;0;1246,7102040816326;305444;4,33025956284153;23,75;245
2023;3;4;1;892,2163265306123;218593;3,116120218579235;20,168367346938776;245
2023;3;4;2;683,3861788617886;168113;2,6199861687413555;17,92581300813008;246
2023;3;4;3;603,609756097561;148488;2,492827868852459;16,527439024390244;246
2023;3;4;4;593,9634146341464;146115;2,250340136054422;16,160569105691057;246
2023;3;4;5;680,3455284552846;167365;2,32172131147541;18,149390243902438;246
2023;3;4;6;1111,7479674796748;273490;3,5161179698216736;25,88821138211382;246
2023;3;4;7;2204,418699186992;542287;6,899319727891156;29,601626016260163;246
2023;3;4;8;3009,8536585365855;740424;10,417006802721088;29,614837398373982;246
2023;3;4;9;2821,2723577235774;694033;10,631632653061224;29,24390243902439;246
2023;3;4;10;2526,2357723577234;621454;8,762244897959183;29,139227642276424;246
2023;3;4;11;2556,10162601626;628801;8,572789115646259;28,978658536585368;246
2023;3;4;12;2652,2601626016262;652456;8,956122448979592;29,232723577235774;246
2023;3;4;13;2857,9268292682927;703050;9,561224489795919;29,08231707317073;246
2023;3;4;14;3284,2195121951218;807918;12,33061224489796;28,723577235772357;246
2023;3;4;15;3353,7165991902834;828368;13,029471544715447;28,186234817813766;247
2023;3;4;16;2972,834008097166;734290;10,887651821862349;28,17408906882591;247
2023;3;4;17;3072,1585365853657;755751;10,690040650406504;28,851626016260163;246
2023;3;4;18;3011,808943089431;740905;10,602981029810298;28,745934959349594;246
2023;3;4;19;2888,1497975708503;713373;10,159581646423751;28,84008097165992;247
2023;3;4;20;2788,5101214574897;688762;10,011133603238866;28,460526315789473;247
2023;3;4;21;2543,691056910569;625748;8,029471544715447;29,4359756097561;246
2023;3;4;22;1876,5975609756097;461643;6,0257452574525745;29,73170731707317;246
2023;3;4;23;1368,0650406504064;336544;4,255758807588077;29,23678861788618;246
2023;3;5;0;1223,4744897959183;239801;3,581207482993197;28,432397959183675;196
2023;3;5;1;1007,484693877551;197467;3,2181122448979593;27,100765306122447;196
2023;3;5;2;704,3469387755102;138052;2,42687074829932;25,18877551020408;196
2023;3;5;3;534,2755102040817;104718;1,9467353951890036;23,414540816326532;196
2023;3;5;4;444,10714285714283;87045;1,684278350515464;20,790816326530614;196
2023;3;5;5;442,5765306122449;86745;1,582482993197279;20,955357142857142;196
2023;3;5;6;613,5918367346939;120264;1,9443027210884354;25,465561224489797;196
2023;3;5;7;783,1632653061224;153500;2,384188034188034;26,98469387755102;196
2023;3;5;8;998,3724489795918;195681;2,677295918367347;27,913265306122447;196
2023;3;5;9;1482,280612244898;290527;4,093112244897959;29,306122448979593;196
2023;3;5;10;1937,265306122449;379704;5,4392006802721085;29,65561224489796;196
2023;3;5;11;2253,9285714285716;441770;6,32482993197279;29,375;196
2023;3;5;12;2533,719387755102;496609;7,737244897959184;28,95280612244898;196
2023;3;5;13;2782,627551020408;545395;8,900510204081632;28,956632653061224;196
2023;3;5;14;2842,311224489796;557093;9,058673469387756;28,993622448979593;196
2023;3;5;15;2119,527918781726;417547;6,338832487309645;29,413705583756347;197
2023;3;5;16;1732,802030456853;341362;5,208967851099831;29,539340101522843;197
2023;3;5;17;2019,607142857143;395843;5,887755102040816;29,362244897959183;196
2023;3;5;18;2309,5;452662;7,180697278911565;29,211734693877553;196
2023;3;5;19;2461,673469387755;482488;8,103316326530612;28,783163265306122;196
2023;3;5;20;2531,3367346938776;496142;8,63265306122449;28,26530612244898;196
2023;3;5;21;2272,4591836734694;445402;6,963010204081633;28,854591836734695;196
2023;3;5;22;1806,7208121827412;355924;5,596446700507614;29,053299492385786;197
2023;3;5;23;1432,1836734693877;280708;4,447278911564625;28,721938775510203;196
2023;3;6;0;1391,658163265306;272765;4,087585034013605;29,033163265306122;196
2023;3;6;1;1117,5867346938776;219047;3,6526360544217686;28,118622448979593;196
2023;3;6;2;686,295918367347;134514;2,894965277777778;26,536989795918366;196
2023;3;6;3;704,4234693877551;138067;2,5257731958762886;25,05952380952381;196
2023;3;6;4;637,8316326530612;125015;2,359536082474227;24,338010204081634;196
2023;3;6;5;563,8163265306123;110508;1,8281786941580758;24,025510204081634;196
2023;3;6;6;641,234693877551;125682;2,02720207253886;25,586734693877553;196
2023;3;6;7;723,8826530612245;141881;2,265463917525773;26,776785714285715;196
2023;3;6;8;751,4030612244898;147275;2,2169243986254297;26,53188775510204;196
2023;3;6;9;930,6122448979592;182400;2,8042735042735045;27,539540816326532;196
2023;3;6;10;1301,954081632653;255183;3,7504273504273504;27,855867346938776;196
2023;3;6;11;1763,734693877551;345692;5,158974358974359;28,302295918367346;196
2023;3;6;12;2071,637755102041;406041;5,928632478632478;28,7359693877551;196
2023;3;6;13;2308,8061224489797;452526;6,75;28,654336734693878;196
2023;3;6;14;2375,841836734694;465665;7,20042735042735;28,815051020408163;196
2023;3;6;15;1840,4285714285713;360724;5,38931623931624;29,242346938775512;196
2023;3;6;16;1561,0974358974358;304414;4,632302405498281;28,975641025641025;195
2023;3;6;17;1924,3553299492385;379098;5,7517006802721085;28,694162436548222;197
2023;3;6;18;2068,4213197969543;407479;6,283163265306122;28,40482233502538;197
2023;3;6;19;2091,507614213198;412027;6,1313775510204085;28,656091370558375;197
2023;3;6;20;2133,0304568527918;420207;6,683673469387755;28,236040609137056;197
2023;3;6;21;1867,725888324873;367942;5,761479591836735;28,34771573604061;197
2023;3;6;22;1380,6548223350253;271989;3,956207482993197;29,119289340101524;197
2023;3;6;23;1037,4948979591836;203349;3,0358974358974358;27,950255102040817;196
2023;4;0;0;983,2755102040817;192722;3,2076788830715532;26,052295918367346;196
2023;4;0;1;720,0558375634517;141851;2,349040139616056;23,393401015228427;197
2023;4;0;2;584,0456852791879;115057;2,088132635253054;21,20939086294416;197
2023;4;0;3;529,4824120603015;105367;1,7849740932642486;20,45603015075377;199
2023;4;0;4;516,9045226130653;102864;1,5755613126079446;19,954773869346734;199
2023;4;0;5;592,55;118510;1,626068376068376;21,09875;200
2023;4;0;6;946,21;189242;2,646804835924007;26,05125;200
2023;4;0;7;1674,9;334980;5,628947368421053;27,38875;200
2023;4;0;8;2164,85;432970;8,077631578947368;27,23375;200
2023;4;0;9;2117,37;423474;8,385526315789473;26,825;200
2023;4;0;10;1848,28;369656;6,5;27,2425;200
2023;4;0;11;1974,195;394839;6,717184801381693;27,5925;200
2023;4;0;12;2025,0753768844222;402990;6,952256944444444;27,684673366834172;199
2023;4;0;13;2124,745;424949;7,336355785837651;27,64875;200
2023;4;0;14;2411,1;482220;7,98488773747841;27,6625;200
2023;4;0;15;2377,24;475448;7,629533678756476;27,6925;200
2023;4;0;16;2127,87;425574;7,099309153713299;27,76625;200
2023;4;0;17;2294,645;458929;7,8782383419689115;27,6525;200
2023;4;0;18;2461,955;492391;8,44559585492228;27,57625;200
2023;4;0;19;2393,9;478780;8,295336787564766;27,4375;200
2023;4;0;20;2174,85;434970;7,0142487046632125;27,70375;200
2023;4;0;21;1823,455;364691;5,5142487046632125;27,8975;200
2023;4;0;22;1368,815;273763;4,398963730569948;27,94875;200
2023;4;0;23;981,1683673469388;192309;3,1846491228070177;27,607142857142858;196
2023;4;1;0;656,9095477386935;130725;2,2487113402061856;22,77889447236181;199
2023;4;1;1;418,7828282828283;82919;1,5972222222222223;18,36489898989899;198
2023;4;1;2;295,286432160804;58762;1,4210069444444444;15,385678391959798;199
2023;4;1;3;250,03015075376885;49756;1,1145833333333333;13,653266331658292;199
2023;4;1;4;257,1758793969849;51178;0,7855902777777778;13,579145728643216;199
2023;4;1;5;327,41;65482;1,0531088082901554;16,18875;200
2023;4;1;6;774,105;154821;2,3603951890034365;24,15125;200
2023;4;1;7;1902,675;380535;6,373504273504273;28,03;200
2023;4;1;8;2644,84;528968;10,325641025641026;27,1225;200
2023;4;1;9;2565,12;513024;11,04957264957265;26,74375;200
2023;4;1;10;2142,09;428418;8,27991452991453;26,86875;200
2023;4;1;11;2128,84;425768;7,202991452991452;27,70625;200
2023;4;1;12;2197,085;439417;7,4974358974358974;27,4475;200
2023;4;1;13;2304,735;460947;7,817094017094017;27,9;200
2023;4;1;14;2623,995;524799;8,797435897435898;27,95125;200
2023;4;1;15;2576,12;515224;9,087179487179487;27,71375;200
2023;4;1;16;2352,11;470422;8,024786324786325;27,93125;200
2023;4;1;17;2509,725;501945;8,991880341880343;27,99875;200
2023;4;1;18;2729,975;545995;10,007692307692308;27,29375;200
2023;4;1;19;2691,255;538251;10,319230769230769;26,9325;200
2023;4;1;20;2468,405;493681;7,944017094017093;27,755;200
2023;4;1;21;1993,815;398763;6,11068376068376;28,11625;200
2023;4;1;22;1403,4;280680;4,480769230769231;28,2425;200
2023;4;1;23;1041,766497461929;205228;3,262152777777778;27,968274111675125;197
2023;4;2;0;773,5477386934673;153936;2,6172680412371134;23,623115577889447;199
2023;4;2;1;442,6884422110553;88095;1,8250868055555556;18,535175879396984;199
2023;4;2;2;307,735;61547;1,4817708333333333;15,8375;200
2023;4;2;3;258,57;51714;1,1157167530224523;14,78625;200
2023;4;2;4;251,64;50328;0,9982817869415808;13,30625;200
2023;4;2;5;334,565;66913;1,0636752136752137;16,85625;200
2023;4;2;6;746,715;149343;2,1205128205128205;23,99625;200
2023;4;2;7;1841,74;368348;5,723076923076923;27,80125;200
2023;4;2;8;2535,55;507110;10,228205128205127;27,3625;200
2023;4;2;9;2433,691919191919;481871;10,75993091537133;26,80176767676768;198
2023;4;2;10;2139,41;427882;7,587179487179487;27,13125;200
2023;4;2;11;2105,075;421015;7,2555555555555555;27,68;200
2023;4;2;12;2403,375;480675;7,94625;28,2375;200
2023;4;2;13;2607,075;521415;8,3675;28,775;200
2023;4;2;14;2950,62;590124;9,50375;29,0525;200
2023;4;2;15;2907,145;581429;9,16125;28,77375;200
2023;4;2;16;2626,845;525369;8,79;29,0075;200
2023;4;2;17;2811,72;562344;10,03625;28,6825;200
2023;4;2;18;2950,905;590181;11,66375;28,01375;200
2023;4;2;19;2880,355;576071;11,72375;27,59;200
2023;4;2;20;2733,355;546671;8,6075;28,8825;200
2023;4;2;21;2195,48;439096;6,5525;29,335;200
2023;4;2;22;1536,195;307239;4,7125;29,33;200
2023;4;2;23;1178,7969543147208;232223;3,6823181049069373;28,722081218274113;197
2023;4;3;0;838,2676767676768;165977;2,7630471380471384;23,59090909090909;198
2023;4;3;1;471,5959595959596;93376;1,8811336717428087;18,984848484848484;198
2023;4;3;2;278,7070707070707;55184;1,3585858585858586;15,1010101010101;198
2023;4;3;3;199,84848484848484;39570;1,0173434856175974;12,738636363636363;198
2023;4;3;4;183,27;36654;0,9416666666666665;11,94;200
2023;4;3;5;268,245;53649;1,05;14,42875;200
2023;4;3;6;717,085;143417;2,295875420875421;23,33625;200
2023;4;3;7;1848,67;369734;5,683333333333334;27,84;200
2023;4;3;8;2571,71;514342;9,725833333333334;26,83;200
2023;4;3;9;2465,075;493015;10,974583333333333;26,76;200
2023;4;3;10;2208,005;441601;7,536666666666666;27,635;200
2023;4;3;11;2164,065;432813;7,053333333333334;27,975;200
2023;4;3;12;2262,815;452563;7,6275;28,4325;200
2023;4;3;13;2425,865;485173;7,684583333333333;28,36125;200
2023;4;3;14;2730,07;546014;8,669166666666666;28,41375;200
2023;4;3;15;2674,48;534896;8,573333333333334;28,43;200
2023;4;3;16;2464,625;492925;8,062916666666666;27,9475;200
2023;4;3;17;2568,225;513645;9,119166666666667;27,29875;200
2023;4;3;18;2778,565;555713;10,344583333333333;27,24875;200
2023;4;3;19;2784,375;556875;11,015416666666667;26,8675;200
2023;4;3;20;2635,21;527042;9,204166666666666;27,65875;200
2023;4;3;21;2294,035;458807;6,626666666666666;28,86;200
2023;4;3;22;1659,32;331864;4,958333333333333;28,91875;200
2023;4;3;23;1213,548223350254;239069;3,797377326565144;28,460659898477157;197
2023;4;4;0;936,8140703517588;186426;3,0527638190954773;25,167085427135678;199
2023;4;4;1;595,795;119159;2,1945833333333336;21,3675;200
2023;4;4;2;360,19;72038;1,6302345058626466;17,93125;200
2023;4;4;3;272,625;54525;1,2969011725293131;15,27625;200
2023;4;4;4;229,915;45983;1,1529166666666666;14,46875;200
2023;4;4;5;291,62311557788945;58033;1,1907783417935702;15,85678391959799;199
2023;4;4;6;698,9447236180905;139090;2,1611952861952863;24,222361809045225;199
2023;4;4;7;1725,3366834170854;343342;5,368090452261306;27,502512562814072;199
2023;4;4;8;2446,964824120603;486946;8,468962585034014;27,613065326633166;199
2023;4;4;9;2354,4120603015076;468528;8,015912897822446;28,276381909547737;199
2023;4;4;10;2113,5879396984924;420604;7,073283082077052;28,396984924623116;199
2023;4;4;11;2173,3417085427136;432495;6,871859296482412;28,472361809045225;199
2023;4;4;12;2375,1608040201004;472657;7,557788944723618;28,438442211055275;199
2023;4;4;13;2563,145728643216;510066;8,370558375634518;28,26005025125628;199
2023;4;4;14;2937,3065326633164;584524;10,802030456852792;27,83542713567839;199
2023;4;4;15;2958,8693467336684;588815;11,175972927241961;26,772613065326635;199
2023;4;4;16;2640,291457286432;525418;10,453045685279188;26,734924623115578;199
2023;4;4;17;2679,3718592964824;533195;10,019035532994923;27,40954773869347;199
2023;4;4;18;2617,964824120603;520975;9,057106598984772;27,831658291457288;199
2023;4;4;19;2533,9095477386936;504248;8,697969543147208;27,81281407035176;199
2023;4;4;20;2506,894472361809;498872;8,149746192893401;28,188442211055275;199
2023;4;4;21;2272,545;454509;6,944865319865319;28,5425;200
2023;4;4;22;1830,475;366095;5,543771043771044;28,555;200
2023;4;4;23;1423,74;284748;4,444444444444445;28,34125;200
2023;4;5;0;1295,548;323887;3,8051075268817205;27,97;250
2023;4;5;1;1107,748;276937;3,406802721088435;27,435;250
2023;4;5;2;860,068;215017;2,8514344262295084;26,284;250
2023;4;5;3;709,288;177322;2,395747599451303;24,507;250
2023;4;5;4;655,316;163829;2,182035519125683;23,449;250
2023;4;5;5;645,256;161314;2,067281420765027;23,903;250
2023;4;5;6;775,9516129032259;192436;2,491391184573003;25,6875;248
2023;4;5;7;909,6653225806451;225597;2,62603305785124;27,65423387096774;248
2023;4;5;8;1066,984;266746;3,0251700680272107;27,569;250
2023;4;5;9;1361,288;340322;3,887074829931973;28,289;250
2023;4;5;10;1706,012;426503;4,99421768707483;28,462;250
2023;4;5;11;1920,784;480196;5,720748299319728;28,345;250
2023;4;5;12;2109,848;527462;6,353061224489796;28,232;250
2023;4;5;13;2247,692;561923;7,110204081632653;28,043;250
2023;4;5;14;2253,86;563465;7,081632653061225;28,144;250
2023;4;5;15;1812,816;453204;5,273469387755102;28,474;250
2023;4;5;16;1522,828;380707;4,494897959183674;28,434;250
2023;4;5;17;1753,292;438323;5,2693877551020405;28,372;250
2023;4;5;18;1929,92;482480;6,054421768707483;27,881;250
2023;4;5;19;1991,84;497960;6,2870748299319725;27,904;250
2023;4;5;20;2004,788;501197;6,461224489795918;27,825;250
2023;4;5;21;1981,568;495392;6,5;27,875;250
2023;4;5;22;1769,58;442395;5,571768707482993;28,256;250
2023;4;5;23;1564,432;391108;4,884693877551021;28,18;250
2023;4;6;0;1400,088;350022;4,306462585034013;27,813;250
2023;4;6;1;1150,916;287729;3,7153061224489794;27,523;250
2023;4;6;2;924,192;231048;3,2112244897959186;26,966;250
2023;4;6;3;767,952;191988;2,7091836734693877;25,295;250
2023;4;6;4;684,948;171237;2,326844262295082;24,47;250
2023;4;6;5;646,74;161685;2,205601092896175;23,677;250
2023;4;6;6;747,152;186788;2,2272108843537413;25,943;250
2023;4;6;7;831,716;207929;2,565986394557823;26,825;250
2023;4;6;8;854,812;213703;2,557035519125683;26,728;250
2023;4;6;9;987,5100401606426;245890;2,960905349794239;26,552208835341364;249
2023;4;6;10;1293,5425101214576;319505;3,7073002754820936;26,689271255060728;247
2023;4;6;11;1621,168;405292;4,806802721088435;26,304;250
2023;4;6;12;1829,76;457440;5,862925170068028;26,239;250
2023;4;6;13;1983,736;495934;6,382312925170068;26,458;250
2023;4;6;14;2037,18;509295;6,387074829931972;26,841;250
2023;4;6;15;1696,472;424118;5,049319727891156;27,519;250
2023;4;6;16;1534,7;383675;4,44421768707483;28,104;250
2023;4;6;17;1738,116;434529;5,18639455782313;28,135;250
2023;4;6;18;1891,452;472863;5,575510204081633;28,266;250
2023;4;6;19;1955,248;488812;6,170408163265306;28,417;250
2023;4;6;20;1956,772;489193;6,239455782312925;28,37;250
2023;4;6;21;1865,004;466251;5,73469387755102;28,3;250
2023;4;6;22;1522,892;380723;4,659863945578231;28,368;250
2023;4;6;23;1193,719512195122;293655;3,551175656984786;28,702235772357724;246
2023;5;0;0;1021,1612903225806;253248;2,966733870967742;26,057459677419356;248
2023;5;0;1;739,9196787148594;184240;2,3845381526104417;24,19578313253012;249
2023;5;0;2;578,9236947791164;144152;2,0006720430107525;22,47590361445783;249
2023;5;0;3;460,7550200803213;114728;1,7268145161290323;19,747991967871485;249
2023;5;0;4;237,60642570281124;59164;0,9949596774193549;14,278112449799197;249
2023;5;0;5;269,384;67346;1,034274193548387;15,228;250
2023;5;0;6;657,38;164345;2,0954301075268815;22,93;250
2023;5;0;7;1620,204;405051;5,052666666666667;28,125;250
2023;5;0;8;2187,636;546909;8,3;26,715;250
2023;5;0;9;2170,984;542746;8,425666666666666;27,28;250
2023;5;0;10;1893,388;473347;6,472;28,059;250
2023;5;0;11;2015,2;503800;6,608;28,269;250
2023;5;0;12;2172,972;543243;7,205333333333333;28,387;250
2023;5;0;13;2314,976;578744;7,497;28,413;250
2023;5;0;14;2598,344;649586;8,370333333333335;29,034;250
2023;5;0;15;2494,852;623713;7,972333333333333;29,071;250
2023;5;0;16;2248,912;562228;7,182333333333333;28,856;250
2023;5;0;17;2469,604;617401;8,465666666666666;28,754;250
2023;5;0;18;2679,472;669868;9,603;28,292;250
2023;5;0;19;2633,3092369477913;655694;9,52008032128514;28,25602409638554;249
2023;5;0;20;2400,008032128514;597602;7,780789825970549;28,849397590361445;249
2023;5;0;21;2057,85140562249;512405;6,465528781793842;29,258032128514056;249
2023;5;0;22;1555,0963855421687;387219;5,164323962516734;29,14859437751004;249
2023;5;0;23;1106,1747967479675;272119;3,7838753387533877;28,758130081300813;246
2023;5;1;0;774,25;192014;3,0047043010752685;23,264112903225808;248
2023;5;1;1;481,3467741935484;119374;2,2860998650472335;17,94657258064516;248
2023;5;1;2;260,0120481927711;64743;1,6781842818428183;13,75;249
2023;5;1;3;185,79518072289156;46263;1,284136546184739;10,77710843373494;249
2023;5;1;4;181,44578313253012;45180;1,1522177419354838;10,790160642570282;249
2023;5;1;5;265,7269076305221;66166;1,2295850066934404;13,781124497991968;249
2023;5;1;6;735,9036144578313;183240;2,4089381720430105;23,604417670682732;249
2023;5;1;7;1936,4859437751004;482185;6,072623828647925;28,448795180722893;249
2023;5;1;8;2707,016064257028;674047;10,460174029451139;27,75602409638554;249
2023;5;1;9;2651,975903614458;660342;11,610887096774194;27,03714859437751;249
2023;5;1;10;2256,9518072289156;561981;8,157295850066935;28,02710843373494;249
2023;5;1;11;2215,4738955823295;551653;7,403614457831325;28,92871485943775;249
2023;5;1;12;2373,6666666666665;591043;7,671352074966533;28,72289156626506;249
2023;5;1;13;2499,74297188755;622436;8,261713520749664;28,825301204819276;249
2023;5;1;14;2862,373493975904;712731;9,625502008032129;28,90863453815261;249
2023;5;1;15;2788,3654618473897;694303;9,255354752342704;28,46987951807229;249
2023;5;1;16;2615,421686746988;651240;9,248326639892905;28,71385542168675;249
2023;5;1;17;2801,9036144578313;697674;10,4260374832664;28,82128514056225;249
2023;5;1;18;2942,4819277108436;732678;10,89892904953146;28,14156626506024;249
2023;5;1;19;2947,024096385542;733809;10,5545515394913;27,872489959839356;249
2023;5;1;20;2632,9156626506024;655596;8,487282463186078;28,8855421686747;249
2023;5;1;21;2206,9277108433735;549525;6,745649263721553;29,453815261044177;249
2023;5;1;22;1574,3453815261043;392012;4,896586345381526;29,443775100401606;249
2023;5;1;23;1249,8577235772357;307465;4,108843537414966;28,517276422764226;246
2023;5;2;0;955,7357723577236;235111;3,20578231292517;24,10569105691057;246
2023;5;2;1;630,6209677419355;156394;2,475033738191633;19,058467741935484;248
2023;5;2;2;414,60887096774195;102823;2,088498622589532;15,423387096774194;248
2023;5;2;3;357,4717741935484;88653;1,636145404663923;13,473790322580646;248
2023;5;2;4;349,9233870967742;86781;1,5051229508196722;12,88608870967742;248
2023;5;2;5;439,59437751004015;109459;1,661962365591398;16,079317269076306;249
2023;5;2;6;898,3092369477912;223679;2,859206989247312;25,347389558232933;249
2023;5;2;7;2192,1004016064257;545833;6,908938172043011;28,806224899598394;249
2023;5;2;8;3084,6506024096384;768078;11,96135752688172;28,18273092369478;249
2023;5;2;9;2992,1887550200804;745055;13,482118758434549;27,417670682730925;249
2023;5;2;10;2530,5381526104416;630104;9,396423751686909;27,639558232931726;249
2023;5;2;11;2454,3614457831327;611136;8,487516869095815;28,33433734939759;249
2023;5;2;12;2530,0361445783133;629979;8,429149797570851;28,184738955823292;249
2023;5;2;13;2652,738955823293;660532;8,69838056680162;28,454819277108435;249
2023;5;2;14;2990,008032128514;744512;9,788461538461538;28,40461847389558;249
2023;5;2;15;2929,0401606425703;729331;9,762145748987853;28,26706827309237;249
2023;5;2;16;2701,6425702811243;672709;9,182186234817813;28,57429718875502;249
2023;5;2;17;2903,610441767068;722999;10,882591093117409;27,926706827309236;249
2023;5;2;18;3020,4377510040163;752089;11,516531713900136;27,87449799196787;249
2023;5;2;19;3035,29718875502;755789;11,944331983805668;27,417670682730925;249
2023;5;2;20;2802,048;700512;9,382056451612904;28,115;250
2023;5;2;21;2356,696;589174;7,057459677419355;28,721;250
2023;5;2;22;1804,976;451244;5,648521505376344;28,423;250
2023;5;2;23;1503,2816326530613;368304;4,745179063360881;28,75;245
2023;5;3;0;1271,572864321608;253043;4,092216582064298;24,123115577889447;199
2023;5;3;1;1014,5909090909091;200889;3,443452380952381;21,556818181818183;198
2023;5;3;2;862,5454545454545;170784;3,1954467353951888;19,91540404040404;198
2023;5;3;3;816,060606060606;161580;2,7266156462585034;18,592171717171716;198
2023;5;3;4;809,99;161998;2,613215488215488;18,66125;200
2023;5;3;5;874,995;174999;2,7992424242424243;20,155;200
2023;5;3;6;1258,21;251642;3,9200507614213196;26,26625;200
2023;5;3;7;2263,81;452762;7,289141414141414;28,26125;200
2023;5;3;8;2991,04;598208;11,877104377104377;27,79875;200
2023;5;3;9;2912,1;582420;12,329545454545455;27,04875;200
2023;5;3;10;2561,56;512312;9,02889447236181;27,8625;200
2023;5;3;11;2548,64;509728;8,656197654941373;27,57375;200
2023;5;3;12;2589,34;517868;8,614166666666666;27,83125;200
2023;5;3;13;2721,915;544383;8,8075;28,0575;200
2023;5;3;14;3120,985;624197;10,2325;28,39625;200
2023;5;3;15;3130,045;626009;9,522083333333335;28,405;200
2023;5;3;16;2937,405;587481;9,747916666666667;28,755;200
2023;5;3;17;3118,54;623708;11,001666666666667;28,3625;200
2023;5;3;18;3322,23;664446;12,175;27,42375;200
2023;5;3;19;3250,27;650054;12,92375;26,98;200
2023;5;3;20;2981,195;596239;9,9825;28,3325;200
2023;5;3;21;2549,025;509805;7,535833333333334;28,99;200
2023;5;3;22;1794,29;358858;5,2625;29,09875;200
2023;5;3;23;1295,4646464646464;256502;4,0092592592592595;28,632575757575758;198
2023;5;4;0;1006,0858585858585;199205;3,5046296296296293;24,424242424242426;198
2023;5;4;1;644,8375634517766;127033;2,6907783417935702;18,851522842639593;197
2023;5;4;2;376,23737373737373;74495;1,710236886632826;15,737373737373737;198
2023;5;4;3;250,395;50079;1,3025;12,55;200
2023;5;4;4;225,995;45199;1,1909547738693467;10,98125;200
2023;5;4;5;317,31;63462;1,1454166666666665;15,64125;200
2023;5;4;6;812,715;162543;2,44875;25,22125;200
2023;5;4;7;2108,325;421665;6,2404166666666665;29,06125;200
2023;5;4;8;3093,29;618658;10,50125;28,855;200
2023;5;4;9;2869,405;573881;10,177916666666667;28,39125;200
2023;5;4;10;2483,785;496757;8,41625;28,5325;200
2023;5;4;11;2456,71;491342;8,139583333333334;28,40625;200
2023;5;4;12;2641,105;528221;8,76625;28,565;200
2023;5;4;13;2917,82;583564;9,455;28,65;200
2023;5;4;14;3354,215;670843;12,39875;28,34625;200
2023;5;4;15;3417,49;683498;12,938333333333333;26,72875;200
2023;5;4;16;3041,765;608353;10,97875;27,2775;200
2023;5;4;17;3104,115;620823;10,824166666666667;28,21;200
2023;5;4;18;3045,195;609039;11,010416666666668;27,68125;200
2023;5;4;19;2932,075;586415;10,47875;27,95;200
2023;5;4;20;2881,0;576200;9,645;28,28875;200
2023;5;4;21;2646,21;529242;8,315;28,5325;200
2023;5;4;22;2050,82;410164;6,098333333333334;28,63375;200
2023;5;4;23;1506,585;301317;4,569166666666667;28,4525;200
2023;5;5;0;1356,885;271377;3,954166666666667;28,065;200
2023;5;5;1;1133,745;226749;3,557916666666667;27,43;200
2023;5;5;2;752,835;150567;2,599326599326599;25,31;200
2023;5;5;3;593,035;118607;2,239847715736041;23,08375;200
2023;5;5;4;470,415;94083;1,8977272727272727;21,50625;200
2023;5;5;5;429,915;85983;1,7948073701842546;20,6475;200
2023;5;5;6;620,145;124029;2,0979899497487438;24,7775;200
2023;5;5;7;829,815;165963;2,5325;27,52;200
2023;5;5;8;1036,54;207308;2,883417508417508;27,9825;200
2023;5;5;9;1444,605;288921;3,976666666666667;28,81125;200
2023;5;5;10;1973,36;394672;5,52625;29,09375;200
2023;5;5;11;2282,755;456551;6,7820833333333335;28,515;200
2023;5;5;12;2455,43;491086;7,58125;28,29875;200
2023;5;5;13;2723,495;544699;8,474583333333333;28,31;200
2023;5;5;14;2765,47;553094;8,57125;28,34875;200
2023;5;5;15;2117,855;423571;6,25;28,905;200
2023;5;5;16;1706,515;341303;4,845416666666667;29,21625;200
2023;5;5;17;1951,66;390332;5,6345833333333335;28,8075;200
2023;5;5;18;2205,64;441128;6,685;28,79625;200
2023;5;5;19;2303,445;460689;7,475;28,61;200
2023;5;5;20;2310,62;462124;7,890833333333334;28,21;200
2023;5;5;21;2242,99;448598;7,675416666666666;28,54125;200
2023;5;5;22;1974,22;394844;6,302083333333334;28,85625;200
2023;5;5;23;1639,145;327829;5,410416666666666;28,67875;200
2023;5;6;0;1597,72;319544;5,10375;28,4025;200
2023;5;6;1;1403,83;280766;4,4875;28,245;200
2023;5;6;2;1110,56;222112;3,669583333333333;27,55875;200
2023;5;6;3;896,39;179278;3,1268844221105527;26,405;200
2023;5;6;4;745,5;149100;2,5690235690235688;25,06125;200
2023;5;6;5;663,54;132708;2,308080808080808;23,23875;200
2023;5;6;6;747,91;149582;2,2675879396984926;25,6025;200
2023;5;6;7;829,855;165971;2,286850921273032;26,5775;200
2023;5;6;8;853,58;170716;2,3153266331658293;27,23875;200
2023;5;6;9;1040,530303030303;206025;2,798223350253807;27,49621212121212;198
2023;5;6;10;1406,77;281354;3,805;28,2425;200
2023;5;6;11;1824,02;364804;5,353015075376884;28,78625;200
2023;5;6;12;2183,395;436679;6,315416666666667;28,6925;200
2023;5;6;13;2431,365;486273;7,307083333333334;28,59875;200
2023;5;6;14;2544,135;508827;7,704583333333334;28,76125;200
2023;5;6;15;2048,195;409639;6,044583333333334;28,62375;200
2023;5;6;16;1714,56;342912;4,914583333333333;28,95;200
2023;5;6;17;2053,025;410605;5,9725;28,76;200
2023;5;6;18;2308,41;461682;7,18875;28,86875;200
2023;5;6;19;2309,33;461866;7,429166666666666;28,295;200
2023;5;6;20;2132,82;426564;6,65375;28,71;200
2023;5;6;21;1994,205;398841;5,990833333333334;29,23125;200
2023;5;6;22;1732,85;346570;5,0475;29,38125;200
2023;5;6;23;1331,070351758794;264883;3,9757118927973196;28,78643216080402;199
2023;6;0;0;887,3838383838383;175702;2,9309764309764312;23,318181818181817;198
2023;6;0;1;506,45959595959596;100279;1,9204545454545454;19,34722222222222;198
2023;6;0;2;310,6969696969697;61518;1,409052453468697;15,758838383838384;198
2023;6;0;3;207,53768844221105;41300;0,9591750841750841;11,844221105527637;199
2023;6;0;4;180,8894472361809;35997;0,8943602693602694;12,06281407035176;199
2023;6;0;5;281,23;56246;1,03125;14,28625;200
2023;6;0;6;838,17;167634;2,658333333333333;24,7625;200
2023;6;0;7;2255,59;451118;6,89625;28,4575;200
2023;6;0;8;3050,86;610172;11,533333333333333;27,88875;200
2023;6;0;9;3002,05;600410;11,0925;27,9075;200
2023;6;0;10;2482,2;496440;8,334166666666667;28,39375;200
2023;6;0;11;2391,085;478217;7,71125;28,73875;200
2023;6;0;12;2486,41;497282;8,05125;28,76125;200
2023;6;0;13;2620,427135678392;521465;8,489949748743719;29,094221105527637;199
2023;6;0;14;3079,605;615921;9,958333333333334;28,9725;200
2023;6;0;15;3140,595;628119;9,740833333333335;28,95125;200
2023;6;0;16;2676,925;535385;8,22125;29,19875;200
2023;6;0;17;2827,975;565595;9,180416666666666;28,87375;200
2023;6;0;18;3119,15;623830;10,381666666666668;28,51;200
2023;6;0;19;3002,09;600418;9,53;28,4675;200
2023;6;0;20;2653,975;530795;7,827083333333333;29,0525;200
2023;6;0;21;2220,875;444175;6,32875;29,55625;200
2023;6;0;22;1663,195;332639;4,997083333333333;29,505;200
2023;6;0;23;1292,75;253379;3,8677721088435377;28,862244897959183;196
2023;6;1;0;990,7755102040817;194192;3,0357142857142856;23,292091836734695;196
2023;6;1;1;730,9040404040404;144719;2,5307239057239057;19,875;198
2023;6;1;2;576,6262626262626;114172;2,0837606837606835;16,213383838383837;198
2023;6;1;3;527,82;105564;1,9141541038525964;14,535;200
2023;6;1;4;533,93;106786;1,5925;15,37125;200
2023;6;1;5;632,625;126525;1,8833333333333335;18,2425;200
2023;6;1;6;1109,7;221940;2,975416666666667;26,285;200
2023;6;1;7;2345,755;469151;6,995416666666666;29,07;200
2023;6;1;8;3142,13;628426;11,643333333333333;28,2575;200
2023;6;1;9;3017,47;603494;12,595416666666667;27,42125;200
2023;6;1;10;2603,975;520795;8,885416666666666;28,07625;200
2023;6;1;11;2526,535;505307;8,20625;28,1825;200
2023;6;1;12;2598,5;519700;8,51625;28,09625;200
2023;6;1;13;2716,21;543242;8,7425;28,25875;200
2023;6;1;14;3216,115;643223;10,475;28,93;200
2023;6;1;15;3177,065;635413;9,8725;28,855;200
2023;6;1;16;2831,6;566320;9,265;28,875;200
2023;6;1;17;2909,835;581967;9,824166666666667;28,78;200
2023;6;1;18;3204,53;640906;10,89;28,04125;200
2023;6;1;19;3130,795;626159;9,85;28,29875;200
2023;6;1;20;2841,305;568261;8,32125;29,02;200
2023;6;1;21;2325,615;465123;6,539583333333334;29,44125;200
2023;6;1;22;1605,695;321139;4,659166666666667;29,63;200
2023;6;1;23;1201,9086294416243;236776;3,580372250423012;28,70431472081218;197
2023;6;2;0;821,2777777777778;162613;2,6940235690235688;21,536616161616163;198
2023;6;2;1;460,9949494949495;91277;1,8308080808080809;16,47222222222222;198
2023;6;2;2;250,45454545454547;49590;1,455128205128205;12,69949494949495;198
2023;6;2;3;181,2020202020202;35878;1,0970085470085469;10,522727272727273;198
2023;6;2;4;171,69;34338;0,8005050505050505;10,48;200
2023;6;2;5;280,265;56053;1,01375;13,725;200
2023;6;2;6;858,76;171752;2,420875420875421;25,48375;200
2023;6;2;7;2310,435;462087;6,964166666666666;28,9925;200
2023;6;2;8;3164,635;632927;12,663333333333332;27,32625;200
2023;6;2;9;3012,385;602477;13,5725;26,61125;200
2023;6;2;10;2562,13;512426;9,83625;27,27125;200
2023;6;2;11;2501,29;500258;8,50375;28,43625;200
2023;6;2;12;2598,585;519717;8,395416666666666;28,43;200
2023;6;2;13;2720,52;544104;8,892083333333334;28,765;200
2023;6;2;14;3264,385;652877;10,915;28,64375;200
2023;6;2;15;3269,405;653881;10,78375;28,37625;200
2023;6;2;16;2900,722513089005;554038;9,38001745200698;30,020942408376964;191
2023;6;2;17;2968,3507853403144;566955;10,756544502617801;29,49869109947644;191
2023;6;2;18;3281,8586387434557;626835;11,581151832460733;28,945026178010473;191
2023;6;2;19;3332,7068062827225;636547;11,527050610820243;28,918848167539267;191
2023;6;2;20;2980,7958115183246;569332;9,395287958115183;29,35994764397906;191
2023;6;2;21;2448,638743455497;467690;7,102094240837697;30,07198952879581;191
2023;6;2;22;1717,7239583333333;329803;5,514322916666667;30,545572916666668;192
2023;6;2;23;1271,1675126903554;250420;3,9805414551607443;28,04187817258883;197
2023;6;3;0;946,570281124498;235696;3,1188085676037485;22,630522088353413;249
2023;6;3;1;574,948;143737;2,109772423025435;18,084;250
2023;6;3;2;317,552;79388;1,641566265060241;14,758;250
2023;6;3;3;219,268;54817;1,25944669365722;12,242;250
2023;6;3;4;205,9;51475;0,9878542510121457;11,161;250
2023;6;3;5;306,56;76640;1,1680107526881722;13,316;250
2023;6;3;6;765,144;191286;2,4153171390013495;20,523;250
2023;6;3;7;1950,924;487731;5,928763440860215;24,277;250
2023;6;3;8;2796,54;699135;10,475806451612904;23,826;250
2023;6;3;9;2729,456;682364;11,081653225806452;23,731;250
2023;6;3;10;2340,1967871485945;582709;8,35483870967742;25,268072289156628;249
2023;6;3;11;2500,856;625214;8,561;28,503;250
2023;6;3;12;2584,70281124498;643591;8,477911646586346;28,538152610441767;249
2023;6;3;13;2780,128;695032;9,052333333333333;28,8;250
2023;6;3;14;3258,956;814739;10,682666666666666;28,873;250
2023;6;3;15;3277,052;819263;10,563;28,634;250
2023;6;3;16;2882,896;720724;9,479;28,671;250
2023;6;3;17;3038,584;759646;10,321;28,509;250
2023;6;3;18;3225,748;806437;11,73;27,697;250
2023;6;3;19;3231,88;807970;11,519333333333334;27,23;250
2023;6;3;20;2962,26;740565;9,172;28,131;250
2023;6;3;21;2526,372;631593;7,402;28,533;250
2023;6;3;22;1793,492;448373;5,014;28,747;250
2023;6;3;23;1367,3739837398373;336374;3,9590108401084008;28,267276422764226;246
2023;6;4;0;1039,8629032258063;257886;3,6307123655913975;22,041330645161292;248
2023;6;4;1;702,0813008130082;172712;2,61734693877551;19,295731707317074;246
2023;6;4;2;426,5443548387097;105783;1,7621951219512195;16,530241935483872;248
2023;6;4;3;303,2690763052209;75514;1,4492607526881722;14,474899598393574;249
2023;6;4;4;269,304;67326;1,2302543507362784;13,694;250
2023;6;4;5;368,332;92083;1,4043333333333332;17,084;250
2023;6;4;6;910,58;227645;2,6743951612903225;26,117;250
2023;6;4;7;2112,044;528011;6,3;29,434;250
2023;6;4;8;2943,064;735766;9,87;28,927;250
2023;6;4;9;2788,108;697027;9,477;28,951;250
2023;6;4;10;2450,048;612512;7,954;28,832;250
2023;6;4;11;2503,244;625811;8,129;28,663;250
2023;6;4;12;2643,86;660965;8,623666666666667;28,759;250
2023;6;4;13;2906,328;726582;9,626333333333333;28,611;250
2023;6;4;14;3424,852;856213;12,943;28,193;250
2023;6;4;15;3486,044;871511;12,906;26,929;250
2023;6;4;16;2922,416;730604;9,727;27,749;250
2023;6;4;17;2901,376;725344;9,637;28,321;250
2023;6;4;18;2971,744;742936;9,402333333333335;28,054;250
2023;6;4;19;2856,304;714076;9,39;27,721;250
2023;6;4;20;2776,708;694177;8,816666666666666;28,087;250
2023;6;4;21;2522,872;630718;7,414666666666667;28,452;250
2023;6;4;22;1931,368;482842;5,499333333333333;28,79;250
2023;6;4;23;1484,308;371077;4,24;28,412;250
2023;6;5;0;1319,925;263985;3,7129166666666666;28,1975;200
2023;6;5;1;1156,58;231316;3,4033333333333333;27,12625;200
2023;6;5;2;836,255;167251;2,6454166666666667;26,84;200
2023;6;5;3;616,73;123346;2,1383333333333336;24,27625;200
2023;6;5;4;490,56;98112;1,8509212730318256;22,15625;200
2023;6;5;5;466,33;93266;1,6908333333333334;22,28375;200
2023;6;5;6;643,635;128727;2,0747863247863245;25,8625;200
2023;6;5;7;861,48;172296;2,5263819095477387;27,33;200
2023;6;5;8;1118,375;223675;3,1134840871021776;28,1275;200
2023;6;5;9;1488,305;297661;4,260833333333333;28,825;200
2023;6;5;10;1919,515;383903;5,300416666666666;28,995;200
2023;6;5;11;2207,93;441586;6,20875;28,5375;200
2023;6;5;12;2507,36;501472;7,58875;28,3175;200
2023;6;5;13;2587,46;517492;7,849583333333333;28,33125;200
2023;6;5;14;2646,94;529388;7,76375;28,64375;200
2023;6;5;15;2041,255;408251;5,825833333333334;29,2275;200
2023;6;5;16;1621,225;324245;4,5725;28,97;200
2023;6;5;17;1979,53;395906;5,464583333333334;28,66375;200
2023;6;5;18;2213,355;442671;6,7225;28,55125;200
2023;6;5;19;2289,945;457989;6,829166666666667;28,6375;200
2023;6;5;20;2376,225;475245;7,315;28,33625;200
2023;6;5;21;2310,23;462046;6,79625;28,91625;200
2023;6;5;22;1977,535;395507;5,885416666666666;28,72375;200
2023;6;5;23;1577,895;315579;4,8175;28,70875;200
2023;6;6;0;1493,27;298654;4,434583333333333;28,3175;200
2023;6;6;1;1254,79;250958;3,7875;27,4625;200
2023;6;6;2;909,45;181890;2,8965661641541036;27,07375;200
2023;6;6;3;702,945;140589;2,4112227805695143;26,12875;200
2023;6;6;4;534,59;106918;2,036512027491409;23,6525;200
2023;6;6;5;482,02;96404;1,7731958762886597;22,8775;200
2023;6;6;6;569,485;113897;1,8307692307692307;24,465;200
2023;6;6;7;652,2;130440;2,013745704467354;25,38375;200
2023;6;6;8;724,695;144939;2,1460481099656357;25,59625;200
2023;6;6;9;907,19;181438;2,7607388316151207;26,45875;200
2023;6;6;10;1225,4;245080;3,7854700854700853;26,6825;200
2023;6;6;11;1764,33;352866;5,18125;27,98875;200
2023;6;6;12;2168,04;433608;6,38875;28,3825;200
2023;6;6;13;2403,6;480720;7,1570833333333335;28,51625;200
2023;6;6;14;2478,62;495724;7,2525;28,65875;200
2023;6;6;15;1873,145;374629;5,5408333333333335;29,21;200
2023;6;6;16;1603,625;320725;4,775416666666667;29,0675;200
2023;6;6;17;1959,915;391983;5,50875;28,945;200
2023;6;6;18;2193,385;438677;6,484166666666666;28,67;200
2023;6;6;19;2209,48;441896;6,830416666666666;28,1175;200
2023;6;6;20;2201,835;440367;7,004166666666666;28,17;200
2023;6;6;21;2176,665;435333;7,024583333333334;28,45375;200
2023;6;6;22;1801,365;360273;5,465416666666666;29,2025;200
2023;6;6;23;1289,8826530612246;252817;3,795918367346939;28,6734693877551;196
2023;7;0;0;1006,6138211382114;247627;2,9081978319783195;26,428861788617887;246
2023;7;0;1;569,7096774193549;141288;2,153225806451613;23,830645161290324;248
2023;7;0;2;330,16064257028114;82210;1,5314207650273224;19,7570281124498;249
2023;7;0;3;216,75903614457832;53973;1,11646174863388;15,00301204819277;249
2023;7;0;4;192,80722891566265;48009;0,9527665317139001;14,783132530120483;249
2023;7;0;5;272,556;68139;1,0495218579234973;16,754;250
2023;7;0;6;839,776;209944;2,5331978319783195;25,288;250
2023;7;0;7;2049,988;512497;5,963666666666667;29,144;250
2023;7;0;8;2729,504;682376;8,628666666666666;28,88;250
2023;7;0;9;2555,504;638876;8,704333333333334;28,949;250
2023;7;0;10;2259,34;564835;7,060333333333333;28,736;250
2023;7;0;11;2245,832;561458;6,939333333333333;28,707;250
2023;7;0;12;2335,644;583911;7,261;28,433;250
2023;7;0;13;2433,66;608415;7,499666666666667;28,779;250
2023;7;0;14;2850,24;712560;8,883;29,27;250
2023;7;0;15;3016,252;754063;9,182;29,028;250
2023;7;0;16;2547,58;636895;7,607;29,077;250
2023;7;0;17;2488,868;622217;7,480666666666667;28,738;250
2023;7;0;18;2668,292;667073;8,203;28,752;250
2023;7;0;19;2601,496;650374;8,337;28,474;250
2023;7;0;20;2361,88;590470;6,892333333333333;29,109;250
2023;7;0;21;1979,344;494836;5,665;29,312;250
2023;7;0;22;1448,852;362213;4,280666666666667;29,383;250
2023;7;0;23;1072,461224489796;262753;3,2819727891156463;28,366326530612245;245
2023;7;1;0;757,5959595959596;150004;2,350589225589226;24,24621212121212;198
2023;7;1;1;441,1959798994975;87798;1,7622053872053873;19,87939698492462;199
2023;7;1;2;230,83417085427135;45936;1,3156565656565657;14,410804020100503;199
2023;7;1;3;156,35;31270;0,955160744500846;11,11875;200
2023;7;1;4;163,965;32793;0,9515993265993266;11,80125;200
2023;7;1;5;270,89;54178;1,0104690117252932;16,18875;200
2023;7;1;6;850,215;170043;2,5280569514237854;24,74;200
2023;7;1;7;2151,065;430213;6,428333333333334;29,13;200
2023;7;1;8;2909,125;581825;9,621666666666666;28,4075;200
2023;7;1;9;2703,23;540646;9,83875;28,12875;200
2023;7;1;10;2347,055;469411;7,864166666666666;28,35125;200
2023;7;1;11;2321,645;464329;7,2925;28,62125;200
2023;7;1;12;2442,66;488532;7,4275;28,65625;200
2023;7;1;13;2498,625;499725;7,691666666666666;28,78;200
2023;7;1;14;2995,165;599033;9,72125;28,94375;200
2023;7;1;15;3075,405;615081;9,61625;28,84125;200
2023;7;1;16;2693,885;538777;8,429583333333333;28,715;200
2023;7;1;17;2672,025;534405;8,003333333333334;28,9275;200
2023;7;1;18;2845,9;569180;8,715;28,7175;200
2023;7;1;19;2745,71;549142;8,83125;28,28875;200
2023;7;1;20;2550,245;510049;7,46;28,97375;200
2023;7;1;21;2140,535;428107;6,2716666666666665;29,3775;200
2023;7;1;22;1539,35;307870;4,545416666666667;29,26875;200
2023;7;1;23;1173,0714285714287;229922;3,4910714285714284;28,783163265306122;196
2023;7;2;0;864,6111111111111;171193;2,5545685279187818;24,723484848484848;198
2023;7;2;1;502,2070707070707;99437;2,0253807106598987;20,943181818181817;198
2023;7;2;2;271,81;54362;1,2533500837520937;16,96625;200
2023;7;2;3;178,19;35638;0,9890572390572391;12,57875;200
2023;7;2;4;162,51;32502;0,7927241962774957;12,095;200
2023;7;2;5;251,635;50327;0,9511784511784512;15,4825;200
2023;7;2;6;826,39;165278;2,3115577889447234;25,565;200
2023;7;2;7;2145,895;429179;6,225416666666666;29,07625;200
2023;7;2;8;2939,305;587861;10,185;28,15875;200
2023;7;2;9;2705,175;541035;9,216666666666667;28,58;200
2023;7;2;10;2330,005;466001;7,520416666666666;28,43375;200
2023;7;2;11;2324,91;464982;7,3220833333333335;28,46625;200
2023;7;2;12;2421,41;484282;7,613333333333333;28,73125;200
2023;7;2;13;2581,41;516282;7,97375;28,8025;200
2023;7;2;14;2989,71;597942;9,412916666666666;28,985;200
2023;7;2;15;3142,56;628512;10,77375;28,16125;200
2023;7;2;16;2778,245;555649;8,5775;28,70125;200
2023;7;2;17;2709,56;541912;8,06625;28,87375;200
2023;7;2;18;2889,26;577852;8,9025;28,7;200
2023;7;2;19;2812,975;562595;8,4375;28,59375;200
2023;7;2;20;2582,275;516455;7,6575;28,915;200
2023;7;2;21;2188,86;437772;6,36625;29,1575;200
2023;7;2;22;1618,51;323702;5,015833333333333;28,93125;200
2023;7;2;23;1270,472081218274;250283;4,021573604060913;28,341370558375633;197
2023;7;3;0;1050,4747474747476;207994;3,3062605752961085;24,925505050505052;198
2023;7;3;1;633,6262626262626;125458;2,3895939086294415;22,593434343434343;198
2023;7;3;2;358,7788944723618;71397;1,8582474226804124;18,059045226130653;199
2023;7;3;3;237,295;47459;1,4843485617597292;14,57625;200
2023;7;3;4;218,135;43627;1,2234848484848484;14,28875;200
2023;7;3;5;304,45;60890;1,330820770519263;17,19875;200
2023;7;3;6;866,32;173264;2,7279166666666668;25,505;200
2023;7;3;7;2096,51;419302;5,8116666666666665;29,385;200
2023;7;3;8;2852,385;570477;9,26125;29,1075;200
2023;7;3;9;2700,075;540015;8,780416666666666;28,89875;200
2023;7;3;10;2319,26;463852;7,310833333333334;28,34125;200
2023;7;3;11;2374,15;474830;7,41625;28,5425;200
2023;7;3;12;2437,32;487464;7,511666666666667;28,615;200
2023;7;3;13;2567,140703517588;510861;8,117252931323282;28,923366834170853;199
2023;7;3;14;2983,32;596664;9,3625;28,98375;200
2023;7;3;15;3075,935;615187;9,727083333333333;28,4425;200
2023;7;3;16;2721,58;544316;8,38125;28,90875;200
2023;7;3;17;2714,97;542994;8,25125;28,7875;200
2023;7;3;18;2868,35;573670;9,01375;28,43125;200
2023;7;3;19;2829,39;565878;8,986666666666666;28,2275;200
2023;7;3;20;2687,485;537497;8,140416666666667;28,86375;200
2023;7;3;21;2283,55;456710;6,745;28,89375;200
2023;7;3;22;1669,29;333858;4,964166666666667;29,145;200
2023;7;3;23;1312,5969387755101;257269;4,245748299319728;28,572704081632654;196
2023;7;4;0;1144,9848484848485;226707;4,408629441624366;24,59090909090909;198
2023;7;4;1;768,445;153689;2,9903685092127303;22,85375;200
2023;7;4;2;486,94;97388;1,9204166666666667;20,32625;200
2023;7;4;3;348,275;69655;1,5476190476190474;17,3575;200
2023;7;4;4;292,005;58401;1,513959390862944;15,67125;200
2023;7;4;5;360,51;72102;1,3425460636515913;17,80125;200
2023;7;4;6;881,74;176348;2,6115319865319866;25,47125;200
2023;7;4;7;1940,535;388107;5,413316582914573;28,96125;200
2023;7;4;8;2533,17;506634;7,48125;29,35125;200
2023;7;4;9;2424,855;484971;7,664583333333334;29,1275;200
2023;7;4;10;2225,99;445198;7,0425;28,92;200
2023;7;4;11;2331,195;466239;7,15375;28,635;200
2023;7;4;12;2486,58;497316;7,66;28,80875;200
2023;7;4;13;2670,33;534066;8,415;28,60875;200
2023;7;4;14;3154,255;630851;10,123333333333333;28,47;200
2023;7;4;15;3172,415;634483;10,4;28,2575;200
2023;7;4;16;2589,275;517855;7,875;28,805;200
2023;7;4;17;2518,14;503628;7,8775;28,97375;200
2023;7;4;18;2505,515;501103;7,6433333333333335;28,80625;200
2023;7;4;19;2445,69;489138;7,573333333333334;28,5125;200
2023;7;4;20;2457,725;491545;7,15875;28,8725;200
2023;7;4;21;2221,1;444220;6,512083333333334;28,82125;200
2023;7;4;22;1695,905;339181;5,05625;28,71875;200
2023;7;4;23;1302,925;260585;3,910416666666667;28,22875;200
2023;7;5;0;1290,632;322658;3,693;27,266;250
2023;7;5;1;1061,496;265374;3,1736666666666666;27,097;250
2023;7;5;2;759,76;189940;2,461;25,738;250
2023;7;5;3;580,508;145127;2,110433604336043;23,469;250
2023;7;5;4;459,552;114888;1,6824596774193548;21,935;250
2023;7;5;5;431,844;107961;1,7280701754385963;20,732;250
2023;7;5;6;614,848;153712;2,0036666666666667;23,859;250
2023;7;5;7;788,948;197237;2,39190093708166;26,182;250
2023;7;5;8;954,712;238678;2,740294511378849;27,158;250
2023;7;5;9;1269,992;317498;3,4883333333333333;28,419;250
2023;7;5;10;1557,276;389319;4,409666666666667;28,559;250
2023;7;5;11;1817,852;454463;5,206333333333333;28,331;250
2023;7;5;12;2035,68;508920;5,819333333333333;28,469;250
2023;7;5;13;2140,844;535211;6,111333333333333;28,699;250
2023;7;5;14;2113,284;528321;5,909;29,127;250
2023;7;5;15;1671,7;417925;4,641333333333333;29,18;250
2023;7;5;16;1420,236;355059;3,8676666666666666;28,556;250
2023;7;5;17;1589,092;397273;4,342;28,086;250
2023;7;5;18;1751,096;437774;4,964666666666667;28,216;250
2023;7;5;19;1875,716;468929;5,322333333333333;28,405;250
2023;7;5;20;1989,824;497456;5,844;27,995;250
2023;7;5;21;2005,064;501266;5,707;27,832;250
2023;7;5;22;1726,064;431516;4,751333333333333;28,189;250
2023;7;5;23;1460,908;365227;4,114666666666667;27,943;250
2023;7;6;0;1372,7;343175;3,9633333333333334;27,42;250
2023;7;6;1;1219,82;304955;3,6403333333333334;27,319;250
2023;7;6;2;895,32;223830;2,8553333333333333;26,528;250
2023;7;6;3;655,744;163936;2,2283333333333335;23,987;250
2023;7;6;4;513,844;128461;1,8513333333333333;22,438;250
2023;7;6;5;441,928;110482;1,778231292517007;21,176;250
2023;7;6;6;554,2;138550;1,8125;24,016;250
2023;7;6;7;654,764;163691;2,1168005354752344;25,71;250
2023;7;6;8;683,544;170886;2,033266129032258;26,266;250
2023;7;6;9;869,064;217266;2,6706827309236947;26,785;250
2023;7;6;10;1227,996;306999;3,541;27,852;250
2023;7;6;11;1622,52;405630;4,561333333333333;28,52;250
2023;7;6;12;1898,368;474592;5,391333333333333;28,233;250
2023;7;6;13;2010,624;502656;5,623333333333333;28,496;250
2023;7;6;14;1988,112;497028;5,469333333333333;28,887;250
2023;7;6;15;1570,86;392715;4,412666666666667;28,722;250
2023;7;6;16;1386,36;346590;3,799;28,709;250
2023;7;6;17;1561,276;390319;4,243333333333333;28,768;250
2023;7;6;18;1764,572;441143;4,823666666666667;28,508;250
2023;7;6;19;1899,528;474882;5,4446666666666665;28,383;250
2023;7;6;20;1941,96;485490;5,529333333333333;28,264;250
2023;7;6;21;1902,8;475700;5,278;28,354;250
2023;7;6;22;1654,532;413633;4,750333333333333;28,312;250
2023;7;6;23;1396,073469387755;342038;3,777891156462585;28,627551020408163;245
2023;8;0;0;851,8994974874372;169528;2,583756345177665;25,644472361809044;199
2023;8;0;1;593,8535353535353;117583;1,9289965986394557;23,071969696969695;198
2023;8;0;2;428,22;85644;1,5972927241962775;19,7375;200
2023;8;0;3;361,51;72302;1,3223350253807107;17,11625;200
2023;8;0;4;331,985;66397;1,0833333333333335;16,3475;200
2023;8;0;5;394,59;78918;1,0858714043993232;18,76625;200
2023;8;0;6;720,92;144184;2,0307239057239057;23,9425;200
2023;8;0;7;1385,355;277071;3,6271043771043767;27,88375;200
2023;8;0;8;1758,92;351784;4,866582491582491;28,495;200
2023;8;0;9;1631,15;326230;4,581649831649831;28,31;200
2023;8;0;10;1558,61;311722;4,505050505050505;28,54625;200
2023;8;0;11;1625,895;325179;4,836279461279461;28,19625;200
2023;8;0;12;1734,3718592964824;345140;5,252961082910321;28,542713567839197;199
2023;8;0;13;1755,105527638191;349266;5,172165820642978;28,554020100502512;199
2023;8;0;14;1986,34;397268;5,904882154882155;28,64125;200
2023;8;0;15;2089,82;417964;5,978535353535354;28,59875;200
2023;8;0;16;1619,705;323941;4,384680134680134;28,585;200
2023;8;0;17;1667,1;333420;4,712121212121212;28,34875;200
2023;8;0;18;1816,895;363379;5,151094276094276;28,465;200
2023;8;0;19;1752,495;350499;5,194865319865319;28,57375;200
2023;8;0;20;1674,045;334809;4,8106060606060606;28,5675;200
2023;8;0;21;1544,455;308891;4,297558922558922;28,47625;200
2023;8;0;22;1251,56;250312;3,489057239057239;28,36;200
2023;8;0;23;995,3622448979592;195091;2,802245250431779;27,878826530612244;196
2023;8;1;0;777,8704453441295;192134;2,303741496598639;25,08400809716599;247
2023;8;1;1;553,9314516129032;137375;1,94375;22,813508064516128;248
2023;8;1;2;399,27710843373495;99420;1,5709876543209877;19,41164658634538;249
2023;8;1;3;331,64658634538154;82580;1,2349726775956282;15,839357429718875;249
2023;8;1;4;318,216;79554;1,1295546558704452;16,068;250
2023;8;1;5;355,66;88915;1,0719086021505375;16,927;250
2023;8;1;6;696,497975708502;172035;1,7427685950413223;23,987854251012145;247
2023;8;1;7;1371,0;338637;3,5;27,991902834008098;247
2023;8;1;8;1751,54;437885;4,872311827956989;27,994;250
2023;8;1;9;1666,392;416598;4,89616935483871;28,091;250
2023;8;1;10;1592,84;398210;4,690188172043011;27,919;250
2023;8;1;11;1673,648;418412;4,998319892473118;27,961;250
2023;8;1;12;1766,364;441591;5,257056451612903;28,352;250
2023;8;1;13;1820,292;455073;5,261760752688172;28,317;250
2023;8;1;14;2071,836;517959;6,027217741935484;28,52;250
2023;8;1;15;2138,584;534646;6,026209677419355;28,619;250
2023;8;1;16;1700,58;425145;4,635752688172043;28,509;250
2023;8;1;17;1715,784;428946;4,778225806451613;28,631;250
2023;8;1;18;1885,504;471376;5,321572580645161;28,558;250
2023;8;1;19;1824,064;456016;5,266801075268818;28,489;250
2023;8;1;20;1723,444;430861;4,84375;28,512;250
2023;8;1;21;1544,64;386160;4,342741935483871;28,399;250
2023;8;1;22;1301,912;325478;3,709341397849462;28,777;250
2023;8;1;23;1019,5284552845528;250804;2,9067622950819674;27,659552845528456;246
2023;8;2;0;793,3481781376519;195957;2,2961065573770494;24,715587044534413;247
2023;8;2;1;538,2753036437247;132954;1,866326530612245;21,635627530364374;247
2023;8;2;2;368,6706827309237;91799;1,3652263374485596;17,863453815261042;249
2023;8;2;3;306,8313253012048;76401;1,0426829268292683;14,823293172690763;249
2023;8;2;4;288,924;72231;0,9779810298102981;14,373;250
2023;8;2;5;359,312;89828;1,1081989247311828;17,376;250
2023;8;2;6;764,98;191245;2,069556451612903;24,383;250
2023;8;2;7;1517,6;379400;3,895497311827957;28,455;250
2023;8;2;8;1997,816;499454;5,381720430107527;29,29;250
2023;8;2;9;1806,72;451680;5,20866935483871;28,653;250
2023;8;2;10;1691,68;422920;4,93111559139785;28,356;250
2023;8;2;11;1757,844;439461;5,383736559139785;28,025;250
2023;8;2;12;1819,4578313253012;453045;5,4895411605937925;28,27309236947791;249
2023;8;2;13;1889,084;472271;5,545698924731182;28,536;250
2023;8;2;14;2224,652;556163;6,45866935483871;28,596;250
2023;8;2;15;2368,336;592084;6,726142473118279;28,891;250
2023;8;2;16;1853,224;463306;5,140456989247311;28,682;250
2023;8;2;17;1854,012;463503;5,1875;28,616;250
2023;8;2;18;2010,42;502605;5,853158602150537;28,528;250
2023;8;2;19;1939,468;484867;5,694892473118279;28,689;250
2023;8;2;20;1813,148;453287;5,259744623655914;28,589;250
2023;8;2;21;1576,64;394160;4,406586021505376;28,604;250
2023;8;2;22;1269,236;317309;3,602150537634409;28,253;250
2023;8;2;23;1027,0522088353414;255736;3,0374493927125505;27,82128514056225;249
2023;8;3;0;814,1887550200803;202733;2,3913630229419702;24,73895582329317;249
2023;8;3;1;567,284;141821;1,9290994623655915;21,976;250
2023;8;3;2;396,764;99191;1,5492577597840758;19,053;250
2023;8;3;3;320,6;80150;1,1568027210884355;15,905;250
2023;8;3;4;304,036;76009;0,9610215053763441;15,716;250
2023;8;3;5;362,068;90517;1,0512820512820513;17,899;250
2023;8;3;6;754,124;188531;2,1253360215053765;23,927;250
2023;8;3;7;1511,456;377864;4,043010752688172;28,788;250
2023;8;3;8;1946,036;486509;5,513440860215053;28,998;250
2023;8;3;9;1781,484;445371;5,195900537634408;28,77;250
2023;8;3;10;1690,528;422632;4,961021505376344;28,327;250
2023;8;3;11;1651,0441767068273;411110;5,206815114709851;28,487951807228917;249
2023;8;3;12;1835,149193548387;455117;5,549119241192412;28,507056451612904;248
2023;8;3;13;1901,264;475316;5,516465053763441;28,541;250
2023;8;3;14;2198,804;549701;6,302755376344086;28,919;250
2023;8;3;15;2365,244;591311;6,844086021505376;28,864;250
2023;8;3;16;1871,472;467868;5,277217741935484;28,673;250
2023;8;3;17;1873,688;468422;5,258400537634408;28,5;250
2023;8;3;18;2035,904;508976;5,735551075268818;28,764;250
2023;8;3;19;1964,112;491028;5,6875;28,634;250
2023;8;3;20;1840,108;460027;5,211357526881721;28,649;250
2023;8;3;21;1642,316;410579;4,667674731182795;28,764;250
2023;8;3;22;1349,68;337420;3,9613575268817205;28,656;250
2023;8;3;23;1081,2369477911648;269228;3,2513495276653175;27,829317269076306;249
2023;8;4;0;799,1573604060914;157434;2,410744500846024;25,151015228426395;197
2023;8;4;1;464,9246231155779;92520;1,6893939393939394;20,84170854271357;199
2023;8;4;2;271,555;54311;1,2703045685279188;16,72625;200
2023;8;4;3;197,51;39502;1,0439698492462313;13,50125;200
2023;8;4;4;167,135;33427;0,85;12,3025;200
2023;8;4;5;244,895;48979;0,978956228956229;15,23625;200
2023;8;4;6;674,71;134942;1,8954166666666665;23,59125;200
2023;8;4;7;1406,675;281335;3,632083333333333;28,12875;200
2023;8;4;8;1798,03;359606;4,891666666666667;28,95125;200
2023;8;4;9;1650,815;330163;4,7091666666666665;28,315;200
2023;8;4;10;1641,87;328374;4,91875;27,445;200
2023;8;4;11;1719,745;343949;5,005416666666667;27,6175;200
2023;8;4;12;1869,713567839196;372073;5,593802345058627;28,204773869346734;199
2023;8;4;13;1961,305;392261;6,160833333333334;27,8575;200
2023;8;4;14;2436,12;487224;7,12;28,72625;200
2023;8;4;15;2345,845;469169;6,411666666666666;29,25375;200
2023;8;4;16;1734,44;346888;4,785416666666666;29,19375;200
2023;8;4;17;1706,62;341324;4,914583333333333;28,83;200
2023;8;4;18;1786,25;357250;5,005;28,56875;200
2023;8;4;19;1745,86;349172;5,057916666666667;28,84;200
2023;8;4;20;1720,205;344041;5,2925;28,81;200
2023;8;4;21;1650,63;330126;4,653333333333333;28,565;200
2023;8;4;22;1351,72;270344;3,876666666666667;28,1725;200
2023;8;4;23;1042,0150753768844;207361;3,036850921273032;27,6821608040201;199
2023;8;5;0;907,98;181596;2,847916666666667;26,725;200
2023;8;5;1;658,51;131702;2,1570833333333335;25,15125;200
2023;8;5;2;444,67;88934;1,678391959798995;22,84;200
2023;8;5;3;311,54;62308;1,2832491582491583;18,3525;200
2023;8;5;4;267,58793969849245;53250;1,1734693877551021;17,87939698492462;199
2023;8;5;5;278,02010050251255;55326;1,0720268006700169;18,24497487437186;199
2023;8;5;6;454,735;90947;1,4404166666666667;21,8;200
2023;8;5;7;612,025;122405;1,9225;24,66375;200
2023;8;5;8;710,77;142154;2,1533333333333333;25,405;200
2023;8;5;9;921,59;184318;2,714225589225589;26,70125;200
2023;8;5;10;1152,9052631578948;219052;3,155263157894737;29,17105263157895;190
2023;8;5;11;1302,5867346938776;255307;3,532738095238095;28,417091836734695;196
2023;8;5;12;1490,8743718592964;296684;3,97822445561139;27,757537688442213;199
2023;8;5;13;1461,08;292216;4,363333333333333;28,2825;200
2023;8;5;14;1562,915;312583;4,35125;28,6225;200
2023;8;5;15;1289,725;257945;3,6525;28,60125;200
2023;8;5;16;1076,79;215358;3,169583333333333;27,84375;200
2023;8;5;17;1164,845;232969;3,437604690117253;27,6025;200
2023;8;5;18;1306,13;261226;3,7975;28,0775;200
2023;8;5;19;1421,935;284387;4,0720833333333335;27,9375;200
2023;8;5;20;1530,635;306127;4,548333333333333;28,36;200
2023;8;5;21;1534,22;306844;4,486666666666667;28,61625;200
2023;8;5;22;1373,625;274725;4,051666666666667;28,19375;200
2023;8;5;23;1146,06;229212;3,4082491582491583;27,58875;200
2023;8;6;0;1035,675;207135;3,116582491582492;26,805;200
2023;8;6;1;841,185;168237;2,6443602693602695;26,13;200
2023;8;6;2;659,62;131924;2,1790598290598293;24,84;200
2023;8;6;3;542,87;108574;1,917087542087542;22,66375;200
2023;8;6;4;473,915;94783;1,7049663299663298;20,435;200
2023;8;6;5;446,8;89360;1,605218855218855;20,0;200
2023;8;6;6;561,14;112228;1,52580372250423;22,89125;200
2023;8;6;7;629,23;125846;1,9631979695431472;24,19125;200
2023;8;6;8;666,21;133242;1,946969696969697;25,47375;200
2023;8;6;9;761,41;152282;2,2167508417508417;25,40125;200
2023;8;6;10;968,12;193624;2,779040404040404;26,69625;200
2023;8;6;11;1211,01;242202;3,4225589225589226;27,295;200
2023;8;6;12;1363,545;272709;3,8207070707070705;27,5525;200
2023;8;6;13;1442,34;288468;3,994949494949495;27,97;200
2023;8;6;14;1433,38;286676;3,8261784511784516;27,9275;200
2023;8;6;15;1247,09;249418;3,525252525252525;27,6425;200
2023;8;6;16;1115,03;223006;3,1872895622895623;27,855;200
2023;8;6;17;1195,16;239032;3,3038720538720536;27,8575;200
2023;8;6;18;1324,785;264957;3,7676767676767677;27,87875;200
2023;8;6;19;1439,195;287839;4,0256734006734005;28,01;200
2023;8;6;20;1507,67;301534;4,247474747474747;28,195;200
2023;8;6;21;1526,995;305399;4,396043771043771;28,3225;200
2023;8;6;22;1384,51;276902;3,915824915824916;28,33875;200
2023;8;6;23;1113,455;222691;3,1788720538720536;27,6675;200
2023;9;0;0;822,894472361809;163756;2,5218855218855216;25,030150753768844;199
2023;9;0;1;408,7035175879397;81332;1,7654941373534336;20,56281407035176;199
2023;9;0;2;228,745;45749;1,374788494077834;16,33375;200
2023;9;0;3;165,82;33164;0,9363484087102178;11,99;200
2023;9;0;4;176,895;35379;0,6649831649831649;13,17375;200
2023;9;0;5;285,025;57005;0,9941077441077442;17,8025;200
2023;9;0;6;847,515;169503;2,7248743718592965;24,255;200
2023;9;0;7;2177,06;435412;7,209798994974874;27,01125;200
2023;9;0;8;3082,835;616567;11,69375;26,83625;200
2023;9;0;9;2878,75;575750;11,557083333333333;26,92875;200
2023;9;0;10;2350,875;470175;8,203333333333333;28,18375;200
2023;9;0;11;2320,305;464061;7,760416666666666;27,93;200
2023;9;0;12;2356,975;471395;7,505;28,1925;200
2023;9;0;13;2498,45;499690;8,04;28,5175;200
2023;9;0;14;3052,365;610473;10,0575;28,455;200
2023;9;0;15;3094,29;618858;10,12;28,28375;200
2023;9;0;16;2630,475;526095;8,49;28,5975;200
2023;9;0;17;2806,465;561293;9,0575;28,495;200
2023;9;0;18;3015,995;603199;10,965;27,93375;200
2023;9;0;19;2979,91;595982;10,81125;27,415;200
2023;9;0;20;2625,23;525046;7,89125;28,70875;200
2023;9;0;21;2174,545;434909;6,318333333333333;29,045;200
2023;9;0;22;1486,485;297297;4,500416666666667;29,07125;200
2023;9;0;23;1002,115;200423;3,1045833333333333;26,89125;200
2023;9;1;0;646,375;129275;2,2206867671691795;22,61125;200
2023;9;1;1;362,645;72529;1,837962962962963;18,00875;200
2023;9;1;2;222,755;44551;1,4154166666666665;12,75125;200
2023;9;1;3;182,22;36444;1,175;10,88125;200
2023;9;1;4;205,98;41196;1,0921273031825796;12,225;200
2023;9;1;5;294,18;58836;1,2271573604060915;16,53125;200
2023;9;1;6;884,485;176897;2,8556397306397305;24,715;200
2023;9;1;7;2325,6;465120;7,68;28,29625;200
2023;9;1;8;3171,795;634359;12,199583333333333;26,89625;200
2023;9;1;9;2889,975;577995;12,7;26,45;200
2023;9;1;10;2518,005;503601;9,58625;27,3425;200
2023;9;1;11;2390,055;478011;7,719166666666666;28,4225;200
2023;9;1;12;2535,715;507143;8,34;28,59125;200
2023;9;1;13;2648,395;529679;8,269583333333333;28,78625;200
2023;9;1;14;3211,485;642297;10,59375;28,57625;200
2023;9;1;15;3177,55;635510;10,56875;28,19625;200
2023;9;1;16;2757,725;551545;8,8625;28,59875;200
2023;9;1;17;2893,235;578647;9,9625;28,61;200
2023;9;1;18;3133,51;626702;12,05125;27,65;200
2023;9;1;19;3092,87;618574;11,3025;27,69875;200
2023;9;1;20;2816,57;563314;9,03375;28,64;200
2023;9;1;21;2294,75;458950;6,6425;29,03;200
2023;9;1;22;1551,8;310360;4,5725;29,0425;200
2023;9;1;23;1097,2361809045226;218350;3,3905723905723906;27,65829145728643;199
2023;9;2;0;746,4747474747475;147802;2,2205387205387206;23,428030303030305;198
2023;9;2;1;367,20603015075375;73074;1,5431472081218274;17,42964824120603;199
2023;9;2;2;211,9145728643216;42171;1,3034511784511784;13,938442211055277;199
2023;9;2;3;172,16582914572865;34261;1,0511844331641287;11,981155778894472;199
2023;9;2;4;162,725;32545;0,7436868686868687;11,58;200
2023;9;2;5;261,185;52237;1,0593434343434343;15,665;200
2023;9;2;6;873,745;174749;2,5766666666666667;25,53125;200
2023;9;2;7;2300,005;460001;7,495416666666666;28,40125;200
2023;9;2;8;3186,815;637363;12,675416666666667;26,925;200
2023;9;2;9;2994,845;598969;13,58875;26,17375;200
2023;9;2;10;2540,82;508164;9,212083333333334;27,24875;200
2023;9;2;11;2382,415;476483;7,656666666666666;28,5475;200
2023;9;2;12;2531,88;506376;8,16375;28,395;200
2023;9;2;13;2712,16;542432;8,83125;28,555;200
2023;9;2;14;3208,75;641750;11,13625;28,4925;200
2023;9;2;15;3203,88;640776;11,5875;28,08625;200
2023;9;2;16;2842,875;568575;9,80875;28,035;200
2023;9;2;17;2980,7;596140;9,88875;28,3075;200
2023;9;2;18;3220,525;644105;12,04625;27,53;200
2023;9;2;19;3132,075;626415;11,5825;27,6;200
2023;9;2;20;2877,905;575581;9,39375;28,5075;200
2023;9;2;21;2463,505;492701;7,567916666666666;28,69375;200
2023;9;2;22;1677,07;335414;4,8875;29,0225;200
2023;9;2;23;1218,497487437186;242481;3,5536013400335005;28,0;199
2023;9;3;0;875,2828282828283;173306;2,650592216582064;24,272727272727273;198
2023;9;3;1;462,2323232323232;91522;1,7131979695431472;19,96590909090909;198
2023;9;3;2;272,6161616161616;53978;1,2846869712351947;16,29040404040404;198
2023;9;3;3;205,42929292929293;40675;1,151936026936027;13,502525252525253;198
2023;9;3;4;195,55778894472363;38916;0,9209183673469388;14,307788944723619;199
2023;9;3;5;300,665;60133;1,0871212121212122;17,66125;200
2023;9;3;6;895,41;179082;2,737083333333333;26,3125;200
2023;9;3;7;2267,765;453553;7,048333333333334;28,715;200
2023;9;3;8;3154,945;630989;12,400416666666667;27,33625;200
2023;9;3;9;2979,86;595972;12,782916666666667;26,64875;200
2023;9;3;10;2467,975;493595;8,793333333333333;27,78625;200
2023;9;3;11;2441,91;488382;7,83625;28,65875;200
2023;9;3;12;2567,41;513482;8,305;28,59625;200
2023;9;3;13;2738,025;547605;9,043333333333333;28,66625;200
2023;9;3;14;3255,14;651028;10,788333333333332;28,6775;200
2023;9;3;15;3261,03;652206;10,77375;28,105;200
2023;9;3;16;2854,86;570972;9,4525;28,455;200
2023;9;3;17;3033,085;606617;10,235;28,3675;200
2023;9;3;18;3196,095;639219;11,638333333333332;27,62;200
2023;9;3;19;3209,215;641843;11,53;27,69375;200
2023;9;3;20;2943,95;588790;10,144583333333333;28,3675;200
2023;9;3;21;2458,875;491775;7,4;28,80875;200
2023;9;3;22;1717,33;343466;5,034166666666667;29,0975;200
2023;9;3;23;1313,62;262724;4,110833333333333;28,22375;200
2023;9;4;0;1071,429718875502;266786;3,5124831309041835;25,570281124497992;249
2023;9;4;1;723,544;180886;2,42002688172043;23,139;250
2023;9;4;2;508,496;127124;1,8296221322537112;20,115;250
2023;9;4;3;425,532;106383;1,4838709677419355;17,971;250
2023;9;4;4;402,416;100604;1,2921727395411606;17,311;250
2023;9;4;5;484,136;121034;1,5073924731182795;20,915;250
2023;9;4;6;980,148;245037;2,869918699186992;26,521;250
2023;9;4;7;2001,46;500365;6,042338709677419;28,39;250
2023;9;4;8;2720,088;680022;10,190524193548388;27,871;250
2023;9;4;9;2564,032;641008;9,798051075268816;27,744;250
2023;9;4;10;2255,344;563836;7,817204301075269;28,058;250
2023;9;4;11;2298,7871485943774;572398;7,473346828609987;28,436746987951807;249
2023;9;4;12;2496,377510040161;621598;8,092034805890227;28,5070281124498;249
2023;9;4;13;2791,94;697985;9,622;28,595;250
2023;9;4;14;3366,18;841545;13,103;28,074;250
2023;9;4;15;3408,68;852170;14,456666666666665;26,886;250
2023;9;4;16;2887,548;721887;9,818;28,07;250
2023;9;4;17;2870,368;717592;9,43;28,591;250
2023;9;4;18;2891,952;722988;10,559;27,691;250
2023;9;4;19;2781,9;695475;9,715;27,981;250
2023;9;4;20;2770,368;692592;9,273;28,222;250
2023;9;4;21;2489,296;622324;7,636;28,4;250
2023;9;4;22;1847,972;461993;5,575;28,598;250
2023;9;4;23;1415,644;353911;4,270333333333333;27,995;250
2023;9;5;0;1288,292;322073;3,664;27,429;250
2023;9;5;1;1022,436;255609;3,284;26,335;250
2023;9;5;2;739,024;184756;2,489290495314592;25,183;250
2023;9;5;3;555,592;138898;2,0230352303523036;22,8;250
2023;9;5;4;463,92;115980;1,7261424731182795;21,148;250
2023;9;5;5;448,336;112084;1,67904953145917;21,338;250
2023;9;5;6;619,268;154817;2,0692204301075265;24,513;250
2023;9;5;7;764,336;191084;2,3316599732262384;25,786;250
2023;9;5;8;962,544;240636;2,7751004016064256;26,884;250
2023;9;5;9;1344,08;336020;3,8186666666666667;28,408;250
2023;9;5;10;1738,564;434641;4,978666666666667;28,827;250
2023;9;5;11;2044,704;511176;5,8053333333333335;28,531;250
2023;9;5;12;2356,148;589037;7,194;28,352;250
2023;9;5;13;2538,008;634502;7,675;28,312;250
2023;9;5;14;2641,456;660364;7,866;28,649;250
2023;9;5;15;1929,988;482497;5,355;29,299;250
2023;9;5;16;1656,208;414052;4,689666666666667;29,019;250
2023;9;5;17;1929,236;482309;5,578333333333333;28,747;250
2023;9;5;18;2180,284;545071;6,424666666666667;28,612;250
2023;9;5;19;2315,776;578944;7,233333333333333;28,391;250
2023;9;5;20;2319,512;579878;7,248333333333333;28,079;250
2023;9;5;21;2246,544;561636;7,184;27,927;250
2023;9;5;22;1818,648;454662;5,748333333333333;28,19;250
2023;9;5;23;1501,848;375462;4,573666666666667;28,194;250
2023;9;6;0;1361,21;272242;3,970416666666667;27,5825;200
2023;9;6;1;1110,81;222162;3,462083333333333;27,36125;200
2023;9;6;2;782,45;156490;2,540833333333333;25,85125;200
2023;9;6;3;603,845;120769;2,1245833333333333;24,06375;200
2023;9;6;4;498,885;99777;2,0303030303030303;21,6225;200
2023;9;6;5;452,85;90570;1,770938023450586;21,27375;200
2023;9;6;6;594,925;118985;1,8484848484848484;25,4875;200
2023;9;6;7;648,66;129732;2,0;25,425;200
2023;9;6;8;674,495;134899;1,9558333333333335;24,76;200
2023;9;6;9;855,6683417085427;170278;2,5196817420435513;26,31281407035176;199
2023;9;6;10;1212,6582914572864;241319;3,2952261306532664;27,974874371859297;199
2023;9;6;11;1703,6;340720;4,9070833333333335;28,19625;200
2023;9;6;12;2001,46;400292;5,927083333333334;28,1375;200
2023;9;6;13;2310,99;462198;6,840833333333333;28,335;200
2023;9;6;14;2359,915;471983;7,108333333333333;28,365;200
2023;9;6;15;1827,27;365454;5,479166666666666;28,62125;200
2023;9;6;16;1578,525;315705;4,629166666666666;28,32625;200
2023;9;6;17;1864,7437185929648;371084;5,305276381909548;28,482412060301506;199
2023;9;6;18;2051,834170854271;408315;6,46859296482412;28,428391959798994;199
2023;9;6;19;2072,592964824121;412446;6,243718592964824;28,66457286432161;199
2023;9;6;20;2123,3768844221104;422552;6,516331658291457;28,741206030150753;199
2023;9;6;21;1900,71;380142;5,733333333333333;28,49;200
2023;9;6;22;1403,87;280774;4,17375;28,47125;200
2023;9;6;23;1115,235;223047;3,3554166666666667;27,4375;200
2023;10;0;0;1339,676;334919;4,009;25,919;250
2023;10;0;1;1033,808;258452;3,3456666666666663;22,258;250
2023;10;0;2;909,504;227376;2,9873333333333334;19,106;250
2023;10;0;3;873,864;218466;2,8653333333333335;18,192;250
2023;10;0;4;869,432;217358;2,782797858099063;18,663;250
2023;10;0;5;950,436;237609;2,8696666666666664;21,213;250
2023;10;0;6;1419,604;354901;4,257333333333333;26,668;250
2023;10;0;7;2488,52;622130;8,123666666666667;28,523;250
2023;10;0;8;3166,372;791593;12,778333333333334;27,157;250
2023;10;0;9;3017,884;754471;12,296;27,667;250
2023;10;0;10;2646,836;661709;8,885666666666665;28,285;250
2023;10;0;11;2584,82;646205;8,488955823293173;28,41;250
2023;10;0;12;2678,932;669733;9,033132530120483;28,566;250
2023;10;0;13;2740,264;685066;9,380522088353414;28,499;250
2023;10;0;14;3080,6;770150;10,037666666666667;28,563;250
2023;10;0;15;3111,436;777859;9,974;28,576;250
2023;10;0;16;2806,58;701645;9,421;28,71;250
2023;10;0;17;3012,92;753230;10,368;28,408;250
2023;10;0;18;3214,76;803690;11,775;27,697;250
2023;10;0;19;3175,22;793805;11,578;27,768;250
2023;10;0;20;2804,716;701179;8,875;28,548;250
2023;10;0;21;2300,64;575160;6,824333333333333;28,945;250
2023;10;0;22;1692,06;423015;4,971666666666667;29,004;250
2023;10;0;23;1224,184;306046;3,675;27,831;250
2023;10;1;0;898,6;224650;3,0659303882195448;23,691;250
2023;10;1;1;655,4417670682731;163205;2,2935222672064777;19,035140562248998;249
2023;10;1;2;539,864;134966;1,999665327978581;15,551;250
2023;10;1;3;500,944;125236;1,763;14,135;250
2023;10;1;4;511,408;127852;1,709851551956815;14,629;250
2023;10;1;5;607,816;151954;1,7323333333333333;18,567;250
2023;10;1;6;1143,748;285937;3,282797858099063;25,95;250
2023;10;1;7;2428,908;607227;8,026666666666667;28,275;250
2023;10;1;8;3210,312;802578;12,62;26,375;250
2023;10;1;9;2986,228;746557;13,811333333333334;26,453;250
2023;10;1;10;2639,552;659888;9,951333333333334;27,098;250
2023;10;1;11;2558,0;639500;8,425333333333334;27,84;250
2023;10;1;12;2631,176;657794;8,884666666666666;28,533;250
2023;10;1;13;2786,648;696662;9,243;28,733;250
2023;10;1;14;3159,832;789958;10,157;28,643;250
2023;10;1;15;3152,736;788184;10,291;28,427;250
2023;10;1;16;2905,888;726472;9,789;28,517;250
2023;10;1;17;3065,584;766396;11,216666666666667;28,1;250
2023;10;1;18;3222,608;805652;12,484666666666666;27,588;250
2023;10;1;19;3145,332;786333;12,571666666666665;27,439;250
2023;10;1;20;3011,568;752892;10,104666666666667;28,139;250
2023;10;1;21;2503,904;625976;7,894;28,502;250
2023;10;1;22;1833,816;458454;5,341333333333333;28,824;250
2023;10;1;23;1419,52;354880;4,295666666666667;28,545;250
2023;10;2;0;1086,6884422110552;216251;3,4124790619765495;24,285175879396984;199
2023;10;2;1;790,64;158128;2,649166666666667;19,955;200
2023;10;2;2;646,375;129275;2,4087102177554436;17,78625;200
2023;10;2;3;602,61;120522;2,2204166666666665;15,33375;200
2023;10;2;4;602,605;120521;1,9438860971524288;15,985;200
2023;10;2;5;680,635;136127;2,019781144781145;18,85375;200
2023;10;2;6;1202,2233502538072;236838;3,2918781725888326;26,4746192893401;197
2023;10;2;7;2476,766497461929;487923;7,698815566835872;29,130710659898476;197
2023;10;2;8;3200,375;640075;12,560833333333333;26,58875;200
2023;10;2;9;3069,79;613958;14,243333333333332;26,49875;200
2023;10;2;10;2621,3908629441626;516414;9,893824027072757;27,79695431472081;197
2023;10;2;11;2584,98;516996;8,5075;28,3925;200
2023;10;2;12;2681,63;536326;9,009166666666665;28,57875;200
2023;10;2;13;2792,475;558495;9,495;28,5325;200
2023;10;2;14;3171,84;634368;10,5775;28,62375;200
2023;10;2;15;3186,59;637318;10,24;28,40125;200
2023;10;2;16;2960,565;592113;9,6575;28,48125;200
2023;10;2;17;3107,435;621487;11,22625;28,355;200
2023;10;2;18;3248,26;649652;13,021666666666668;27,66875;200
2023;10;2;19;3186,255;637251;11,705;27,8175;200
2023;10;2;20;2975,025;595005;10,511666666666667;28,19125;200
2023;10;2;21;2651,75;530350;8,318333333333333;28,37625;200
2023;10;2;22;2137,545;427509;6,2825;28,72;200
2023;10;2;23;1816,94;363388;5,445;27,955;200
2023;10;3;0;1566,73;313346;4,6691666666666665;25,39875;200
2023;10;3;1;1293,225;258645;4,029166666666667;23,33875;200
2023;10;3;2;1161,425;232285;3,62;21,99625;200
2023;10;3;3;1092,425;218485;3,549413735343384;20,31125;200
2023;10;3;4;1086,23;217246;3,3945833333333333;20,145;200
2023;10;3;5;1144,58;228916;3,36125;22,4125;200
2023;10;3;6;1516,13;303226;4,454166666666667;26,93375;200
2023;10;3;7;2357,17;471434;7,4625;27,995;200
2023;10;3;8;2904,03;580806;11,397083333333333;27,17125;200
2023;10;3;9;2913,045;582609;12,21125;27,2375;200
2023;10;3;10;2615,68;523136;9,929166666666667;27,715;200
2023;10;3;11;2608,24;521648;8,82375;28,2775;200
2023;10;3;12;2650,245;530049;9,190833333333334;28,215;200
2023;10;3;13;2788,4;557680;9,676666666666666;28,3525;200
2023;10;3;14;3037,845;607569;10,37625;28,22;200
2023;10;3;15;2985,545;597109;10,09625;28,24625;200
2023;10;3;16;2812,455;562491;9,265;28,32625;200
2023;10;3;17;2940,34;588068;10,04;28,135;200
2023;10;3;18;3010,93;602186;11,47375;27,5775;200
2023;10;3;19;3016,195;603239;11,2575;27,425;200
2023;10;3;20;2965,485;593097;10,13125;27,8725;200
2023;10;3;21;2595,44;519088;8,1525;28,3825;200
2023;10;3;22;2120,46;424092;6,193333333333333;28,77125;200
2023;10;3;23;1837,875;367575;5,532916666666666;27,95125;200
2023;10;4;0;1615,91;323182;4,753333333333333;25,69625;200
2023;10;4;1;1340,745;268149;4,269166666666667;24,18125;200
2023;10;4;2;1178,16;235632;3,884583333333333;22,01375;200
2023;10;4;3;1112,96;222592;3,4941373534338362;21,5225;200
2023;10;4;4;1098,775;219755;3,4829166666666667;21,575;200
2023;10;4;5;1163,055;232611;3,59375;22,98125;200
2023;10;4;6;1517,385;303477;4,733249581239531;27,13875;200
2023;10;4;7;2391,48;478296;7,35875;28,36625;200
2023;10;4;8;3028,69;605738;10,21875;28,295;200
2023;10;4;9;2901,515;580303;9,75625;28,575;200
2023;10;4;10;2632,435;526487;8,707083333333333;28,465;200
2023;10;4;11;2663,795;532759;8,66;28,43;200
2023;10;4;12;2733,618090452261;543990;8,837939698492463;28,383165829145728;199
2023;10;4;13;2923,14;584628;9,622083333333334;28,4475;200
2023;10;4;14;3271,23;654246;12,0075;27,93375;200
2023;10;4;15;3289,135;657827;12,77;27,62125;200
2023;10;4;16;2961,3;592260;10,905;27,9875;200
2023;10;4;17;3026,085;605217;11,2175;28,3525;200
2023;10;4;18;3016,05;603210;11,2825;27,47375;200
2023;10;4;19;2982,405;596481;10,8025;28,07125;200
2023;10;4;20;2953,95;590790;10,74;27,82625;200
2023;10;4;21;2790,29;558058;9,5575;27,90625;200
2023;10;4;22;2285,04;457008;7,3445833333333335;28,595;200
2023;10;4;23;1969,945;393989;5,894583333333333;28,7325;200
2023;10;5;0;1886,19;377238;5,737916666666666;28,10375;200
2023;10;5;1;1719,39;343878;5,2058333333333335;27,8575;200
2023;10;5;2;1497,655;299531;4,7378559463986605;26,83375;200
2023;10;5;3;1338,59;267718;4,340033500837521;26,035;200
2023;10;5;4;1266,01;253202;4,07;24,51875;200
2023;10;5;5;1262,32;252464;3,9379166666666667;25,05875;200
2023;10;5;6;1364,575;272915;4,21125;26,2775;200
2023;10;5;7;1450,715;290143;4,397083333333333;27,33;200
2023;10;5;8;1620,63;324126;4,707083333333333;28,01625;200
2023;10;5;9;1926,05;385210;5,645416666666666;28,27;200
2023;10;5;10;2244,37;448874;6,6575;28,35;200
2023;10;5;11;2535,85;507170;7,64625;28,3725;200
2023;10;5;12;2741,965;548393;8,53375;28,3;200
2023;10;5;13;2847,945;569589;8,965833333333334;28,20625;200
2023;10;5;14;2948,855;589771;9,3175;28,1575;200
2023;10;5;15;2448,22;489644;7,18375;28,53;200
2023;10;5;16;2139,81;427962;6,315833333333334;28,705;200
2023;10;5;17;2273,875;454775;6,711666666666666;28,50625;200
2023;10;5;18;2495,885;499177;7,760833333333334;28,23375;200
2023;10;5;19;2694,0;538800;9,022916666666667;27,815;200
2023;10;5;20;2706,665;541333;9,3025;27,27;200
2023;10;5;21;2552,965;510593;8,375;27,68875;200
2023;10;5;22;2269,565;453913;7,172916666666667;28,33125;200
2023;10;5;23;2055,755;411151;6,3125;28,1125;200
2023;10;6;0;1921,8;480450;5,836666666666667;27,866;250
2023;10;6;1;1701,484;425371;5,387;27,748;250
2023;10;6;2;1409,304;352326;4,622;27,023;250
2023;10;6;3;1249,784;312446;4,232931726907631;26,085;250
2023;10;6;4;1143,632;285908;3,7826666666666666;25,679;250
2023;10;6;5;1110,08;277520;3,5326666666666666;24,722;250
2023;10;6;6;1198,804;299701;3,6836666666666664;25,959;250
2023;10;6;7;1232,692;308173;3,6503333333333337;26,95;250
2023;10;6;8;1286,988;321747;3,8156666666666665;26,633;250
2023;10;6;9;1479,692;369923;4,5713333333333335;27,699;250
2023;10;6;10;1804,38;451095;5,234;27,85;250
2023;10;6;11;2205,196;551299;6,525;28,415;250
2023;10;6;12;2460,8;615200;7,463666666666667;28,298;250
2023;10;6;13;2688,5;672125;8,327333333333334;28,299;250
2023;10;6;14;2733,132;683283;8,444666666666667;28,407;250
2023;10;6;15;2289,892;572473;6,9286666666666665;28,708;250
2023;10;6;16;2075,084;518771;6,138;28,548;250
2023;10;6;17;2374,168;593542;7,037666666666667;28,539;250
2023;10;6;18;2530,116;632529;7,778333333333333;28,266;250
2023;10;6;19;2574,96;643740;8,205666666666666;28,108;250
2023;10;6;20;2530,772;632693;8,6;28,05;250
2023;10;6;21;2331,58;582895;7,234666666666667;28,361;250
2023;10;6;22;1919,104;479776;5,689666666666667;28,673;250
2023;10;6;23;1633,28;408320;4,829986613119144;28,171;250
2023;11;0;0;1051,0507614213197;207057;3,017795138888889;26,74492385786802;197
2023;11;0;1;769,8730964467005;151665;2,462673611111111;24,20431472081218;197
2023;11;0;2;679,9137055837564;133943;2,2417534722222223;22,106598984771573;197
2023;11;0;3;644,3654822335026;126940;1,9348958333333333;20,44796954314721;197
2023;11;0;4;635,8578680203045;125264;1,7139756944444444;20,939086294416242;197
2023;11;0;5;690,9593908629441;136119;1,8913612565445026;22,648477157360407;197
2023;11;0;6;1131,8527918781726;222975;3,236111111111111;26,84771573604061;197
2023;11;0;7;2138,3654822335025;421258;7,240885416666667;28,304568527918782;197
2023;11;0;8;2730,3807106598983;537885;10,706163194444445;27,869289340101524;197
2023;11;0;9;2629,6294416243654;518037;10,407552083333334;28,303299492385786;197
2023;11;0;10;2220,979695431472;437533;7,759982638888889;28,550761421319798;197
2023;11;0;11;2188,0304568527918;431042;7,221354166666667;28,7246192893401;197
2023;11;0;12;2269,9187817258885;447174;7,591579861111111;28,671319796954315;197
2023;11;0;13;2376,030612244898;465702;8,046247818499127;28,725765306122447;196
2023;11;0;14;2695,811224489796;528379;9,014397905759163;28,76530612244898;196
2023;11;0;15;2641,8730964467004;520449;9,26953125;28,64213197969543;197
2023;11;0;16;2497,1020408163267;489432;8,151832460732985;28,614795918367346;196
2023;11;0;17;2639,6530612244896;517372;9,575916230366492;28,292091836734695;196
2023;11;0;18;2725,0102040816328;534102;10,115183246073299;28,056122448979593;196
2023;11;0;19;2663,841836734694;522113;9,510471204188482;28,232142857142858;196
2023;11;0;20;2387,5255102040815;467955;7,25261780104712;28,665816326530614;196
2023;11;0;21;1984,5204081632653;388966;5,945026178010472;28,996173469387756;196
2023;11;0;22;1522,2602040816328;298363;4,680628272251309;28,345663265306122;196
2023;11;0;23;1181,311224489796;231537;3,8211169284467714;27,627551020408163;196
2023;11;1;0;949,7525773195877;184252;3,240740740740741;25,95360824742268;194
2023;11;1;1;710,348717948718;138518;2,5260141093474426;23,401282051282053;195
2023;11;1;2;618,9435897435898;120694;2,0008771929824563;20,837179487179487;195
2023;11;1;3;589,0153846153846;114858;1,7942982456140353;19,35;195
2023;11;1;4;590,0867346938776;115657;1,811842105263158;19,711734693877553;196
2023;11;1;5;667,3826530612245;130807;1,7286212914485166;22,635204081632654;196
2023;11;1;6;1100,9489795918366;215786;3,2914485165794063;27,503826530612244;196
2023;11;1;7;2139,316326530612;419306;6,968586387434555;28,5;196
2023;11;1;8;2740,734693877551;537184;11,002181500872599;27,526785714285715;196
2023;11;1;9;2978,066326530612;583701;12,242772108843539;27,503826530612244;196
2023;11;1;10;2582,545918367347;506179;9,85501700680272;27,82780612244898;196
2023;11;1;11;2455,369230769231;478797;8,133760683760684;29,734615384615385;195
2023;11;1;12;2516,469387755102;493228;8,69515306122449;29,456632653061224;196
2023;11;1;13;2673,872448979592;524079;8,70578231292517;29,346938775510203;196
2023;11;1;14;3055,6938775510203;598916;9,894132653061224;29,511479591836736;196
2023;11;1;15;3063,2091836734694;600389;10,17219387755102;29,320153061224488;196
2023;11;1;16;2775,3469387755104;543968;9,006377551020408;29,466836734693878;196
2023;11;1;17;2994,566326530612;586935;10,487244897959183;28,841836734693878;196
2023;11;1;18;3135,7551020408164;614608;12,201530612244898;28,224489795918366;196
2023;11;1;19;3128,872448979592;613259;12,107142857142858;28,042091836734695;196
2023;11;1;20;2806,887755102041;550150;9,181122448979592;29,0765306122449;196
2023;11;1;21;2319,112244897959;454546;7,036564625850341;29,846938775510203;196
2023;11;1;22;1685,2244897959183;330304;4,684948979591836;29,956632653061224;196
2023;11;1;23;1352,4030612244899;265071;4,069727891156463;29,053571428571427;196
2023;11;2;0;1094,1178861788617;269153;3,4;26,489837398373982;246
2023;11;2;1;739,7357723577236;181975;2,3755102040816327;22,758130081300813;246
2023;11;2;2;594,0853658536586;146145;1,9258130081300813;19,722560975609756;246
2023;11;2;3;523,8780487804878;128874;1,7384823848238484;17,788617886178862;246
2023;11;2;4;510,3577235772358;125548;1,5619918699186992;16,828252032520325;246
2023;11;2;5;564,8089430894308;138943;1,6122448979591837;20,201219512195124;246
2023;11;2;6;1012,3658536585366;249042;2,9989795918367346;26,297764227642276;246
2023;11;2;7;2060,7154471544713;506936;6,698509485094851;28,3119918699187;246
2023;11;2;8;2579,3821138211383;634528;9,802168021680217;27,20731707317073;246
2023;11;2;9;2577,6194331983806;636672;10,828947368421053;27,747975708502025;247
2023;11;2;10;2307,7408906882592;570012;8,374493927125506;28,724696356275302;247
2023;11;2;11;2365,3943089430895;581887;7,571815718157182;29,0630081300813;246
2023;11;2;12;2474,0;608604;8,176151761517614;29,244918699186993;246
2023;11;2;13;2688,756097560976;661434;9,1659891598916;29,323170731707318;246
2023;11;2;14;2967,390243902439;729978;9,591802168021681;29,340447154471544;246
2023;11;2;15;2832,9146341463415;696897;8,797764227642276;29,43089430894309;246
2023;11;2;16;2621,682926829268;644934;8,250677506775068;29,353658536585368;246
2023;11;2;17;2816,6260162601625;692890;9,507791327913278;29,004065040650406;246
2023;11;2;18;2982,0650406504064;733588;11,358739837398375;28,017276422764226;246
2023;11;2;19;2905,2601626016262;714694;11,061314363143632;27,86280487804878;246
2023;11;2;20;2673,032520325203;657566;9,108739837398375;28,6890243902439;246
2023;11;2;21;2235,0365853658536;549819;6,408536585365853;29,63109756097561;246
2023;11;2;22;1654,1260162601627;406915;4,631436314363143;29,677845528455286;246
2023;11;2;23;1374,8658536585365;338217;4,128231292517007;28,857723577235774;246
2023;11;3;0;1090,121951219512;268170;3,1256775067750677;25,66260162601626;246
2023;11;3;1;735,3658536585366;180900;2,323809523809524;23,071138211382113;246
2023;11;3;2;543,5813008130082;133721;1,8595238095238094;19,184959349593495;246
2023;11;3;3;482,2560975609756;118635;1,703017832647462;17,678861788617887;246
2023;11;3;4;464,8536585365854;114354;1,4139455782312926;17,056910569105693;246
2023;11;3;5;540,3577235772358;132928;1,575880758807588;19,73780487804878;246
2023;11;3;6;1007,7845528455284;247915;2,9813685636856366;26,849593495934958;246
2023;11;3;7;2087,069105691057;513419;6,587398373983739;28,82520325203252;246
2023;11;3;8;2665,048780487805;655602;9,835704607046072;28,08130081300813;246
2023;11;3;9;2581,3048780487807;635001;10,31639566395664;27,664634146341463;246
2023;11;3;10;2316,723577235772;569914;7,919715447154472;28,735772357723576;246
2023;11;3;11;2340,8943089430895;575860;7,303523035230352;29,213414634146343;246
2023;11;3;12;2486,39837398374;611654;7,769308943089431;29,259146341463413;246
2023;11;3;13;2619,439024390244;644382;8,172764227642276;29,353658536585368;246
2023;11;3;14;2869,4471544715448;705884;9,536246612466124;29,503048780487806;246
2023;11;3;15;2811,0975609756097;691530;9,472560975609756;29,0640243902439;246
2023;11;3;16;2603,9430894308944;640570;8,53150406504065;29,016260162601625;246
2023;11;3;17;2788,6434426229507;680429;9,767418032786885;29,110655737704917;244
2023;11;3;18;2949,5245901639346;719684;11,674180327868852;28,903688524590162;244
2023;11;3;19;2886,1680327868853;704225;11,273565573770492;28,42622950819672;244
2023;11;3;20;2618,5122950819673;638917;8,801229508196721;29,15676229508197;244
2023;11;3;21;2249,459349593496;553367;6,6287262872628725;29,617886178861788;246
2023;11;3;22;1689,939024390244;415725;4,731029810298103;29,591463414634145;246
2023;11;3;23;1368,0772357723577;336547;4,197831978319783;28,753048780487806;246
2023;11;4;0;928,5177664974619;182918;3,1941624365482233;24,758883248730964;197
2023;11;4;1;556,4720812182741;109625;1,874788494077834;20,634517766497463;197
2023;11;4;2;332,0558375634518;65415;1,4409013605442178;16,803299492385786;197
2023;11;4;3;254,28571428571428;49840;1,1666666666666665;14,446428571428571;196
2023;11;4;4;237,89285714285714;46627;1,1904761904761905;14,848214285714286;196
2023;11;4;5;325,6887755102041;63835;1,2362542955326459;18,075255102040817;196
2023;11;4;6;877,5408163265306;171998;2,9585470085470083;26,649234693877553;196
2023;11;4;7;2210,5867346938776;433275;7,085470085470086;29,28061224489796;196
2023;11;4;8;2964,622448979592;581066;9,695578231292517;30,1390306122449;196
2023;11;4;9;2763,484693877551;541643;9,607142857142858;29,801020408163264;196
2023;11;4;10;2432,979695431472;479297;8,51522842639594;29,68020304568528;197
2023;11;4;11;2516,223350253807;495696;8,220812182741117;29,336294416243653;197
2023;11;4;12;2661,548223350254;524325;9,236886632825719;29,434010152284262;197
2023;11;4;13;2922,543147208122;575741;9,930203045685278;29,413705583756347;197
2023;11;4;14;3358,720812182741;661668;12,138324873096447;28,766497461928935;197
2023;11;4;15;3381,736040609137;666202;13,491116751269036;27,8248730964467;197
2023;11;4;16;3013,289340101523;593618;10,879441624365482;28,289340101522843;197
2023;11;4;17;3067,4010152284263;604278;11,224619289340101;28,908629441624367;197
2023;11;4;18;3091,659898477157;609057;11,884517766497462;28,395939086294415;197
2023;11;4;19;2957,8527918781724;582697;11,777918781725889;27,32741116751269;197
2023;11;4;20;2842,4263959390864;559958;10,847292724196278;27,65228426395939;197
2023;11;4;21;2555,51269035533;503436;8,47969543147208;28,968274111675125;197
2023;11;4;22;1906,4162436548224;375564;6,025380710659898;29,43020304568528;197
2023;11;4;23;1543,46192893401;304062;4,798223350253807;28,823604060913706;197
2023;11;5;0;1456,5431472081218;286939;4,511421319796955;28,75507614213198;197
2023;11;5;1;1254,5532994923858;247147;4,204737732656515;27,34010152284264;197
2023;11;5;2;984,6649746192893;193979;3,214467005076142;25,615482233502537;197
2023;11;5;3;822,6040609137056;162053;3,032571912013536;24,598984771573605;197
2023;11;5;4;749,3299492385787;147618;2,438775510204082;23,717005076142133;197
2023;11;5;5;743,269035532995;146424;2,3456632653061225;23,272842639593907;197
2023;11;5;6;885,9340101522843;174529;2,830372250423012;25,986040609137056;197
2023;11;5;7;1008,3604060913706;198647;2,8886054421768708;27,56218274111675;197
2023;11;5;8;1211,248730964467;238616;3,41015625;28,19796954314721;197
2023;11;5;9;1537,472081218274;302882;4,384982638888888;28,656091370558375;197
2023;11;5;10;1887,5786802030457;371853;5,62109375;28,76015228426396;197
2023;11;5;11;2132,1167512690354;420027;6,526041666666667;28,43274111675127;197
2023;11;5;12;2314,776649746193;456011;7,239583333333333;28,445431472081218;197
2023;11;5;13;2442,756345177665;481223;7,826822916666667;28,472081218274113;197
2023;11;5;14;2461,1015228426395;484837;8,291666666666666;27,84771573604061;197
2023;11;5;15;2013,0253807106599;396566;5,924479166666667;28,68781725888325;197
2023;11;5;16;1736,7055837563453;342131;4,950086805555555;28,876903553299492;197
2023;11;5;17;1974,9035532994924;389056;5,80078125;28,715736040609137;197
2023;11;5;18;2235,7817258883247;440449;7,012586805555556;28,59263959390863;197
2023;11;5;19;2298,6751269035535;452839;7,697916666666667;28,091370558375633;197
2023;11;5;20;2243,9695431472082;442062;7,9140625;27,799492385786802;197
2023;11;5;21;2022,1218274111675;398358;6,297743055555556;28,356598984771573;197
2023;11;5;22;1736,791878172589;342148;5,1796875;28,43020304568528;197
2023;11;5;23;1539,507614213198;303283;4,752170138888888;28,222081218274113;197
2023;11;6;0;1563,791878172589;308067;5,013020833333333;28,379441624365484;197
2023;11;6;1;1323,3807106598986;260706;4,131944444444445;27,939086294416242;197
2023;11;6;2;1087,3451776649747;214207;3,533595113438045;27,25;197
2023;11;6;3;948,3604060913706;186827;2,9483506944444446;26,205583756345177;197
2023;11;6;4;862,2791878172588;169869;2,805121527777778;25,508883248730964;197
2023;11;6;5;821,4619289340102;161828;2,5846354166666665;25,15228426395939;197
2023;11;6;6;907,5989847715736;178797;2,526475694444444;26,293147208121827;197
2023;11;6;7;946,010152284264;186364;2,511343804537522;26,970812182741117;197
2023;11;6;8;1014,7614213197969;199908;2,815972222222222;27,071065989847718;197
2023;11;6;9;1228,1370558375634;241943;3,708767361111111;27,875634517766496;197
2023;11;6;10;1583,284263959391;311907;4,801215277777778;28,39720812182741;197
2023;11;6;11;1935,8223350253807;381357;5,62109375;28,31218274111675;197
2023;11;6;12;2113,3096446700506;416322;6,670572916666667;28,205583756345177;197
2023;11;6;13;2291,8426395939086;451493;6,884982638888889;28,17766497461929;197
2023;11;6;14;2385,710659898477;469985;7,325520833333333;28,027918781725887;197
2023;11;6;15;1916,4314720812183;377537;5,489583333333333;28,606598984771573;197
2023;11;6;16;1773,8832487309644;349455;5,11328125;28,64720812182741;197
2023;11;6;17;2073,269035532995;408434;5,943142361111111;28,678934010152282;197
2023;11;6;18;2235,5380710659897;440401;7,0625;28,380710659898476;197
2023;11;6;19;2186,766497461929;430793;6,984375;28,43274111675127;197
2023;11;6;20;2059,7258883248733;405766;6,32421875;28,5253807106599;197
2023;11;6;21;1848,8375634517768;364221;5,358940972222222;28,620558375634516;197
2023;11;6;22;1500,6802030456852;295634;4,243055555555555;28,799492385786802;197
2023;11;6;23;1262,7969543147208;248771;3,754340277777778;28,027918781725887;197
2023;12;0;0;1636,6122448979593;320776;4,121173469387755;28,878826530612244;196
2023;12;0;1;1622,75;318059;4,2104591836734695;29,0;196
2023;12;0;2;1454,719387755102;285125;3,774234693877551;29,04719387755102;196
2023;12;0;3;1267,3214285714287;248395;3,315051020408163;28,089285714285715;196
2023;12;0;4;1178,3622448979593;230959;2,9417517006802725;27,309948979591837;196
2023;12;0;5;1188,3333333333333;231725;2,957264957264957;26,391025641025642;195
2023;12;0;6;1386,9642857142858;271845;3,6964285714285716;27,510204081632654;196
2023;12;0;7;1819,1589743589743;354736;5,491025641025641;28,434615384615384;195
2023;12;0;8;2135,14358974359;416353;7,262820512820513;27,8025641025641;195
2023;12;0;9;2117,28125;406518;7,276475694444444;27,826822916666668;192
2023;12;0;10;1980,8031914893618;372391;6,941046099290781;29,059840425531913;188
2023;12;0;11;2023,765625;388563;6,18359375;29,384114583333332;192
2023;12;0;12;2124,785714285714;416458;6,80017006802721;28,919642857142858;196
2023;12;0;13;2435,75;477407;7,465561224489796;29,028061224489797;196
2023;12;0;14;2635,530612244898;516564;8,343962585034014;29,182397959183675;196
2023;12;0;15;2234,6530612244896;437992;6,94047619047619;29,137755102040817;196
2023;12;0;16;2129,4744897959185;417377;6,4623931623931625;28,9234693877551;196
2023;12;0;17;2367,5561224489797;464041;7,415391156462586;29,288265306122447;196
2023;12;0;18;2577,341836734694;505159;8,756377551020408;29,178571428571427;196
2023;12;0;19;2630,8010204081634;515637;9,16156462585034;28,926020408163264;196
2023;12;0;20;2485,3367346938776;487126;7,666666666666667;28,867346938775512;196
2023;12;0;21;2184,7244897959185;428206;6,20280612244898;28,880102040816325;196
2023;12;0;22;1837,7295918367347;360195;5,085034013605442;29,2984693877551;196
2023;12;0;23;1583,0408163265306;310276;4,365811965811966;28,607142857142858;196
2023;12;1;0;1407,438775510204;275858;3,5620748299319724;27,340561224489797;196
2023;12;1;1;1228,908163265306;240866;3,4591836734693877;26,284438775510203;196
2023;12;1;2;1154,0255102040817;226189;3,0816326530612246;25,565051020408163;196
2023;12;1;3;1122,591836734694;220028;2,9383503401360542;24,521683673469386;196
2023;12;1;4;1120,0255102040817;219525;2,7419217687074826;24,496173469387756;196
2023;12;1;5;1170,811224489796;229479;2,960034013605442;25,846938775510203;196
2023;12;1;6;1446,8163265306123;283576;3,9464285714285716;28,125;196
2023;12;1;7;2066,2908163265306;404993;6,476190476190475;29,207908163265305;196
2023;12;1;8;2496,0867346938776;489233;8,372448979591837;29,17219387755102;196
2023;12;1;9;2501,561224489796;490306;9,348639455782312;29,26658163265306;196
2023;12;1;10;2357,719387755102;462113;8,298469387755102;29,220663265306122;196
2023;12;1;11;2445,4489795918366;479308;8,204081632653061;29,066326530612244;196
2023;12;1;12;2540,719387755102;497981;8,335884353741497;29,153061224489797;196
2023;12;1;13;2600,862244897959;509769;8,822704081632653;29,142857142857142;196
2023;12;1;14;2765,3010204081634;541999;9,1875;29,224489795918366;196
2023;12;1;15;2622,0561224489797;513923;8,51998299319728;29,227040816326532;196
2023;12;1;16;2490,015306122449;488043;7,659438775510204;29,247448979591837;196
2023;12;1;17;2644,3571428571427;518294;8,813775510204081;29,052295918367346;196
2023;12;1;18;2713,7397959183672;531893;9,756377551020408;29,03061224489796;196
2023;12;1;19;2657,9744897959185;520963;9,654336734693878;28,855867346938776;196
2023;12;1;20;2541,765306122449;498186;8,466836734693878;29,12372448979592;196
2023;12;1;21;2258,5102040816328;442668;6,607142857142857;29,260204081632654;196
2023;12;1;22;1918,0663265306123;375941;5,398384353741497;29,32908163265306;196
2023;12;1;23;1700,4285714285713;333284;4,824404761904762;28,852040816326532;196
2023;12;2;0;1560,6734693877552;305892;3,9468537414965987;27,46938775510204;196
2023;12;2;1;1337,9336734693877;262235;3,703231292517007;26,762755102040817;196
2023;12;2;2;1209,5;237062;3,3363095238095237;25,241071428571427;196
2023;12;2;3;1162,7244897959183;227894;3,122874149659864;25,211734693877553;196
2023;12;2;4;1148,9336734693877;225191;2,95875850340136;24,901785714285715;196
2023;12;2;5;1189,4285714285713;233128;3,0;25,331632653061224;196
2023;12;2;6;1436,0051020408164;281457;3,9255952380952377;28,49872448979592;196
2023;12;2;7;1918,2295918367347;375973;5,607692307692307;29,257653061224488;196
2023;12;2;8;2245,75;440167;7,344387755102041;29,133928571428573;196
2023;12;2;9;2333,5561224489797;457377;7,883928571428571;29,181122448979593;196
2023;12;2;10;2291,4897959183672;449132;7,788265306122449;29,238520408163264;196
2023;12;2;11;2427,9438775510203;475877;7,9375;29,003826530612244;196
2023;12;2;12;2521,1173469387754;494139;8,25;29,146683673469386;196
2023;12;2;13;2623,408163265306;514188;8,67219387755102;29,100765306122447;196
2023;12;2;14;2797,841836734694;548377;9,35076530612245;29,081632653061224;196
2023;12;2;15;2624,9795918367345;514496;8,582908163265307;29,112244897959183;196
2023;12;2;16;2451,0969387755104;480415;7,514030612244898;29,275510204081634;196
2023;12;2;17;2639,096446700508;519902;9,201353637901862;28,616751269035532;197
2023;12;2;18;2805,060913705584;552597;10,593908629441625;28,242385786802032;197
2023;12;2;19;2757,8984771573605;543306;10,323604060913706;28,1002538071066;197
2023;12;2;20;2597,1522842639592;511639;9,317258883248732;28,70431472081218;197
2023;12;2;21;2290,8883248730963;451305;7,048223350253807;29,196700507614214;197
2023;12;2;22;1868,527918781726;368100;5,228426395939087;29,365482233502537;197
2023;12;2;23;1612,010152284264;317566;4,6713197969543145;28,521573604060915;197
2023;12;3;0;1442,8426395939086;284240;3,8515228426395938;26,691624365482234;197
2023;12;3;1;1139,9543147208121;224571;3,2563451776649748;25,205583756345177;197
2023;12;3;2;972,243654822335;191532;2,8202199661590526;23,553299492385786;197
2023;12;3;3;892,3096446700507;175785;2,574404761904762;21,75;197
2023;12;3;4;883,2842639593908;174007;2,401282051282051;21,762690355329948;197
2023;12;3;5;931,0355329949239;183414;2,3553299492385786;23,279187817258883;197
2023;12;3;6;1248,3756345177665;245930;3,532148900169205;27,486040609137056;197
2023;12;3;7;1971,0558375634519;388298;5,7360406091370555;29,124365482233504;197
2023;12;3;8;2390,9898477157362;471025;7,397631133671743;29,168781725888326;197
2023;12;3;9;2416,8984771573605;476129;8,021996615905245;29,263959390862944;197
2023;12;3;10;2322,0862944162436;457451;7,76015228426396;28,91243654822335;197
2023;12;3;11;2449,507614213198;482553;7,695008460236887;28,941624365482234;197
2023;12;3;12;2568,284263959391;505952;8,366751269035532;29,01522842639594;197
2023;12;3;13;2640,746192893401;520227;8,73730964467005;28,978426395939085;197
2023;12;3;14;2837,3248730964465;558953;9,308375634517766;29,14467005076142;197
2023;12;3;15;2689,6548223350255;529862;8,58756345177665;29,05710659898477;197
2023;12;3;16;2471,919191919192;489440;8,212121212121213;29,106060606060606;198
2023;12;3;17;2676,6548223350255;527301;9,07233502538071;29,064720812182742;197
2023;12;3;18;2871,3604060913704;565658;10,073604060913706;28,59517766497462;197
2023;12;3;19;2806,431472081218;552867;10,784263959390863;28,038071065989847;197
2023;12;3;20;2610,680203045685;514304;9,3248730964467;28,738578680203045;197
2023;12;3;21;2340,467005076142;461072;7,572335025380711;29,19796954314721;197
2023;12;3;22;1932,0558375634519;380615;5,888324873096447;29,300761421319798;197
2023;12;3;23;1623,3401015228426;319798;5,0;28,710659898477157;197
2023;12;4;0;1550,6626016260163;381463;4,160907859078591;28,1859756097561;246
2023;12;4;1;1304,60162601626;320932;3,502710027100271;27,023373983739837;246
2023;12;4;2;1139,3739837398373;280286;3,284214092140921;25,609756097560975;246
2023;12;4;3;1060,60162601626;260908;2,9942411924119243;25,252032520325205;246
2023;12;4;4;1035,7682926829268;254799;2,864965986394558;24,71239837398374;246
2023;12;4;5;1064,9065040650407;261967;2,815040650406504;24,991869918699187;246
2023;12;4;6;1341,4349593495936;329993;3,674457994579946;27,69410569105691;246
2023;12;4;7;1904,918699186992;468610;5,59180216802168;28,975609756097562;246
2023;12;4;8;2274,1666666666665;559445;7,0060975609756095;29,25609756097561;246
2023;12;4;9;2276,8658536585367;560109;7,354674796747967;29,242886178861788;246
2023;12;4;10;2253,711382113821;554413;7,3932926829268295;29,288617886178862;246
2023;12;4;11;2402,650406504065;591052;7,6189024390243905;29,077235772357724;246
2023;12;4;12;2534,5569105691056;623501;8,213414634146341;29,08130081300813;246
2023;12;4;13;2661,6275303643724;657422;9,57591093117409;28,793522267206477;247
2023;12;4;14;2852,4634146341464;701706;10,296747967479675;28,536585365853657;246
2023;12;4;15;2711,878048780488;667122;9,585365853658537;28,97052845528455;246
2023;12;4;16;2419,0162601626016;595078;7,704268292682927;29,229674796747968;246
2023;12;4;17;2538,130081300813;624380;8,46951219512195;29,059959349593495;246
2023;12;4;18;2603,1463414634145;640374;8,678861788617887;29,00609756097561;246
2023;12;4;19;2596,60162601626;638764;9,015243902439025;28,585365853658537;246
2023;12;4;20;2519,7845528455287;619867;8,661585365853659;28,98170731707317;246
2023;12;4;21;2377,5;584865;7,50440379403794;29,066056910569106;246
2023;12;4;22;2022,239837398374;497471;5,963075880758808;29,132113821138212;246
2023;12;4;23;1748,3699186991869;430099;5,07689701897019;28,880081300813007;246
2023;12;5;0;1699,3821138211383;418048;4,810636856368564;28,478658536585368;246
2023;12;5;1;1556,1666666666667;382817;4,476287262872629;28,339430894308943;246
2023;12;5;2;1340,5121951219512;329766;3,879742547425474;27,139227642276424;246
2023;12;5;3;1224,1178861788617;301133;3,6987704918032787;27,116869918699187;246
2023;12;5;4;1153,5447154471544;283772;3,451360544217687;26,14329268292683;246
2023;12;5;5;1128,7073170731708;277662;3,2891156462585034;26,132113821138212;246
2023;12;5;6;1219,719512195122;300051;3,4289115646258503;27,125;246
2023;12;5;7;1294,7276422764228;318503;3,5785907859078594;28,328252032520325;246
2023;12;5;8;1382,6910569105692;340142;3,5748644986449865;28,34349593495935;246
2023;12;5;9;1620,4308943089432;398626;4,3272357723577235;29,119918699186993;246
2023;12;5;10;1938,9024390243903;476970;5,4891598915989155;29,152439024390244;246
2023;12;5;11;2217,9227642276423;545609;6,428523035230352;29,103658536585368;246
2023;12;5;12;2383,29674796748;586291;7,196138211382114;29,108739837398375;246
2023;12;5;13;2485,776422764228;611501;7,709349593495935;29,152439024390244;246
2023;12;5;14;2517,5447154471544;619316;7,790989159891598;29,1239837398374;246
2023;12;5;15;2118,5162601626016;521155;6,228658536585366;29,295731707317074;246
2023;12;5;16;1938,5447154471544;476882;5,390243902439025;29,246951219512194;246
2023;12;5;17;2097,2601626016262;515926;5,861788617886178;29,150406504065042;246
2023;12;5;18;2281,4238683127573;554386;6,628600823045267;29,26440329218107;243
2023;12;5;19;2365,045267489712;574706;7,075102880658436;29,300411522633745;243
2023;12;5;20;2324,4691358024693;564846;7,020919067215363;29,24897119341564;243
2023;12;5;21;2203,7736625514403;535517;6,203703703703703;29,622427983539094;243
2023;12;5;22;1977,724279835391;480587;5,4139231824417005;29,378600823045268;243
2023;12;5;23;1739,641975308642;422733;4,827503429355281;29,31584362139918;243
2023;12;6;0;1666,0946502057614;404861;4,754458161865569;28,986625514403293;243
2023;12;6;1;1466,0823045267489;356258;4,218449931412894;28,317901234567902;243
2023;12;6;2;1294,5843621399176;314584;3,6594352617079893;27,488683127572017;243
2023;12;6;3;1175,1893004115227;285571;3,3676268861454046;26,093621399176953;243
2023;12;6;4;1109,880658436214;269701;3,324074074074074;25,29320987654321;243
2023;12;6;5;1084,7860082304526;263603;3,006172839506173;25,051440329218106;243
2023;12;6;6;1165,1275720164608;283126;2,9026063100137174;26,945473251028808;243
2023;12;6;7;1200,0413223140497;290410;3,0905647382920107;27,930785123966942;242
2023;12;6;8;1210,685950413223;292986;3,100550964187328;27,43595041322314;242
2023;12;6;9;1335,8489795918367;327283;3,665986394557823;28,493877551020407;245
2023;12;6;10;1589,8448979591838;389512;4,131632653061224;28,996938775510205;245
2023;12;6;11;1909,142857142857;467740;5,1676870748299315;29,079591836734693;245
2023;12;6;12;2154,0285714285715;527737;5,981632653061224;29,214285714285715;245
2023;12;6;13;2285,2367346938777;559883;6,486054421768707;29,422448979591838;245
2023;12;6;14;2273,8;557081;6,481292517006803;29,488775510204082;245
2023;12;6;15;1950,869387755102;477963;5,400680272108844;29,521428571428572;245
2023;12;6;16;1831,3755102040816;448687;4,9911564625850335;29,435714285714287;245
2023;12;6;17;2043,0122448979591;500538;5,734353741496599;29,32857142857143;245
2023;12;6;18;2174,4146341463415;534906;6,477642276422764;29,208333333333332;246
2023;12;6;19;2317,1260162601625;570013;7,036246612466125;29,026422764227643;246
2023;12;6;20;2425,5934959349593;596696;7,697831978319783;28,622967479674795;246
2023;12;6;21;1956,8130081300812;481376;5,911246612466125;29,1239837398374;246
2023;12;6;22;1449,3632653061225;355094;3,9942176870748303;28,318367346938775;245
2023;12;6;23;1377,061224489796;337380;3,7816326530612243;28,16938775510204;245
2024;1;0;0;649,280487804878;159723;1,96866391184573;24,959349593495936;246
2024;1;0;1;765,6341463414634;188346;2,543914246196404;23,109756097560975;246
2024;1;0;2;670,2348178137652;165548;2,2627939142461964;20,832995951417004;247
2024;1;0;3;440,7165991902834;108857;1,599108367626886;18,25910931174089;247
2024;1;0;4;367,8577235772358;90493;1,209710743801653;18,459349593495936;246
2024;1;0;5;394,5;97047;1,2961432506887054;20,321138211382113;246
2024;1;0;6;804,1056910569106;197810;2,5963648834019204;26,446138211382113;246
2024;1;0;7;1823,931174089069;450511;6,287909836065574;28,277327935222672;247
2024;1;0;8;2346,7044534412958;579636;8,90254820936639;27,78846153846154;247
2024;1;0;9;2163,4596774193546;536538;8,937414965986394;27,54233870967742;248
2024;1;0;10;1751,9271255060728;432726;6,272199453551913;28,352226720647774;247
2024;1;0;11;1767,5465587044534;436584;6,09084699453552;28,460526315789473;247
2024;1;0;12;1908,9879032258063;473429;6,612021857923497;28,552419354838708;248
2024;1;0;13;2111,4153225806454;523631;7,17891156462585;29,139112903225808;248
2024;1;0;14;2518,1129032258063;624492;8,257142857142858;29,394153225806452;248
2024;1;0;15;2371,275303643725;585705;7,742827868852459;29,352226720647774;247
2024;1;0;16;2125,846153846154;525084;6,850409836065574;29,153846153846153;247
2024;1;0;17;2366,0040322580644;586769;8,296938775510204;28,976814516129032;248
2024;1;0;18;2583,3709677419356;640676;9,55748299319728;28,530241935483872;248
2024;1;0;19;2524,733870967742;626134;9,244897959183673;28,427419354838708;248
2024;1;0;20;2196,8704453441296;542627;6,914959016393443;29,10425101214575;247
2024;1;0;21;1748,6626016260163;430171;5,171810699588478;29,503048780487806;246
2024;1;0;22;1273,918699186992;313384;3,7938957475994513;29,385162601626018;246
2024;1;0;23;896,0;220416;2,847736625514403;27,26930894308943;246
2024;1;1;0;595,170731707317;146412;2,015905947441217;24,027439024390244;246
2024;1;1;1;372,8252032520325;91715;1,5829875518672198;19,56910569105691;246
2024;1;1;2;283,8333333333333;69823;1,1104252400548695;15,892276422764228;246
2024;1;1;3;248,66260162601625;61171;1,0;14,320121951219512;246
2024;1;1;4;257,2032520325203;63272;0,8309228650137741;14,909552845528456;246
2024;1;1;5;350,5487804878049;86235;1,0510416666666667;18,6239837398374;246
2024;1;1;6;840,040650406504;206650;2,6433470507544583;26,114837398373982;246
2024;1;1;7;1999,979674796748;491995;6,6241426611796985;28,89430894308943;246
2024;1;1;8;2637,162601626016;648742;9,953360768175582;28,471544715447155;246
2024;1;1;9;2494,8346774193546;618719;10,385034013605443;28,27016129032258;248
2024;1;1;10;2111,1774193548385;523572;8,037074829931973;28,699596774193548;248
2024;1;1;11;2126,477732793522;525240;7,513319672131147;28,82591093117409;247
2024;1;1;12;2226,1814516129034;552093;7,753061224489796;28,775201612903224;248
2024;1;1;13;2347,0080645161293;582058;8,176870748299319;29,001008064516128;248
2024;1;1;14;2702,421686746988;672903;9,19308943089431;29,211847389558233;249
2024;1;1;15;2605,141129032258;646075;8,485714285714286;29,315524193548388;248
2024;1;1;16;2376,255060728745;586935;8,035860655737705;29,34008097165992;247
2024;1;1;17;2609,161943319838;644463;10,008196721311476;28,475708502024293;247
2024;1;1;18;2763,255060728745;682524;10,160860655737705;28,690283400809715;247
2024;1;1;19;2622,879518072289;653097;9,891260162601625;28,271084337349397;249
2024;1;1;20;2348,153846153846;579994;7,59801912568306;29,24493927125506;247
2024;1;1;21;1926,5528455284552;473932;5,740397805212621;29,821138211382113;246
2024;1;1;22;1406,1341463414635;345909;4,247599451303155;29,79979674796748;246
2024;1;1;23;1004,439024390244;247092;3,11076817558299;28,619918699186993;246
2024;1;2;0;716,0284552845528;176143;2,2911522633744856;24,54369918699187;246
2024;1;2;1;444,5691056910569;109364;1,7155647382920112;19,396341463414632;246
2024;1;2;2;343,7682926829268;84567;1,4125172890733058;17,234756097560975;246
2024;1;2;3;298,9471544715447;73541;1,0421810699588476;15,083333333333334;246
2024;1;2;4;295,7317073170732;72750;0,8899305555555556;15,15650406504065;246
2024;1;2;5;379,6138211382114;93385;1,129286694101509;18,85670731707317;246
2024;1;2;6;846,5772357723578;208258;2,337791495198903;25,759146341463413;246
2024;1;2;7;1993,219512195122;490332;6,625514403292181;28,795731707317074;246
2024;1;2;8;2628,3765182186235;649209;9,841871584699453;28,181174089068826;247
2024;1;2;9;2548,858870967742;632117;10,517687074829933;27,949596774193548;248
2024;1;2;10;2185,842741935484;542089;7,989115646258503;28,76108870967742;248
2024;1;2;11;2177,4696356275304;537835;7,295423497267759;28,98582995951417;247
2024;1;2;12;2292,0803212851406;570728;8,003048780487806;28,912650602409638;249
2024;1;2;13;2377,108;594277;8,571862348178138;28,755;250
2024;1;2;14;2888,8502024291497;713546;9,898785425101215;29,214574898785425;247
2024;1;2;15;2942,201612903226;729666;9,803427419354838;29,153225806451612;248
2024;1;2;16;2682,0963855421687;667842;8,80388219544846;29,259036144578314;249
2024;1;2;17;2836,36032388664;700581;9,895748987854251;28,932186234817813;247
2024;1;2;18;2977,377510040161;741367;11,006024096385541;27,619477911646587;249
2024;1;2;19;2906,281124497992;723664;11,246653279785809;27,65461847389558;249
2024;1;2;20;2558,6451612903224;634544;8,34274193548387;28,728830645161292;248
2024;1;2;21;2070,6056910569105;509369;6,288956639566395;29,516260162601625;246
2024;1;2;22;1515,7886178861788;372884;4,76050135501355;28,901422764227643;246
2024;1;2;23;1102,3739837398373;271184;3,426829268292683;27,54369918699187;246
2024;1;3;0;768,6275510204082;150651;2,542091836734694;24,943877551020407;196
2024;1;3;1;441,59183673469386;86552;1,6704931972789117;19,098214285714285;196
2024;1;3;2;277,15816326530614;54323;1,1318027210884354;15,118622448979592;196
2024;1;3;3;211,02551020408163;41361;0,9528061224489796;11,770408163265307;196
2024;1;3;4;210,58163265306123;41274;0,772108843537415;11,377551020408163;196
2024;1;3;5;298,1683673469388;58441;1,0390893470790379;16,246173469387756;196
2024;1;3;6;810,7091836734694;158899;2,4420103092783507;25,628826530612244;196
2024;1;3;7;2049,964285714286;401793;6,226495726495727;28,590561224489797;196
2024;1;3;8;2711,3928571428573;531433;9,48001700680272;29,105867346938776;196
2024;1;3;9;2663,548223350254;524719;9,811336717428087;28,486040609137056;197
2024;1;3;10;2336,90404040404;462707;8,20959595959596;28,714646464646464;198
2024;1;3;11;2371,07614213198;467102;7,73181049069374;29,289340101522843;197
2024;1;3;12;2461,295;492259;8,795833333333334;28,82;200
2024;1;3;13;2620,3248730964465;516204;8,832064297800338;29,46446700507614;197
2024;1;3;14;2975,9444444444443;589237;10,542929292929292;29,30176767676768;198
2024;1;3;15;2910,3673469387754;570432;9,758503401360544;29,474489795918366;196
2024;1;3;16;2656,5989847715737;523350;8,850253807106599;29,299492385786802;197
2024;1;3;17;2901,1666666666665;574431;10,978114478114477;28,882575757575758;198
2024;1;3;18;3026,405;605281;12,142083333333332;27,83125;200
2024;1;3;19;3042,520202020202;602419;11,593434343434344;27,75378787878788;198
2024;1;3;20;2692,6497461928934;530452;10,37859560067682;28,19289340101523;197
2024;1;3;21;2187,213197969543;430881;7,50507614213198;28,880710659898476;197
2024;1;3;22;1566,1122448979593;306958;4,58843537414966;29,864795918367346;196
2024;1;3;23;1155,892857142857;226555;3,7006802721088436;28,723214285714285;196
2024;1;4;0;935,8112244897959;183419;2,7629533678756477;26,14158163265306;196
2024;1;4;1;629,1020408163265;123304;2,1312607944732296;23,401785714285715;196
2024;1;4;2;439,15816326530614;86075;1,7764756944444444;20,150510204081634;196
2024;1;4;3;367,68367346938777;72066;1,3797743055555556;18,317602040816325;196
2024;1;4;4;350,5051020408163;68699;1,1705933682373473;18,09438775510204;196
2024;1;4;5;426,0459183673469;83505;1,5600172711571674;20,380102040816325;196
2024;1;4;6;850,8877551020408;166774;2,806857638888889;25,803571428571427;196
2024;1;4;7;1779,908163265306;348862;6,069948186528498;28,90561224489796;196
2024;1;4;8;2321,6852791878173;457372;8,77061855670103;28,54568527918782;197
2024;1;4;9;2320,431472081218;457125;8,971649484536082;29,119289340101524;197
2024;1;4;10;2041,2663316582914;406212;8,011904761904761;28,467336683417084;199
2024;1;4;11;2166,3928571428573;424613;7,523316062176166;29,035714285714285;196
2024;1;4;12;2310,621212121212;457503;8,416666666666666;28,667929292929294;198
2024;1;4;13;2516,35175879397;500754;9,957908163265307;28,40326633165829;199
2024;1;4;14;2906,9646464646466;575579;11,582051282051282;28,41287878787879;198
2024;1;4;15;2869,0804020100504;570947;11,80654761904762;27,899497487437184;199
2024;1;4;16;2465,686868686869;488206;9,212820512820512;28,49621212121212;198
2024;1;4;17;2480,738693467337;493667;9,996173469387756;28,900753768844222;199
2024;1;4;18;2508,786802030457;494231;10,059278350515465;29,04568527918782;197
2024;1;4;19;2403,938775510204;471172;9,667098445595855;28,892857142857142;196
2024;1;4;20;2318,8578680203045;456815;9,075601374570446;28,89213197969543;197
2024;1;4;21;2090,704081632653;409778;7,104058721934369;29,315051020408163;196
2024;1;4;22;1621,1116751269035;319359;5,585481099656357;29,253807106598984;197
2024;1;4;23;1286,7055837563453;253481;4,614690721649485;28,85532994923858;197
2024;1;5;0;1161,091836734694;227574;3,92573402417962;28,323979591836736;196
2024;1;5;1;966,7616580310881;186585;2,9798245614035084;27,724093264248705;193
2024;1;5;2;730,0518134715026;140900;2,4394736842105265;26,795336787564768;193
2024;1;5;3;574,0518134715026;110792;2,0445326278659612;23,14378238341969;193
2024;1;5;4;529,6580310880829;102224;1,7039473684210527;23,564766839378237;193
2024;1;5;5;487,2642487046632;94042;1,47663139329806;22,261658031088082;193
2024;1;5;6;634,2901554404145;122418;1,7675438596491226;26,010362694300518;193
2024;1;5;7;700,1347150259068;135126;2,0728070175438598;27,20984455958549;193
2024;1;5;8;818,1761658031088;157908;2,2271929824561405;27,376943005181346;193
2024;1;5;9;1119,7875647668393;216119;3,1419753086419755;28,682642487046632;193
2024;1;5;10;1515,4870466321242;292489;4,10701754385965;29,72020725388601;193
2024;1;5;11;1792,5906735751296;345970;5,205701754385965;29,602331606217618;193
2024;1;5;12;2133,2176165803107;411711;6,060964912280701;29,79015544041451;193
2024;1;5;13;2413,3128205128205;470596;7,876302083333333;29,367948717948718;195
2024;1;5;14;2558,6958762886597;496387;8,764397905759163;29,442010309278352;194
2024;1;5;15;1814,9430051813472;350284;5,2105263157894735;29,952072538860104;193
2024;1;5;16;1557,771573604061;306881;4,643470790378007;29,356598984771573;197
2024;1;5;17;1934,2755102040817;379118;5,810880829015544;29,301020408163264;196
2024;1;5;18;2221,263959390863;437589;7,052835051546392;28,804568527918782;197
2024;1;5;19;2274,6363636363635;450378;7,997863247863248;28,238636363636363;198
2024;1;5;20;2210,7602040816328;433309;7,495250431778929;28,488520408163264;196
2024;1;5;21;2003,1472081218274;394620;6,378006872852233;29,088832487309645;197
2024;1;5;22;1621,3469387755101;317784;5,063039723661485;29,127551020408163;196
2024;1;5;23;1331,3265306122448;260940;4,228842832469775;28,778061224489797;196
2024;1;6;0;1311,0816326530612;256972;3,959412780656304;28,556122448979593;196
2024;1;6;1;1038,408163265306;203528;3,363715277777778;28,096938775510203;196
2024;1;6;2;771,2857142857143;151172;2,696027633851468;25,84438775510204;196
2024;1;6;3;625,1887755102041;122537;2,2587260034904015;23,524234693877553;196
2024;1;6;4;536,7397959183673;105201;2,032986111111111;22,646683673469386;196
2024;1;6;5;513,015306122449;100551;2,052245250431779;23,32780612244898;196
2024;1;6;6;622,545918367347;122019;2,0129533678756477;25,409438775510203;196
2024;1;6;7;677,2397959183673;132739;2,2653508771929824;26,59311224489796;196
2024;1;6;8;685,9897959183673;134454;2,0613126079447324;26,62372448979592;196
2024;1;6;9;885,1020408163265;173480;2,5859240069084626;27,649234693877553;196
2024;1;6;10;1250,704081632653;245138;3,7158894645941274;28,854591836734695;196
2024;1;6;11;1672,527918781726;329488;4,859965635738832;29,143401015228427;197
2024;1;6;12;1940,6868686868686;384256;5,726923076923077;28,987373737373737;198
2024;1;6;13;2224,2727272727275;440406;6,6752136752136755;29,008838383838384;198
2024;1;6;14;2338,242424242424;462972;7,476923076923077;29,056818181818183;198
2024;1;6;15;1832,8426395939086;361070;5,480240549828179;29,544416243654823;197
2024;1;6;16;1576,6345177664975;310597;4,501718213058419;29,28680203045685;197
2024;1;6;17;1845,2690355329948;363518;5,296391752577319;29,048223350253807;197
2024;1;6;18;2021,6751269035533;398270;6,243986254295533;29,210659898477157;197
2024;1;6;19;2150,92385786802;423732;6,829037800687285;28,880710659898476;197
2024;1;6;20;1942,0656565656566;384529;6,531623931623932;28,891414141414142;198
2024;1;6;21;1590,1421319796955;313258;4,741838487972508;29,106598984771573;197
2024;1;6;22;1271,6040609137056;250506;3,625;28,488578680203045;197
2024;1;6;23;955,989847715736;188330;2,870274914089347;27,83502538071066;197
2024;2;0;0;811,5025125628141;161489;2,4593802345058626;24,964824120603016;199
2024;2;0;1;408,5326633165829;81298;1,5452622673434857;20,554020100502512;199
2024;2;0;2;276,2462311557789;54973;1,388609715242881;15,876884422110553;199
2024;2;0;3;230,35175879396985;45840;0,8484087102177555;12,46105527638191;199
2024;2;0;4;236,295;47259;0,8735194585448393;13,1775;200
2024;2;0;5;337,885;67577;1,025;18,52375;200
2024;2;0;6;928,73;185746;2,643097643097643;26,48;200
2024;2;0;7;2266,405;453281;6,98375;28,02375;200
2024;2;0;8;3146,605;629321;11,93875;27,435;200
2024;2;0;9;3050,15;610030;10,870833333333332;28,30375;200
2024;2;0;10;2327,585;465517;8,22875;28,78;200
2024;2;0;11;2047,2613065326634;407405;7,614321608040201;29,108040201005025;199
2024;2;0;12;1941,47;388294;7,687083333333334;29,1975;200
2024;2;0;13;2522,15;504430;8,185416666666667;29,11125;200
2024;2;0;14;3059,545;611909;9,29;29,19125;200
2024;2;0;15;3104,245;620849;9,274583333333334;29,03;200
2024;2;0;16;2765,59;553118;8,53625;29,03625;200
2024;2;0;17;2973,145;594629;9,71875;29,04625;200
2024;2;0;18;3116,585;623317;10,4975;28,3425;200
2024;2;0;19;3035,55;607110;9,852083333333333;28,28625;200
2024;2;0;20;2647,505;529501;7,699583333333334;28,92875;200
2024;2;0;21;2062,79;412558;5,677083333333334;29,455;200
2024;2;0;22;1469,315;293863;4,070416666666667;29,38375;200
2024;2;0;23;982,385;196477;2,8720833333333333;27,65375;200
2024;2;1;0;615,05;123010;2,0016750418760467;20,64375;200
2024;2;1;1;332,81;66562;1,4932998324958124;16,45875;200
2024;2;1;2;203,565;40713;1,2010050251256281;11,5425;200
2024;2;1;3;175,7;35140;0,8391666666666667;10,69;200
2024;2;1;4;190,935;38187;0,7597292724196277;11,3475;200
2024;2;1;5;294,825;58965;1,042929292929293;16,38625;200
2024;2;1;6;908,82;181764;2,525;25,57;200
2024;2;1;7;2387,69;477538;7,714583333333334;27,89625;200
2024;2;1;8;3250,085;650017;12,59;27,29375;200
2024;2;1;9;3096,09;619218;12,994166666666667;27,775;200
2024;2;1;10;2538,575;507715;8,949583333333333;28,6425;200
2024;2;1;11;2466,455;493291;8,010416666666666;28,80375;200
2024;2;1;12;2493,95;498790;8,450833333333334;29,03125;200
2024;2;1;13;2632,02;526404;8,720833333333333;29,0675;200
2024;2;1;14;3105,81;621162;10,112083333333334;29,19875;200
2024;2;1;15;3110,84;622168;10,0125;29,0075;200
2024;2;1;16;2859,53;571906;9,2075;29,1075;200
2024;2;1;17;3001,45;600290;10,60125;28,59125;200
2024;2;1;18;3160,115;632023;11,355;28,4275;200
2024;2;1;19;3139,14;627828;10,915;28,32625;200
2024;2;1;20;2830,74;566148;8,9075;28,98125;200
2024;2;1;21;2221,11;444222;6,524583333333334;29,3525;200
2024;2;1;22;1507,15;301430;4,550833333333333;29,52125;200
2024;2;1;23;1094,27;218854;3,376666666666667;27,875;200
2024;2;2;0;680,41;136082;2,4593908629441623;21,1875;200
2024;2;2;1;349,865;69973;1,4476549413735342;16,30625;200
2024;2;2;2;229,125;45825;1,1768707482993197;12,5525;200
2024;2;2;3;192,14;38428;0,8956228956228957;10,47625;200
2024;2;2;4;198,32;39664;0,72625;9,83625;200
2024;2;2;5;288,73;57746;0,945142378559464;16,06875;200
2024;2;2;6;903,91;180782;2,6055276381909547;25,27125;200
2024;2;2;7;2390,04;478008;7,692083333333334;28,53125;200
2024;2;2;8;3109,455;621891;12,59375;26,72625;200
2024;2;2;9;2958,315;591663;12,711666666666668;27,25875;200
2024;2;2;10;2396,68;479336;8,44;28,47625;200
2024;2;2;11;2326,255;465251;8,14375;28,45;200
2024;2;2;12;2411,829145728643;479954;7,800251256281407;28,89070351758794;199
2024;2;2;13;2529,675;505935;8,56375;28,7125;200
2024;2;2;14;3107,422110552764;618377;9,836683417085426;29,14070351758794;199
2024;2;2;15;3118,7688442211056;620635;10,007537688442211;28,85175879396985;199
2024;2;2;16;2803,525;560705;9,430833333333334;28,35375;200
2024;2;2;17;3053,79;610758;10,95125;27,82875;200
2024;2;2;18;3154,49;630898;12,22125;27,275;200
2024;2;2;19;3134,56;626912;12,17375;27,425;200
2024;2;2;20;2885,91;577182;9,725;28,34;200
2024;2;2;21;2296,89;459378;6,895833333333334;29,11;200
2024;2;2;22;1582,905;316581;4,517916666666667;29,19;200
2024;2;2;23;1177,495;235499;3,475;27,70125;200
2024;2;3;0;875,132;218783;2,7746666666666666;24,082;250
2024;2;3;1;464,46;116115;1,7346666666666668;18,883;250
2024;2;3;2;287,396;71849;1,3135876840696117;14,855;250
2024;2;3;3;223,06;55765;1,2182860998650473;11,684;250
2024;2;3;4;224,632;56158;0,8914650537634409;12,285;250
2024;2;3;5;324,236;81059;1,1261713520749665;17,153;250
2024;2;3;6;913,42;228355;2,5216666666666665;25,691;250
2024;2;3;7;2382,36;595590;7,349;28,787;250
2024;2;3;8;3165,876;791469;11,702333333333334;28,197;250
2024;2;3;9;2977,568;744392;11,06;28,486;250
2024;2;3;10;2479,832;619958;8,545;28,934;250
2024;2;3;11;2480,25702811245;617584;8,040160642570282;28,76004016064257;249
2024;2;3;12;2520,622489959839;627635;8,275435073627845;29,05421686746988;249
2024;2;3;13;2696,808;674202;8,691333333333334;28,875;250
2024;2;3;14;3125,136;781284;10,396;29,079;250
2024;2;3;15;3079,948;769987;10,104;28,81;250
2024;2;3;16;2837,596;709399;9,273;28,617;250
2024;2;3;17;3034,884;758721;10,284;28,766;250
2024;2;3;18;3220,992;805248;11,676;27,793;250
2024;2;3;19;3181,836;795459;11,104;27,692;250
2024;2;3;20;2941,216;735304;9,756;28,303;250
2024;2;3;21;2370,464;592616;7,121666666666667;29,095;250
2024;2;3;22;1762,648;440662;5,456666666666667;29,127;250
2024;2;3;23;1469,4736842105262;362960;4,3917004048583;28,124493927125506;247
2024;2;4;0;1291,274111675127;254381;3,6273265651438242;25,55203045685279;197
2024;2;4;1;970,4365482233502;191176;2,79906937394247;23,257614213197968;197
2024;2;4;2;807,258883248731;159030;2,30484693877551;20,82233502538071;197
2024;2;4;3;758,8934010152284;149502;2,3384094754653133;19,14213197969543;197
2024;2;4;4;743,6479591836735;145755;2,0799145299145296;19,12372448979592;196
2024;2;4;5;822,3112244897959;161173;2,2793367346938775;22,118622448979593;196
2024;2;4;6;1253,8984771573605;247018;3,6070219966159054;26,72969543147208;197
2024;2;4;7;2268,045;453609;6,985416666666667;28,9125;200
2024;2;4;8;2829,4924623115576;563069;9,609296482412061;28,65452261306533;199
2024;2;4;9;2790,84;558168;9,545416666666666;28,99375;200
2024;2;4;10;2441,275;488255;8,104583333333334;28,7025;200
2024;2;4;11;2510,6;502120;8,1975;28,61875;200
2024;2;4;12;2603,475;520695;8,517916666666666;28,5375;200
2024;2;4;13;2811,035;562207;9,37625;28,72125;200
2024;2;4;14;3277,17;655434;12,4125;28,36;200
2024;2;4;15;3272,555;654511;13,025;27,44875;200
2024;2;4;16;2824,265;564853;10,771666666666668;27,5475;200
2024;2;4;17;2923,155;584631;10,315;28,1875;200
2024;2;4;18;2951,58;590316;10,17875;28,08;200
2024;2;4;19;2851,555;570311;9,825;28,085;200
2024;2;4;20;2845,94;569188;9,735;27,815;200
2024;2;4;21;2497,725;499545;7,682916666666666;28,85625;200
2024;2;4;22;1875,21;375042;5,535833333333334;29,10625;200
2024;2;4;23;1487,215;297443;4,5095833333333335;28,3725;200
2024;2;5;0;1405,365;281073;4,232916666666667;27,875;200
2024;2;5;1;1134,105;226821;3,73625;26,69;200
2024;2;5;2;850,18;170036;2,902083333333333;25,26625;200
2024;2;5;3;662,94;132588;2,2225;23,50125;200
2024;2;5;4;580,195;116039;2,0079564489112225;20,82625;200
2024;2;5;5;563,725;112745;1,9015151515151516;21,7975;200
2024;2;5;6;738,615;147723;2,417929292929293;25,0675;200
2024;2;5;7;836,165;167233;2,8143939393939394;27,0825;200
2024;2;5;8;1035,91;207182;2,967083333333333;27,87125;200
2024;2;5;9;1479,315;295863;4,077051926298157;28,4425;200
2024;2;5;10;1945,08;389016;5,582916666666666;28,7825;200
2024;2;5;11;2253,86;450772;6,8375;28,62125;200
2024;2;5;12;2496,965;499393;8,029166666666667;28,46;200
2024;2;5;13;2772,195;554439;9,1975;28,3975;200
2024;2;5;14;2853,155;570631;9,56875;28,09;200
2024;2;5;15;2123,09;424618;6,11;28,94875;200
2024;2;5;16;1821,26;364252;5,413333333333334;28,5875;200
2024;2;5;17;2168,72;433744;6,48625;28,6975;200
2024;2;5;18;2405,33;481066;7,572916666666666;28,575;200
2024;2;5;19;2451,785;490357;8,1425;27,99375;200
2024;2;5;20;2485,535;497107;8,59125;27,81;200
2024;2;5;21;2338,735;467747;7,6345833333333335;28,40875;200
2024;2;5;22;1893,34;378668;6,2179166666666665;28,4775;200
2024;2;5;23;1560,19;312038;5,2058333333333335;28,02125;200
2024;2;6;0;1494,645;298929;5,164166666666667;27,79125;200
2024;2;6;1;1209,4;241880;4,430485762144054;26,575;200
2024;2;6;2;913,43;182686;3,387083333333333;26,30125;200
2024;2;6;3;715,88;143176;2,8575;24,84625;200
2024;2;6;4;595,47;119094;2,658333333333333;21,3125;200
2024;2;6;5;573,09;114618;2,3549069373942473;22,7375;200
2024;2;6;6;677,595;135519;2,4225;24,3225;200
2024;2;6;7;743,61;148722;2,3229166666666665;26,7125;200
2024;2;6;8;775,835;155167;2,5345117845117846;26,04375;200
2024;2;6;9;1041,925;208385;3,3025;27,2575;200
2024;2;6;10;1433,355;286671;4,461474036850921;28,17625;200
2024;2;6;11;1972,65;394530;6,1525;28,57625;200
2024;2;6;12;2269,94;453988;7,644583333333333;28,15;200
2024;2;6;13;2508,735;501747;8,372916666666667;27,53;200
2024;2;6;14;2685,775;537155;8,810833333333333;28,15375;200
2024;2;6;15;1980,465;396093;6,22;28,93625;200
2024;2;6;16;1810,6582914572864;360321;5,317001675041876;29,14824120603015;199
2024;2;6;17;2237,235;447447;6,534583333333334;28,7425;200
2024;2;6;18;2381,48;476296;7,270416666666666;28,84;200
2024;2;6;19;2412,075;482415;7,43625;28,76;200
2024;2;6;20;2306,405;461281;7,095833333333334;28,7425;200
2024;2;6;21;1921,86;384372;5,832083333333333;28,9425;200
2024;2;6;22;1420,9095477386934;282761;3,9849246231155777;28,866834170854272;199
2024;2;6;23;1160,305;232061;3,7575;27,81875;200
2024;3;0;0;751,835;150367;2,24625;23,45875;200
2024;3;0;1;428,325;85665;1,535;19,35875;200
2024;3;0;2;298,645;59729;1,0963149078726968;15,6025;200
2024;3;0;3;251,435;50287;0,9141666666666667;12,7525;200
2024;3;0;4;254,785;50957;0,83375;13,585;200
2024;3;0;5;316,985;63397;1,0092592592592593;17,435;200
2024;3;0;6;876,335;175267;2,5275;26,2475;200
2024;3;0;7;2233,845;446769;7,349166666666666;28,3425;200
2024;3;0;8;2865,395;573079;10,3675;28,3025;200
2024;3;0;9;2769,715;553943;10,571666666666667;28,1325;200
2024;3;0;10;2338,145;467629;8,295833333333334;28,70125;200
2024;3;0;11;2288,32;457664;7,7625;28,765;200
2024;3;0;12;2435,99;487198;7,892916666666666;28,95375;200
2024;3;0;13;2503,06;500612;8,21625;28,9025;200
2024;3;0;14;2892,43;578486;9,595;29,26;200
2024;3;0;15;2939,645;587929;9,395833333333334;29,42;200
2024;3;0;16;2694,155;538831;8,585416666666667;29,195;200
2024;3;0;17;2848,97;569794;9,370416666666666;29,01625;200
2024;3;0;18;3019,889447236181;600958;10,882328308207706;28,72613065326633;199
2024;3;0;19;2905,221105527638;578139;9,17964824120603;28,97110552763819;199
2024;3;0;20;2535,2713567839196;504519;7,440117252931323;29,297738693467338;199
2024;3;0;21;2021,180904522613;402215;5,702261306532663;29,652010050251256;199
2024;3;0;22;1417,5979899497488;282102;4,108877721943048;29,180904522613066;199
2024;3;0;23;912,1758793969849;181523;2,6994949494949494;26,722361809045225;199
2024;3;1;0;608,3015075376884;121052;1,9835858585858586;21,600502512562816;199
2024;3;1;1;326,643216080402;65002;1,543609671848014;16,684673366834172;199
2024;3;1;2;200,643216080402;39928;1,2466499162479063;12,233668341708542;199
2024;3;1;3;170,8140703517588;33992;0,8973063973063973;10,78140703517588;199
2024;3;1;4;187,34170854271358;37281;0,8303722504230119;11,918341708542714;199
2024;3;1;5;271,5326633165829;54035;1,1023688663282571;16,076633165829147;199
2024;3;1;6;877,1005025125628;174543;2,718013468013468;24,042713567839197;199
2024;3;1;7;2179,316582914573;433684;7,369346733668341;26,853015075376884;199
2024;3;1;8;2876,075376884422;572339;11,388609715242882;26,829145728643216;199
2024;3;1;9;2797,595;559519;11,4;27,105;200
2024;3;1;10;2383,945;476789;8,634583333333333;27,7;200
2024;3;1;11;2335,97;467194;8,212730318257956;27,92375;200
2024;3;1;12;2419,475;483895;8,226549413735343;28,23375;200
2024;3;1;13;2578,78;515756;8,897403685092128;28,20875;200
2024;3;1;14;2929,405;585881;9,68718592964824;28,93;200
2024;3;1;15;2953,68;590736;9,380653266331658;29,0225;200
2024;3;1;16;2721,345;544269;8,74036850921273;29,3175;200
2024;3;1;17;2953,155;590631;10,175879396984925;28,44875;200
2024;3;1;18;3149,415;629883;11,27889447236181;28,14625;200
2024;3;1;19;3058,955;611791;11,543969849246231;27,8925;200
2024;3;1;20;2676,8;535360;8,433417085427136;28,31625;200
2024;3;1;21;2164,945;432989;6,6126465661641545;28,4925;200
2024;3;1;22;1501,07;300214;4,326666666666667;28,90375;200
2024;3;1;23;1069,565;213913;3,220416666666667;27,56875;200
2024;3;2;0;782,875;156575;2,5399831649831652;22,075;200
2024;3;2;1;396,3;79260;1,6863484087102176;17,16375;200
2024;3;2;2;239,805;47961;1,1898148148148149;13,85;200
2024;3;2;3;189,255;37851;0,9318181818181818;11,3975;200
2024;3;2;4;192,72;38544;0,7765151515151515;11,54375;200
2024;3;2;5;286,325;57265;1,0067340067340067;16,1075;200
2024;3;2;6;868,585;173717;2,5506700167504186;26,00625;200
2024;3;2;7;2158,06;431612;6,697390572390572;27,58375;200
2024;3;2;8;2857,095;571419;10,681742043551088;27,44875;200
2024;3;2;9;2824,4;564880;11,924166666666668;27,6325;200
2024;3;2;10;2416,07;483214;8,794166666666666;28,3225;200
2024;3;2;11;2376,605;475321;8,270416666666666;28,78125;200
2024;3;2;12;2500,795;500159;8,620416666666666;28,78375;200
2024;3;2;13;2688,71;537742;8,992916666666666;28,935;200
2024;3;2;14;3089,68;617936;9,88375;29,07875;200
2024;3;2;15;3070,56;614112;10,00375;28,87875;200
2024;3;2;16;2801,755;560351;9,03875;29,16875;200
2024;3;2;17;2917,39;583478;10,0475;28,775;200
2024;3;2;18;3045,11;609022;10,615;28,3575;200
2024;3;2;19;3013,925;602785;10,23625;28,1025;200
2024;3;2;20;2772,38;554476;8,9525;28,825;200
2024;3;2;21;2199,805;439961;6,390833333333334;29,06625;200
2024;3;2;22;1588,15;317630;4,525416666666667;29,565;200
2024;3;2;23;1237,96;247592;3,73625;27,01625;200
2024;3;3;0;966,045;193209;2,770938023450586;23,9225;200
2024;3;3;1;555,09;111018;1,7458333333333333;21,0225;200
2024;3;3;2;371,975;74395;1,4731993299832498;17,35;200
2024;3;3;3;309,365;61873;1,1817789291882554;14,90375;200
2024;3;3;4;294,36;58872;1,0084602368866329;14,76125;200
2024;3;3;5;370,14;74028;1,06523569023569;17,40625;200
2024;3;3;6;899,65;179930;2,316077441077441;25,86375;200
2024;3;3;7;2033,755;406751;5,931818181818182;28,365;200
2024;3;3;8;2671,32;534264;9,540833333333333;27,95625;200
2024;3;3;9;2637,375;527475;9,81030150753769;27,96875;200
2024;3;3;10;2214,98;442996;7,456228956228956;28,13625;200
2024;3;3;11;2270,305;454061;7,074583333333334;28,63;200
2024;3;3;12;2372,38;474476;7,180416666666666;28,8625;200
2024;3;3;13;2513,285;502657;7,8254166666666665;28,83125;200
2024;3;3;14;2824,65;564930;8,8775;28,85875;200
2024;3;3;15;2779,535;555907;8,493333333333334;29,045;200
2024;3;3;16;2562,72;512544;8,705808080808081;28,96125;200
2024;3;3;17;2703,875;540775;9,07125;28,54;200
2024;3;3;18;2859,82;571964;10,652083333333332;27,83;200
2024;3;3;19;2823,025;564605;10,476130653266331;28,0525;200
2024;3;3;20;2641,215;528243;8,269166666666667;28,20375;200
2024;3;3;21;2159,015;431803;6,395;28,73625;200
2024;3;3;22;1624,565;324913;4,745833333333334;28,4225;200
2024;3;3;23;1282,81;256562;3,680833333333333;27,81;200
2024;3;4;0;971,86;242965;3,2027665317139005;25,24;250
2024;3;4;1;560,452;140113;2,1263333333333336;21,365;250
2024;3;4;2;368,644;92161;1,6491935483870968;18,129;250
2024;3;4;3;274,812;68703;1,4193333333333333;15,129;250
2024;3;4;4;249,604;62401;1,396;15,037;250
2024;3;4;5;321,356;80339;1,4784075573549256;17,739;250
2024;3;4;6;804,556;201139;2,6440620782726048;24,349;250
2024;3;4;7;1831,2;457800;6,065595716198126;27,533;250
2024;3;4;8;2412,868;603217;8,691097724230255;27,878;250
2024;3;4;9;2295,628;573907;8,462;27,882;250
2024;3;4;10;2116,08;529020;7,497333333333333;28,238;250
2024;3;4;11;2186,496;546624;7,611;28,104;250
2024;3;4;12;2370,996;592749;8,230333333333334;28,517;250
2024;3;4;13;2551,592;637898;8,963666666666667;28,289;250
2024;3;4;14;2990,472;747618;10,709;28,317;250
2024;3;4;15;2937,66;734415;11,185666666666666;27,382;250
2024;3;4;16;2535,952;633988;8,795333333333334;28,111;250
2024;3;4;17;2628,632;657158;9,069333333333335;28,57;250
2024;3;4;18;2647,328;661832;8,827;28,425;250
2024;3;4;19;2571,336;642834;9,007;28,054;250
2024;3;4;20;2580,776;645194;9,479;27,6;250
2024;3;4;21;2297,42;574355;7,681666666666667;28,523;250
2024;3;4;22;1723,564;430891;5,107;28,064;250
2024;3;4;23;1362,712;340678;4,162666666666667;27,896;250
2024;3;5;0;1198,252;299563;3,676788124156545;27,361;250
2024;3;5;1;985,224;246306;2,9533333333333336;26,283;250
2024;3;5;2;696,676;174169;2,531;24,875;250
2024;3;5;3;534,952;133738;2,029014844804318;22,024;250
2024;3;5;4;458,904;114726;1,7015582655826558;21,127;250
2024;3;5;5;447,492;111873;1,6155913978494625;20,708;250
2024;3;5;6;624,108;156027;2,026666666666667;24,665;250
2024;3;5;7;749,228;187307;2,333;25,706;250
2024;3;5;8;958,304;239576;2,6305220883534135;27,704;250
2024;3;5;9;1315,304;328826;3,7170698924731185;28,131;250
2024;3;5;10;1688,524;422131;4,935333333333333;28,452;250
2024;3;5;11;2035,852;508963;6,007666666666667;28,039;250
2024;3;5;12;2249,776;562444;6,864333333333333;28,037;250
2024;3;5;13;2477,092;619273;7,746666666666667;28,327;250
2024;3;5;14;2588,516;647129;8,217;28,73;250
2024;3;5;15;1924,34;481085;5,689666666666667;28,966;250
2024;3;5;16;1634,452;408613;4,745666666666667;28,959;250
2024;3;5;17;1903,672;475918;5,544666666666667;28,652;250
2024;3;5;18;2176,128;544032;6,895;28,369;250
2024;3;5;19;2270,352;567588;7,339;28,198;250
2024;3;5;20;2298,264;574566;7,874;27,988;250
2024;3;5;21;2064,036;516009;6,513666666666667;28,175;250
2024;3;5;22;1716,864;429216;5,359666666666667;28,544;250
2024;3;5;23;1440,116;360029;4,673666666666667;28,242;250
2024;3;6;0;1360,564;340141;4,417;27,848;250
2024;3;6;1;1044,016;261004;3,6443333333333334;26,958;250
2024;3;6;2;659,952;164988;2,962059620596206;25,372;250
2024;3;6;3;572,828;143207;2,5786099865047234;23,892666666666667;250
2024;3;6;4;501,356;125339;2,1912955465587043;22,965;250
2024;3;6;5;455,264;113816;2,031713900134953;22,675;250
2024;3;6;6;589,276;147319;2,0863575268817205;25,101;250
2024;3;6;7;661,464;165366;2,2674029451137887;26,289;250
2024;3;6;8;697,648;174412;2,427755376344086;25,788;250
2024;3;6;9;885,712;221428;2,99330655957162;26,837;250
2024;3;6;10;1287,568;321892;3,9467871485943773;28,06;250
2024;3;6;11;1735,244;433811;5,728915662650603;28,045;250
2024;3;6;12;2040,2;510050;6,875502008032129;28,512;250
2024;3;6;13;2304,896;576224;7,282666666666667;28,333;250
2024;3;6;14;2440,324;610081;7,786;28,256;250
2024;3;6;15;1840,968;460242;5,853666666666667;28,406;250
2024;3;6;16;1687,912;421978;5,715666666666667;28,352;250
2024;3;6;17;2001,116;500279;6,375;28,315;250
2024;3;6;18;2172,896;543224;7,130333333333333;28,368;250
2024;3;6;19;2150,284;537571;7,103333333333333;28,114;250
2024;3;6;20;2169,444;542361;6,911333333333333;28,148;250
2024;3;6;21;1954,432;488608;6,017333333333333;28,437;250
2024;3;6;22;1467,676;366919;4,218666666666667;28,367;250
2024;3;6;23;1139,624;284906;3,5266666666666664;27,231;250
2024;4;0;0;1379,824;344956;4,238529014844804;28,314;250
2024;4;0;1;1026,204;256551;3,294871794871795;25,052;250
2024;4;0;2;899,496;224874;2,970867208672087;23,137;250
2024;4;0;3;857,336;214334;2,743927125506073;21,842;250
2024;4;0;4;829,228;207307;2,5711875843454792;21,295;250
2024;4;0;5;899,5;224875;2,7825940860215055;23,496;250
2024;4;0;6;1289,848;322462;3,7298387096774195;27,181;250
2024;4;0;7;2210,176;552544;7,244623655913979;29,577;250
2024;4;0;8;2794,072;698518;10,382728494623656;29,104;250
2024;4;0;9;2729,432;682358;10,929435483870968;28,891;250
2024;4;0;10;2404,284;601071;8,493951612903226;29,527;250
2024;4;0;11;2395,888;598972;7,7627175368139225;29,533;250
2024;4;0;12;2486,752;621688;7,826305220883534;29,321;250
2024;4;0;13;2587,404;646851;8,20281124497992;29,27;250
2024;4;0;14;2897,944;724486;9,334002677376171;29,532;250
2024;4;0;15;2913,484;728371;8,8714859437751;29,885;250
2024;4;0;16;2665,396;666349;8,441767068273093;29,798;250
2024;4;0;17;2832,264;708066;9,451807228915662;29,719;250
2024;4;0;18;3000,328;750082;11,024096385542169;29,294;250
2024;4;0;19;2991,18;747795;10,106425702811245;29,467;250
2024;4;0;20;2695,384;673846;8,126506024096386;30,081;250
2024;4;0;21;2228,788;557197;6,463855421686747;30,442;250
2024;4;0;22;1735,456;433864;4,977242302543507;30,237;250
2024;4;0;23;1300,796;325199;3,8356760374832666;29,445;250
2024;4;1;0;988,196;247049;2,95127688172043;24,042;250
2024;4;1;1;721,988;180497;2,387432795698925;20,371;250
2024;4;1;2;601,84;150460;2,137884872824632;17,971;250
2024;4;1;3;568,284;142071;1,8918010752688172;16,356;250
2024;4;1;4;575,94;143985;1,7224462365591398;16,777;250
2024;4;1;5;635,352;158838;1,8068942436412316;19,248;250
2024;4;1;6;1113,432;278358;3,0608198924731185;27,165;250
2024;4;1;7;2312,156;578039;7,150602409638554;29,194;250
2024;4;1;8;3041,248;760312;11,519076305220883;28,74;250
2024;4;1;9;2971,3;742825;12,58433734939759;28,598;250
2024;4;1;10;2563,8;640950;9,67536813922356;28,798;250
2024;4;1;11;2498,264;624566;8,319611780455155;29,82;250
2024;4;1;12;2576,284;644071;8,56425702811245;29,806;250
2024;4;1;13;2675,384;668846;8,709;29,715;250
2024;4;1;14;3070,988;767747;9,943;29,686;250
2024;4;1;15;3123,6;780900;9,972666666666665;29,332;250
2024;4;1;16;2882,416;720604;9,33;29,819;250
2024;4;1;17;3023,584;755896;10,002;29,56;250
2024;4;1;18;3152,952;788238;10,92;29,064;250
2024;4;1;19;3098,36;774590;10,927;28,562;250
2024;4;1;20;2897,7;724425;8,946;29,479;250
2024;4;1;21;2371,296;592824;6,686;30,08;250
2024;4;1;22;1779,452;444863;4,8116666666666665;29,983;250
2024;4;1;23;1490,86;372715;4,150201612903226;29,042;250
2024;4;2;0;1244,22;248844;3,385521885521886;26,935;200
2024;4;2;1;883,175;176635;2,4795833333333333;23,29625;200
2024;4;2;2;719,205;143841;2,29606365159129;19,51875;200
2024;4;2;3;678,265;135653;1,8604166666666666;18,6875;200
2024;4;2;4;657,485;131497;1,804857621440536;18,055;200
2024;4;2;5;724,625;144925;1,93375;20,55625;200
2024;4;2;6;1171,695;234339;3,007916666666667;27,12125;200
2024;4;2;7;2359,845;471969;7,07875;29,37625;200
2024;4;2;8;3049,565;609913;11,99875;28,5375;200
2024;4;2;9;3010,2;602040;12,4925;28,48625;200
2024;4;2;10;2676,85;535370;9,470416666666667;28,855;200
2024;4;2;11;2540,005;508001;8,00375;29,89875;200
2024;4;2;12;2609,645;521929;8,15375;30,3225;200
2024;4;2;13;2743,815;548763;8,499166666666666;30,09375;200
2024;4;2;14;3084,2;616840;9,5825;30,30875;200
2024;4;2;15;3074,485;614897;9,34;30,27125;200
2024;4;2;16;2839,94;567988;8,915833333333333;30,20125;200
2024;4;2;17;2993,27;598654;10,825833333333332;29,875;200
2024;4;2;18;3158,13;631626;12,27375;28,83625;200
2024;4;2;19;3142,3;628460;11,61875;28,57;200
2024;4;2;20;2911,785;582357;9,14875;29,54;200
2024;4;2;21;2456,8;491360;7,17375;30,035;200
2024;4;2;22;1892,075;378415;5,34125;29,9375;200
2024;4;2;23;1520,31;304062;4,240833333333333;29,73;200
2024;4;3;0;1300,23;260046;3,5775;27,10875;200
2024;4;3;1;905,825;181165;2,5220833333333332;24,48375;200
2024;4;3;2;740,905;148181;2,289763113367174;20,65;200
2024;4;3;3;682,695;136539;2,125213675213675;19,15625;200
2024;4;3;4;657,9;131580;1,7811447811447811;19,23625;200
2024;4;3;5;711,805;142361;1,8493265993265995;21,2125;200
2024;4;3;6;1082,02;216404;3,052517361111111;26,7725;200
2024;4;3;7;2018,21;403642;6,579427083333333;28,175;200
2024;4;3;8;2682,39;536478;11,021267361111112;27,54625;200
2024;4;3;9;2643,435;528687;12,164496527777779;26,82;200
2024;4;3;10;2279,91;455982;8,94140625;27,1675;200
2024;4;3;11;2192,07;438414;7,710069444444444;28,09875;200
2024;4;3;12;2292,475;458495;7,75;28,05;200
2024;4;3;13;2619,72;523944;8,63;29,83625;200
2024;4;3;14;3021,335;604267;9,894472361809045;30,19375;200
2024;4;3;15;3007,16;601432;9,998324958123954;30,0575;200
2024;4;3;16;2822,985;564597;9,722361809045227;29,915;200
2024;4;3;17;2987,56;597512;10,405778894472363;30,15375;200
2024;4;3;18;3107,925;621585;11,399916247906198;29,3875;200
2024;4;3;19;3099,69;619938;11,188442211055277;29,39625;200
2024;4;3;20;2909,595;581919;9,199748743718592;30,3525;200
2024;4;3;21;2575,42;515084;7,663316582914573;30,72125;200
2024;4;3;22;2017,185;403437;5,850921273031825;30,61125;200
2024;4;3;23;1653,785;330757;4,892378559463987;30,225;200
2024;4;4;0;1445,05;289010;4,317420435510887;27,16875;200
2024;4;4;1;1068,445;213689;3,162897822445561;25,70625;200
2024;4;4;2;873,38;174676;2,8375634517766497;23,66875;200
2024;4;4;3;786,14;157228;2,503384094754653;20,65;200
2024;4;4;4;749,98;149996;2,363065326633166;20,08;200
2024;4;4;5;806,445;161289;2,446817420435511;22,34625;200
2024;4;4;6;1205,265;241053;3,478643216080402;27,79625;200
2024;4;4;7;2240,05;448010;6,927554438860971;30,2675;200
2024;4;4;8;2931,095;586219;9,449748743718592;30,4875;200
2024;4;4;9;2841,89;568378;10,017587939698492;30,47;200
2024;4;4;10;2532,2;506440;8,25251256281407;30,5025;200
2024;4;4;11;2536,51;507302;8,278056951423785;30,2375;200
2024;4;4;12;2637,67;527534;8,646984924623116;30,42375;200
2024;4;4;13;2808,78;561756;9,208123953098827;30,36125;200
2024;4;4;14;3219,515;643903;11,891959798994975;30,1425;200
2024;4;4;15;3217,935;643587;13,22110552763819;29,18875;200
2024;4;4;16;2921,205;584241;10,75;29,65625;200
2024;4;4;17;2967,275;593455;10,71356783919598;30,09125;200
2024;4;4;18;2938,48;587696;10,984924623115578;29,35125;200
2024;4;4;19;2840,505;568101;9,785594639865996;29,74375;200
2024;4;4;20;2781,73;556346;10,231155778894472;29,2425;200
2024;4;4;21;2640,53;528106;8,193467336683417;30,0475;200
2024;4;4;22;2185,065;437013;6,47319932998325;30,6;200
2024;4;4;23;1788,88;357776;5,14070351758794;30,5725;200
2024;4;5;0;1724,0;344800;4,998324958123953;30,155;200
2024;4;5;1;1498,605;299721;4,5879396984924625;29,545;200
2024;4;5;2;1229,91;245982;3,972361809045226;28,845;200
2024;4;5;3;1040,91;208182;3,3086264656616415;27,48625;200
2024;4;5;4;959,19;191838;3,1348408710217757;25,5025;200
2024;4;5;5;932,735;186547;2,9857621440536013;25,92875;200
2024;4;5;6;1067,86;213572;3,1762981574539366;27,90125;200
2024;4;5;7;1176,71;235342;3,457286432160804;29,41375;200
2024;4;5;8;1385,645;277129;3,778056951423786;29,8725;200
2024;4;5;9;1769,825;353965;4,9794807370184255;30,40625;200
2024;4;5;10;2118,66;423732;6,022613065326633;30,4825;200
2024;4;5;11;2417,925;483585;6,986180904522613;30,47625;200
2024;4;5;12;2621,77;524354;7,924623115577889;30,31375;200
2024;4;5;13;2756,6;551320;8,734924623115578;29,77625;200
2024;4;5;14;2778,34;555668;8,800670016750418;29,88625;200
2024;4;5;15;2269,34;453868;6,530150753768845;30,6125;200
2024;4;5;16;1987,03;397406;5,732412060301508;30,39375;200
2024;4;5;17;2253,85;450770;6,5619765494137345;30,315;200
2024;4;5;18;2440,88;488176;7,02680067001675;30,295;200
2024;4;5;19;2511,9;502380;7,706867671691793;30,0825;200
2024;4;5;20;2545,73;509146;8,175879396984925;29,76125;200
2024;4;5;21;2468,415;493683;7,742462311557789;30,4675;200
2024;4;5;22;2232,715;446543;6,773031825795645;30,465;200
2024;4;5;23;1905,305;381061;5,853015075376884;30,08;200
2024;4;6;0;1839,32;367864;5,982830820770519;30,0425;200
2024;4;6;1;1610,515;322103;4,957705192629816;29,8725;200
2024;4;6;2;1294,355;258871;4,2793132328308205;28,98875;200
2024;4;6;3;1112,755;222551;3,5542929292929295;27,9375;200
2024;4;6;4;1005,95;201190;3,33502538071066;26,15125;200
2024;4;6;5;965,68;193136;3,140151515151515;26,26;200
2024;4;6;6;1051,66;210332;3,0979899497487438;28,11;200
2024;4;6;7;1103,815;220763;3,1826599326599325;29,23625;200
2024;4;6;8;1154,140703517588;229674;3,436971235194586;29,484924623115578;199
2024;4;6;9;1311,4723618090452;260983;4,018939393939394;28,173366834170853;199
2024;4;6;10;1638,641414141414;324451;4,756345177664975;28,727272727272727;198
2024;4;6;11;1966,265;393253;5,665410385259632;28,53375;200
2024;4;6;12;2232,035;446407;6,699748743718593;28,11375;200
2024;4;6;13;2416,795;483359;7,646147403685092;27,7975;200
2024;4;6;14;2469,815;493963;7,777219430485762;27,63625;200
2024;4;6;15;2126,84;425368;6,369765494137353;29,09625;200
2024;4;6;16;1952,635;390527;5,669179229480737;30,5125;200
2024;4;6;17;2241,405;448281;6,4128978224455615;30,32375;200
2024;4;6;18;2379,89;475978;6,865159128978225;30,29;200
2024;4;6;19;2378,38;475676;7,103956228956228;30,0825;200
2024;4;6;20;2410,94;482188;7,494107744107744;30,01;200
2024;4;6;21;2273,68;454736;6,982323232323233;30,12375;200
2024;4;6;22;1914,53;382906;5,631734006734006;30,25;200
2024;4;6;23;1688,315;337663;4,997053872053872;30,0925;200
2024;5;0;0;864,095;172819;2,850833333333333;24,52;200
2024;5;0;1;526,38;105276;1,8995833333333334;21,19875;200
2024;5;0;2;291,925;58385;1,3063973063973064;16,79625;200
2024;5;0;3;205,83;41166;1,0012626262626263;12,73;200
2024;5;0;4;183,24;36648;0,7814070351758794;11,64375;200
2024;5;0;5;277,52;55504;1,0120833333333332;15,9875;200
2024;5;0;6;840,48;168096;2,4604166666666667;25,41625;200
2024;5;0;7;2262,505;452501;7,20625;29,08125;200
2024;5;0;8;3150,29;630058;11,905833333333332;27,66625;200
2024;5;0;9;2986,485;597297;12,382747068676716;27,12375;200
2024;5;0;10;2520,87;504174;8,839166666666666;28,21;200
2024;5;0;11;2414,1256281407036;480411;8,028056951423785;28,756281407035175;199
2024;5;0;12;2505,7336683417084;498641;8,337939698492463;28,801507537688444;199
2024;5;0;13;2614,2763819095476;520241;8,559882747068677;28,693467336683415;199
2024;5;0;14;3038,785;607757;9,75;28,75625;200
2024;5;0;15;3095,685;619137;9,512083333333333;28,45625;200
2024;5;0;16;2841,73;568346;9,2375;28,6725;200
2024;5;0;17;3020,185;604037;10,184583333333334;28,69375;200
2024;5;0;18;3183,39;636678;11,17875;28,0425;200
2024;5;0;19;3144,15;628830;10,84375;28,015;200
2024;5;0;20;2746,91;549382;8,10125;28,535;200
2024;5;0;21;2245,23;449046;6,3925;29,50125;200
2024;5;0;22;1617,95;323590;4,590416666666667;29,49125;200
2024;5;0;23;1151,555;230311;3,3954166666666667;28,185;200
2024;5;1;0;747,37;149474;2,4271356783919598;22,49625;200
2024;5;1;1;423,46;84692;1,5905245346869712;18,64875;200
2024;5;1;2;230,125;46025;1,1591289782244556;14,37125;200
2024;5;1;3;175,075;35015;0,8525963149078727;11,42125;200
2024;5;1;4;177,605;35521;0,6930485762144053;11,465;200
2024;5;1;5;274,585;54917;0,932998324958124;16,1;200
2024;5;1;6;835,05;167010;2,36125;25,69375;200
2024;5;1;7;2295,59;459118;7,26875;28,78875;200
2024;5;1;8;3120,695;624139;12,306666666666667;27,31;200
2024;5;1;9;2969,955;593991;14,862083333333333;25,84375;200
2024;5;1;10;2641,44;528288;9,792083333333334;27,2575;200
2024;5;1;11;2466,457286432161;490825;8,304438860971525;28,667085427135678;199
2024;5;1;12;2572,185929648241;511865;8,836683417085426;29,025125628140703;199
2024;5;1;13;2721,105;544221;8,830416666666666;28,73;200
2024;5;1;14;3135,9;627180;10,12375;28,67625;200
2024;5;1;15;3149,935;629987;10,64375;27,93875;200
2024;5;1;16;2881,48;576296;10,09875;28,22625;200
2024;5;1;17;3074,63;614926;10,73;28,01375;200
2024;5;1;18;3249,06;649812;13,0425;27,30375;200
2024;5;1;19;3247,155;649431;12,83625;26,70375;200
2024;5;1;20;3020,725;604145;10,327083333333333;27,82;200
2024;5;1;21;2445,79;489158;7,315;29,03875;200
2024;5;1;22;1772,455;354491;5,321666666666666;29,2225;200
2024;5;1;23;1332,735;266547;4,13125;28,525;200
2024;5;2;0;1034,836;258709;3,5923694779116464;25,963;250
2024;5;2;1;686,772;171693;2,3678045515394914;22,384;250
2024;5;2;2;453,12;113280;1,959005376344086;18,64;250
2024;5;2;3;375,62;93905;1,5311244979919678;16,749;250
2024;5;2;4;274,844;68711;1,2866263440860215;15,108;250
2024;5;2;5;294,972;73743;1,0243333333333333;16,704;250
2024;5;2;6;712,372;178093;1,9953145917001338;24,117;250
2024;5;2;7;1740,048;435012;5,434333333333333;28,763;250
2024;5;2;8;2329,148;582287;8,937666666666667;27,582;250
2024;5;2;9;2314,744;578686;10,214;26,624;250
2024;5;2;10;2225,888;556472;8,065;27,252;250
2024;5;2;11;2304,592;576148;7,132;28,437;250
2024;5;2;12;2406,308;601577;8,183467741935484;28,363;250
2024;5;2;13;2516,088;629022;8,87231182795699;28,031;250
2024;5;2;14;2788,888;697222;9,444666666666667;28,316;250
2024;5;2;15;2684,492;671123;8,772333333333334;28,502;250
2024;5;2;16;2400,96;600240;7,756666666666667;28,732;250
2024;5;2;17;2607,608;651902;8,741;28,439;250
2024;5;2;18;2820,384;705096;10,67;27,546;250
2024;5;2;19;2787,464;696866;10,443666666666665;27,23;250
2024;5;2;20;2593,476;648369;8,354333333333335;28,267;250
2024;5;2;21;2231,496;557874;6,407;29,017;250
2024;5;2;22;1703,436;425859;4,712333333333333;29,233;250
2024;5;2;23;1373,6666666666667;342043;3,998326639892905;28,79116465863454;249
2024;5;3;0;1131,3709677419354;280580;3,470310391363023;25,9375;248
2024;5;3;1;710,116935483871;176109;2,431174089068826;23,483870967741936;248
2024;5;3;2;433,89112903225805;107605;1,5991902834008098;19,820564516129032;248
2024;5;3;3;299,2530120481928;74514;1,3075635876840694;15,890562248995984;249
2024;5;3;4;261,82;65455;0,9523333333333334;14,13;250
2024;5;3;5;339,552;84888;1,2637215528781796;17,796;250
2024;5;3;6;781,708;195427;2,1411290322580645;24,986;250
2024;5;3;7;1944,548;486137;5,615333333333333;28,42;250
2024;5;3;8;2707,58;676895;9,292666666666666;27,797;250
2024;5;3;9;2661,096;665274;10,864;27,248;250
2024;5;3;10;2347,276;586819;8,542;27,785;250
2024;5;3;11;2355,879518072289;586614;7,367469879518072;28,667670682730925;249
2024;5;3;12;2444,728;611182;7,899333333333333;28,327;250
2024;5;3;13;2598,964;649741;8,218333333333334;28,576;250
2024;5;3;14;2910,928;727732;9,355666666666666;28,345;250
2024;5;3;15;2854,288;713572;9,240666666666666;28,272;250
2024;5;3;16;2663,872;665968;8,524333333333335;28,451;250
2024;5;3;17;2857,272;714318;9,986;28,464;250
2024;5;3;18;3023,28;755820;11,071666666666665;27,426;250
2024;5;3;19;2978,704;744676;10,406333333333334;27,464;250
2024;5;3;20;2760,428;690107;8,868;28,063;250
2024;5;3;21;2354,424;588606;6,784666666666667;29,07;250
2024;5;3;22;1864,952;466238;5,312666666666667;29,073;250
2024;5;3;23;1448,896;362224;4,197;28,725;250
2024;5;4;0;1163,612;290903;3,7322623828647927;24,483;250
2024;5;4;1;764,7947598253276;175138;2,4203216374269005;23,829694323144103;229
2024;5;4;2;449,512;112378;1,7123655913978495;17,707;250
2024;5;4;3;336,02;84005;1,2291666666666665;15,011;250
2024;5;4;4;298,68879668049794;71984;1,1576011157601116;14,87344398340249;241
2024;5;4;5;371,2406639004149;89469;1,3573919107391912;17,786307053941908;241
2024;5;4;6;852,2614107883818;205395;2,5;26,62033195020747;241
2024;5;4;7;1999,7634854771784;481943;5,663554633471646;29,988589211618258;241
2024;5;4;8;2749,6;687400;8,75;29,204;250
2024;5;4;9;2659,272;664818;9,050333333333334;28,699;250
2024;5;4;10;2445,164;611291;7,866666666666667;28,492;250
2024;5;4;11;2468,58;617145;7,898666666666667;28,236;250
2024;5;4;12;2615,824;653956;8,421333333333333;28,292;250
2024;5;4;13;2784,412;696103;9,023666666666665;28,246;250
2024;5;4;14;3254,04;813510;12,013;27,895;250
2024;5;4;15;3212,132;803033;12,651;26,892;250
2024;5;4;16;2878,992;719748;11,069;26,956;250
2024;5;4;17;2960,464;740116;10,917333333333334;27,448;250
2024;5;4;18;2944,548;736137;11,032;27,54;250
2024;5;4;19;2849,728;712432;10,583;27,622;250
2024;5;4;20;2751,396;687849;9,641;27,677;250
2024;5;4;21;2573,416;643354;8,261666666666667;28,364;250
2024;5;4;22;2090,496;522624;6,472666666666667;28,424;250
2024;5;4;23;1598,528;399632;4,783333333333333;28,663;250
2024;5;5;0;1438,46;287692;4,339195979899498;28,57625;200
2024;5;5;1;1162,535;232507;3,742916666666667;26,81625;200
2024;5;5;2;859,16;171832;3,158333333333333;26,5;200
2024;5;5;3;648,885;129777;2,3985690235690234;23,94;200
2024;5;5;4;513,44;102688;1,9699661590524533;22,09875;200
2024;5;5;5;447,465;89493;1,8015075376884422;21,8275;200
2024;5;5;6;595,85;119170;2,09375;24,86625;200
2024;5;5;7;777,545;155509;2,3941666666666666;25,9725;200
2024;5;5;8;987,285;197457;2,814070351758794;27,3375;200
2024;5;5;9;1426,9;285380;4,060833333333333;28,395;200
2024;5;5;10;1900,685;380137;5,471666666666667;28,63125;200
2024;5;5;11;2259,595;451919;6,43;28,30375;200
2024;5;5;12;2471,55;494310;7,32125;28,27875;200
2024;5;5;13;2648,59;529718;7,924166666666666;28,20125;200
2024;5;5;14;2721,14;544228;8,7125;27,9725;200
2024;5;5;15;2136,985;427397;5,988333333333333;28,53375;200
2024;5;5;16;1700,13;340026;4,85375;28,74375;200
2024;5;5;17;2036,04;407208;5,899166666666666;28,52375;200
2024;5;5;18;2367,745;473549;7,276666666666666;28,33625;200
2024;5;5;19;2447,22;489444;7,3116666666666665;28,1725;200
2024;5;5;20;2455,4;491080;7,83375;27,98875;200
2024;5;5;21;2390,115;478023;7,339583333333334;28,30125;200
2024;5;5;22;2125,1;425020;6,109166666666666;28,355;200
2024;5;5;23;1754,205;350841;5,36625;28,50125;200
2024;5;6;0;1765,565;353113;5,3125;28,47125;200
2024;5;6;1;1384,005;276801;4,225416666666667;27,7475;200
2024;5;6;2;990,515;198103;3,21625;26,96875;200
2024;5;6;3;781,21;156242;2,6683417085427137;25,965;200
2024;5;6;4;567,2;113440;2,053601340033501;23,5775;200
2024;5;6;5;460,8;92160;1,6954166666666666;21,61;200
2024;5;6;6;569,12;113824;1,75375;24,085;200
2024;5;6;7;679,475;135895;1,9204166666666667;26,2025;200
2024;5;6;8;755,755;151151;2,1579166666666665;25,80125;200
2024;5;6;9;1000,455;200091;2,992916666666667;26,85375;200
2024;5;6;10;1428,535;285707;3,9595833333333332;27,4225;200
2024;5;6;11;1927,665;385533;5,5633333333333335;27,53;200
2024;5;6;12;2222,465;444493;6,474874371859296;27,93625;200
2024;5;6;13;2521,845;504369;7,7525;28,1875;200
2024;5;6;14;2664,255;532851;7,8625;28,28375;200
2024;5;6;15;2110,375;422075;6,024166666666666;28,75;200
2024;5;6;16;1789,365;357873;5,23;28,535;200
2024;5;6;17;2172,63;434526;6,472916666666666;28,38;200
2024;5;6;18;2412,46;482492;7,660416666666666;27,9125;200
2024;5;6;19;2445,75;489150;7,34625;28,5075;200
2024;5;6;20;2338,48;467696;7,172083333333334;28,95;200
2024;5;6;21;2216,365;443273;6,55;28,7275;200
2024;5;6;22;1825,61;365122;5,0529166666666665;29,06375;200
2024;5;6;23;1307,3517587939698;260163;3,7738693467336684;28,32286432160804;199
2024;6;0;0;977,34;195468;2,807083333333333;26,55875;200
2024;6;0;1;578,12;115624;2,018006700167504;23,77125;200
2024;6;0;2;323,64;64728;1,3806532663316582;19,06375;200
2024;6;0;3;229,91;45982;1,0091666666666665;14,9075;200
2024;6;0;4;206,94;41388;0,8135521885521886;13,68125;200
2024;6;0;5;287,205;57441;0,9276649746192893;18,11625;200
2024;6;0;6;870,355;174071;2,6365159128978224;25,52875;200
2024;6;0;7;2279,86;455972;6,950833333333334;28,28375;200
2024;6;0;8;3030,215;606043;11,634583333333332;26,99625;200
2024;6;0;9;2869,74;573948;12,7075;26,25;200
2024;6;0;10;2443,09;488618;8,5575;27,4;200
2024;6;0;11;2390,08;478016;8,02375;28,0175;200
2024;6;0;12;2511,535;502307;7,93125;28,63125;200
2024;6;0;13;2637,26;527452;8,52375;28,67875;200
2024;6;0;14;3087,345;617469;10,22875;29,0475;200
2024;6;0;15;3087,605;617521;10,30375;28,18375;200
2024;6;0;16;2776,625;555325;8,7025;28,46875;200
2024;6;0;17;2893,1;578620;8,99;28,5175;200
2024;6;0;18;2989,59;597918;9,72110552763819;28,40625;200
2024;6;0;19;2966,1;593220;9,732412060301508;28,29375;200
2024;6;0;20;2666,195;533239;8,071608040201005;28,83;200
2024;6;0;21;2216,97;443394;6,244974874371859;29,21625;200
2024;6;0;22;1700,805;340161;4,763400335008375;29,17;200
2024;6;0;23;1329,575;265915;3,7931323283082077;28,0625;200
2024;6;1;0;1009,605;201921;2,9579124579124576;24,49125;200
2024;6;1;1;710,535;142107;2,3616751269035534;22,08;200
2024;6;1;2;549,855;109971;1,8923785594639866;18,505;200
2024;6;1;3;488,295;97659;1,746212121212121;16,84875;200
2024;6;1;4;486,58;97316;1,6224747474747474;17,04625;200
2024;6;1;5;565,18;113036;1,6821608040201006;19,605;200
2024;6;1;6;1069,53;213906;2,890284757118928;26,24625;200
2024;6;1;7;2313,01;462602;7,2868509212730315;28,39875;200
2024;6;1;8;3000,16;600032;11,890284757118927;27,13;200
2024;6;1;9;2891,885;578377;12,611390284757118;26,4575;200
2024;6;1;10;2507,115;501423;9,097989949748744;27,6575;200
2024;6;1;11;2472,85;494570;7,8379396984924625;28,45625;200
2024;6;1;12;2550,565;510113;8,428810720268006;28,5125;200
2024;6;1;13;2699,855;539971;8,814070351758794;28,665;200
2024;6;1;14;3050,935;610187;10,630653266331658;28,465;200
2024;6;1;15;3065,115;613023;9,767587939698492;28,53875;200
2024;6;1;16;2803,31;560662;8,969011725293132;28,44;200
2024;6;1;17;2898,04;579608;9,6525;28,4175;200
2024;6;1;18;3229,56;645912;11,035;27,9025;200
2024;6;1;19;3159,265;631853;10,3875;27,7475;200
2024;6;1;20;2872,09595959596;568675;8,808080808080808;28,74621212121212;198
2024;6;1;21;2357,3888888888887;466763;6,7912457912457915;29,41919191919192;198
2024;6;1;22;1730,145728643216;344299;4,957705192629816;29,11180904522613;199
2024;6;1;23;1338,141414141414;264952;4,029040404040404;28,6010101010101;198
2024;6;2;0;1014,0757575757576;200787;3,1426767676767677;24,588383838383837;198
2024;6;2;1;582,2676767676768;115289;2,045875420875421;19,897727272727273;198
2024;6;2;2;335,1515151515151;66360;1,474326599326599;15,684343434343434;198
2024;6;2;3;262,45959595959596;51967;1,2104377104377104;13,2739898989899;198
2024;6;2;4;252,86868686868686;50068;1,1725589225589226;13,795454545454545;198
2024;6;2;5;327,75252525252523;64895;1,2251683501683501;16,819444444444443;198
2024;6;2;6;886,4949494949495;175526;2,6445578231292517;25,257575757575758;198
2024;6;2;7;2352,080808080808;465712;7,1952861952861955;28,91287878787879;198
2024;6;2;8;3123,131313131313;618380;12,13594276094276;27,439393939393938;198
2024;6;2;9;2987,44;597488;12,95875;26,83375;200
2024;6;2;10;2532,315;506463;9,25;27,675;200
2024;6;2;11;2466,42;493284;8,289583333333333;28,285;200
2024;6;2;12;2617,81;523562;8,20125;28,64625;200
2024;6;2;13;2751,705;550341;8,72375;28,56;200
2024;6;2;14;3145,035;629007;10,48;28,45375;200
2024;6;2;15;3117,41;623482;9,98625;28,385;200
2024;6;2;16;2868,57;573714;9,024166666666666;28,44375;200
2024;6;2;17;3002,975;600595;9,87;28,40125;200
2024;6;2;18;3222,22;644444;10,80875;28,0275;200
2024;6;2;19;3193,605;638721;10,70625;27,955;200
2024;6;2;20;2934,61;586922;9,1675;28,825;200
2024;6;2;21;2393,825;478765;6,85375;29,25875;200
2024;6;2;22;1825,33;365066;5,04625;29,09125;200
2024;6;2;23;1403,29;280658;4,1554166666666665;28,69125;200
2024;6;3;0;1070,48;214096;3,518006700167504;25,925;200
2024;6;3;1;641,97;128394;2,0729166666666665;22,7425;200
2024;6;3;2;369,725;73945;1,5256734006734005;18,4525;200
2024;6;3;3;258,785;51757;1,2043147208121827;15,2825;200
2024;6;3;4;241,585;48317;0,9321608040201005;14,4725;200
2024;6;3;5;313,605;62721;1,11625;17,38375;200
2024;6;3;6;857,785;171557;2,4229166666666666;25,2725;200
2024;6;3;7;2236,585;447317;6,700167504187604;28,78875;200
2024;6;3;8;3111,94;622388;11,314583333333333;27,8275;200
2024;6;3;9;2966,425;593285;12,09125;27,85625;200
2024;6;3;10;2587,1;517420;8,95875;28,03375;200
2024;6;3;11;2548,465;509693;8,17875;28,0125;200
2024;6;3;12;2613,415;522683;8,660833333333334;28,2;200
2024;6;3;13;2709,31;541862;9,044583333333334;28,1575;200
2024;6;3;14;2890,07;578014;10,65875;28,43625;200
2024;6;3;15;3233,3;646660;11,023333333333333;28,08375;200
2024;6;3;16;2955,01;591002;9,62125;28,115;200
2024;6;3;17;3002,51;600502;10,3525;28,22;200
2024;6;3;18;3174,97;634994;10,699583333333333;27,89;200
2024;6;3;19;3144,69;628938;10,975;27,45625;200
2024;6;3;20;2942,275;588455;9,57625;27,76;200
2024;6;3;21;2590,85;518170;7,73375;28,41625;200
2024;6;3;22;1972,88;394576;5,6;28,8;200
2024;6;3;23;1628,31;325662;4,962916666666667;28,37875;200
2024;6;4;0;1439,355;287871;4,66;26,33625;200
2024;6;4;1;1038,97;207794;3,274166666666667;24,44375;200
2024;6;4;2;782,14;156428;2,621859296482412;22,64625;200
2024;6;4;3;669,01;133802;2,4266666666666667;20,055;200
2024;6;4;4;627,655;125531;2,228643216080402;19,3475;200
2024;6;4;5;657,33;131466;2,1458333333333335;21,305;200
2024;6;4;6;1094,405;218881;3,265416666666667;26,155;200
2024;6;4;7;2146,84;429368;6,221666666666667;28,9325;200
2024;6;4;8;2810,15;562030;8,87;28,845;200
2024;6;4;9;2787,73;557546;9,312916666666666;28,6475;200
2024;6;4;10;2461,555;492311;8,24625;28,2625;200
2024;6;4;11;2501,465;500293;8,480416666666667;28,00875;200
2024;6;4;12;2676,477386934673;532619;8,84003350083752;28,53391959798995;199
2024;6;4;13;2880,959798994975;573311;9,724036850921273;28,310301507537687;199
2024;6;4;14;3384,4874371859296;673513;12,85678391959799;27,96356783919598;199
2024;6;4;15;3451,4874371859296;686846;13,79606365159129;26,306532663316585;199
2024;6;4;16;2970,355;594071;10,4475;27,2475;200
2024;6;4;17;2956,537688442211;588351;9,753768844221106;28,482412060301506;199
2024;6;4;18;2952,5527638190956;587558;10,041457286432161;27,701005025125628;199
2024;6;4;19;2870,854271356784;571300;10,523869346733669;27,90326633165829;199
2024;6;4;20;2912,065326633166;579501;10,172110552763819;28,066582914572866;199
2024;6;4;21;2585,2010050251256;514455;8,077889447236181;28,45603015075377;199
2024;6;4;22;1993,1859296482412;396644;6,073701842546064;28,73994974874372;199
2024;6;4;23;1527,5276381909548;303978;4,806951423785595;28,309045226130653;199
2024;6;5;0;1513,5731707317073;372339;4,1998644986449865;28,525406504065042;246
2024;6;5;1;1244,439024390244;306132;3,5613143631436315;28,173780487804876;246
2024;6;5;2;873,8821138211382;214975;2,759823848238482;26,695121951219512;246
2024;6;5;3;616,4918699186992;151657;1,9630758807588076;24,78760162601626;246
2024;6;5;4;486,40485829959516;120142;1,9461382113821137;22,763157894736842;247
2024;6;5;5;466,9146341463415;114861;1,596938775510204;21,79979674796748;246
2024;6;5;6;650,6382113821138;160057;1,8456284153005464;25,608739837398375;246
2024;6;5;7;848,6626016260162;208771;2,325880758807588;27,514227642276424;246
2024;6;5;8;1098,178861788618;270152;3,018970189701897;27,976626016260163;246
2024;6;5;9;1469,60162601626;361522;4,039972899728998;28,754065040650406;246
2024;6;5;10;1844,9236947791164;459386;5,433734939759036;28,882530120481928;249
2024;6;5;11;2207,3172690763054;549622;6,591030789825971;28,47690763052209;249
2024;6;5;12;2471,570281124498;615421;7,158299866131192;28,46586345381526;249
2024;6;5;13;2610,8313253012047;650097;7,783132530120482;28,433734939759034;249
2024;6;5;14;2681,8192771084337;667773;7,705488621151272;28,63755020080321;249
2024;6;5;15;2056,10843373494;511971;5,707496653279786;28,95682730923695;249
2024;6;5;16;1688,3333333333333;420395;4,736947791164659;28,86244979919679;249
2024;6;5;17;1960,4819277108434;488160;5,594042838018742;28,934738955823292;249
2024;6;5;18;2177,582329317269;542218;6,279116465863454;28,3785140562249;249
2024;6;5;19;2222,722891566265;553458;6,62483266398929;28,352409638554217;249
2024;6;5;20;2365,895582329317;589108;7,382530120481928;28,272088353413654;249
2024;6;5;21;2104,012048192771;523899;6,407965194109772;28,582329317269075;249
2024;6;5;22;1768,0722891566265;440250;5,211512717536814;28,548192771084338;249
2024;6;5;23;1544,3975903614457;384555;4,585676037483266;28,28012048192771;249
2024;6;6;0;1708,6425702811246;425452;5,176706827309237;28,27008032128514;249
2024;6;6;1;1369,3815261044176;340976;4,174029451137884;27,902610441767067;249
2024;6;6;2;960,4698795180723;239157;2,97958500669344;27,234939759036145;249
2024;6;6;3;699,1767068273092;174095;2,353413654618474;25,48293172690763;249
2024;6;6;4;566,2208835341365;140989;2,002016129032258;23,373493975903614;249
2024;6;6;5;478,59437751004015;119170;1,7891566265060241;22,75;249
2024;6;6;6;626,722891566265;156054;1,9089692101740294;25,502008032128515;249
2024;6;6;7;721,4779116465863;179648;2,147925033467202;26,60542168674699;249
2024;6;6;8;757,8232931726908;188698;2,177755376344086;26,23995983935743;249
2024;6;6;9;1011,156626506024;251778;2,742302543507363;26,84437751004016;249
2024;6;6;10;1409,124497991968;350872;3,882864792503347;27,602409638554217;249
2024;6;6;11;1867,0803212851406;464903;5,618808567603748;27,699799196787147;249
2024;6;6;12;2249,6465863453814;560162;6,43574297188755;28,377510040160644;249
2024;6;6;13;2453,887550200803;611018;7,022757697456493;28,47590361445783;249
2024;6;6;14;2506,710843373494;624171;6,8798527443105755;28,71385542168675;249
2024;6;6;15;1925,5301204819277;479457;5,354417670682731;29,113453815261042;249
2024;6;6;16;1669,2088353413656;415633;4,704149933065596;28,854417670682732;249
2024;6;6;17;2040,4538152610442;508073;5,649598393574297;28,518072289156628;249
2024;6;6;18;2276,3493975903616;566811;6,5;28,647590361445783;249
2024;6;6;19;2289,8032128514055;570161;6,511044176706827;28,531124497991968;249
2024;6;6;20;2331,028112449799;580426;7,072958500669344;28,53614457831325;249
2024;6;6;21;2192,751004016064;545995;6,536144578313253;28,67269076305221;249
2024;6;6;22;1808,566265060241;450333;4,970548862115128;28,752008032128515;249
2024;6;6;23;1386,0240963855422;345120;3,846720214190094;28,347389558232933;249
2024;7;0;0;1371,98755186722;330649;4,11030428769018;24,681535269709542;241
2024;7;0;1;914,9170124481328;220495;2,954356846473029;22,978215767634854;241
2024;7;0;2;642,4149377593361;154822;2,460069444444444;19,772821576763487;241
2024;7;0;3;548,0414937759336;132078;2,1697786998616873;18,783195020746888;241
2024;7;0;4;509,57676348547716;122808;1,980902777777778;18,466804979253112;241
2024;7;0;5;580,6141078838174;139928;2,1163194444444446;19,82676348547718;241
2024;7;0;6;1055,6141078838175;254403;3,2911479944674964;25,904564315352697;241
2024;7;0;7;2115,3402489626556;509797;6,1078838174273855;29,164937759336098;241
2024;7;0;8;2678,6929460580914;645565;9,308333333333334;28,58402489626556;241
2024;7;0;9;2549,9294605809127;614533;9,358921161825727;28,78941908713693;241
2024;7;0;10;2314,390041493776;557768;7,984094052558783;28,644190871369293;241
2024;7;0;11;2315,319502074689;557992;7,334716459197788;28,522821576763487;241
2024;7;0;12;2403,572614107884;579261;7,893153526970955;28,603734439834025;241
2024;7;0;13;2480,091286307054;597702;7,95850622406639;28,817427385892117;241
2024;7;0;14;2839,285123966942;687107;9,323347107438016;28,90289256198347;242
2024;7;0;15;2985,896265560166;719601;9,4149377593361;28,40560165975104;241
2024;7;0;16;2595,190082644628;628036;8,90495867768595;28,40702479338843;242
2024;7;0;17;2596,219917012448;625689;8,298755186721992;29,366182572614107;241
2024;7;0;18;2752,5228215767634;663358;8,83091286307054;28,95020746887967;241
2024;7;0;19;2723,551867219917;656376;8,37344398340249;29,186721991701244;241
2024;7;0;20;2478,174273858921;597240;7,2254495159059475;29,53112033195021;241
2024;7;0;21;2051,8547717842325;494497;6,073651452282157;29,59439834024896;241
2024;7;0;22;1529,2572614107885;368551;4,596818810511756;29,264522821576765;241
2024;7;0;23;1158,7095435684648;279249;3,524896265560166;27,696058091286307;241
2024;7;1;0;884,7095435684647;213215;2,766319444444444;24,08817427385892;241
2024;7;1;1;579,6016597510373;139684;2,2746527777777774;20,783195020746888;241
2024;7;1;2;348,07053941908714;83885;1,5155601659751037;16,145228215767634;241
2024;7;1;3;260,75103734439836;62841;1,2278699861687414;12,877593360995851;241
2024;7;1;4;250,60165975103735;60395;1,0525587828492393;12,87344398340249;241
2024;7;1;5;332,00829875518673;80014;1,15625;15,78630705394191;241
2024;7;1;6;857,8091286307053;206732;2,460235131396957;25,263485477178424;241
2024;7;1;7;2085,6763485477177;502648;6,172916666666667;29,276970954356848;241
2024;7;1;8;2815,6363636363635;681384;9,739669421487603;28,71797520661157;242
2024;7;1;9;2635,706611570248;637841;9,962121212121213;28,487603305785125;242
2024;7;1;10;2369,276859504132;573365;7,879476584022038;28,760330578512395;242
2024;7;1;11;2382,190082644628;576490;7,353994490358127;28,956611570247933;242
2024;7;1;12;2430,3852459016393;593014;8,410860655737705;28,635245901639344;244
2024;7;1;13;2495,5560165975103;601429;8,483056708160444;28,86410788381743;241
2024;7;1;14;2940,0245901639346;717366;10,429303278688524;28,674180327868854;244
2024;7;1;15;3083,4504132231405;746195;10,465909090909092;28,60123966942149;242
2024;7;1;16;2731,3595041322315;660989;8,955578512396695;28,615702479338843;242
2024;7;1;17;2661,8264462809916;644162;8,835743801652892;28,600206611570247;242
2024;7;1;18;2833,714876033058;685759;9,338842975206612;28,649793388429753;242
2024;7;1;19;2781,595041322314;673146;8,993801652892563;28,641528925619834;242
2024;7;1;20;2571,4586776859505;622293;8,205578512396695;29,079545454545453;242
2024;7;1;21;2124,5206611570247;514134;6,429752066115703;29,451446280991735;242
2024;7;1;22;1515,5454545454545;366762;4,4772727272727275;28,703512396694215;242
2024;7;1;23;1204,8305785123966;291569;3,6019283746556474;27,22623966942149;242
2024;7;2;0;1023,3553719008264;247652;3,032713498622589;24,419421487603305;242
2024;7;2;1;627,99173553719;151974;2,313194444444444;22,480371900826448;242
2024;7;2;2;355,5702479338843;86048;1,4700413223140496;17,956611570247933;242
2024;7;2;3;240,95867768595042;58312;1,21866391184573;13,625;242
2024;7;2;4;212,76859504132233;51490;1,1666666666666667;12,78099173553719;242
2024;7;2;5;283,4710743801653;68600;1,253472222222222;16,510330578512395;242
2024;7;2;6;806,7066115702479;195223;2,5459889349930847;25,16115702479339;242
2024;7;2;7;2059,6487603305786;498435;6,362603305785124;29,079545454545453;242
2024;7;2;8;2737,210743801653;662405;9,529269972451791;29,007231404958677;242
2024;7;2;9;2590,099173553719;626804;9,567148760330578;28,72210743801653;242
2024;7;2;10;2336,6074380165287;565459;8,058884297520661;28,59607438016529;242
2024;7;2;11;2351,5702479338843;569080;7,925275482093665;28,755165289256198;242
2024;7;2;12;2416,814049586777;584869;8,368112947658402;28,90289256198347;242
2024;7;2;13;2529,4752066115702;612133;8,540289256198347;29,09400826446281;242
2024;7;2;14;3015,090909090909;729652;9,915633608815428;28,952479338842974;242
2024;7;2;15;3087,3925619834713;747149;10,635330578512397;28,31714876033058;242
2024;7;2;16;2750,991666666667;660238;9,18923611111111;28,951041666666665;240
2024;7;2;17;2699,439330543933;645166;8,739539748953975;28,98326359832636;239
2024;7;2;18;2776,5495867768595;671925;9,74896694214876;28,18801652892562;242
2024;7;2;19;2751,2738589211617;663057;9,715421853388658;28,12136929460581;241
2024;7;2;20;2587,008298755187;623469;8,46161825726141;28,566390041493776;241
2024;7;2;21;2232,228215767635;537967;7,034232365145228;29,4097510373444;241
2024;7;2;22;1776,4647302904564;428128;5,494467496542185;29,119294605809127;241
2024;7;2;23;1457,033195020747;351145;4,614107883817427;28,67323651452282;241
2024;7;3;0;1360,6927083333333;261253;4,799479166666667;26,575520833333332;192
2024;7;3;1;1007,9479166666666;193526;3,4657118055555554;24,463541666666668;192
2024;7;3;2;761,4270833333334;146194;2,8389756944444446;22,486979166666668;192
2024;7;3;3;635,1666666666666;121952;2,3871527777777777;19,809895833333332;192
2024;7;3;4;595,8020833333334;114394;2,237413194444444;18,0703125;192
2024;7;3;5;659,5260416666666;126629;2,399650959860384;20,360677083333332;192
2024;7;3;6;1016,3489583333334;195139;3,1848958333333335;25,28125;192
2024;7;3;7;1836,4166666666667;352592;5,373263888888889;28,412760416666668;192
2024;7;3;8;2296,0052083333335;440833;7,900607638888889;28,194010416666668;192
2024;7;3;9;2320,2642487046633;447811;8,201208981001727;28,59715025906736;193
2024;7;3;10;2187,671875;420033;7,509982638888889;28,971354166666668;192
2024;7;3;11;2236,9947916666665;429503;7,442274305555556;28,876302083333332;192
2024;7;3;12;2346,9270833333335;450610;7,764322916666667;28,955729166666668;192
2024;7;3;13;2398,40625;460494;7,930989583333333;29,045572916666668;192
2024;7;3;14;2670,078125;512655;8,881944444444445;29,236979166666668;192
2024;7;3;15;2653,2135416666665;509417;8,811631944444445;28,743489583333332;192
2024;7;3;16;2373,546875;455721;7,7265625;28,809895833333332;192
2024;7;3;17;2420,140625;464667;7,858506944444444;28,873697916666668;192
2024;7;3;18;2488,5699481865286;480294;9,031951640759932;28,64119170984456;193
2024;7;3;19;2518,937823834197;486155;8,684801381692575;28,037564766839377;193
2024;7;3;20;2487,09375;477522;8,078534031413612;28,569010416666668;192
2024;7;3;21;2180,5;418656;6,504774305555556;29,459635416666668;192
2024;7;3;22;1773,6822916666667;340547;5,322916666666667;29,397135416666668;192
2024;7;3;23;1510,6041666666667;290036;4,489583333333333;29,1796875;192
2024;7;4;0;1342,6458333333333;257788;3,8997395833333335;27,063802083333332;192
2024;7;4;1;968,0625;185868;3,369357638888889;24,84765625;192
2024;7;4;2;747,828125;143583;2,7862129144851657;23,05859375;192
2024;7;4;3;658,5260416666666;126437;2,479824561403509;20,837239583333332;192
2024;7;4;4;614,25;117936;2,5292321116928447;19,537760416666668;192
2024;7;4;5;670,8697916666666;128807;2,4629144851657943;21,377604166666668;192
2024;7;4;6;1039,8333333333333;199648;3,3055555555555554;26,470052083333332;192
2024;7;4;7;1837,4322916666667;352787;5,164496527777778;29,46484375;192
2024;7;4;8;2361,4791666666665;453404;7,391493055555556;28,997395833333332;192
2024;7;4;9;2340,6875;449412;7,765625;28,876302083333332;192
2024;7;4;10;2227,3385416666665;427649;7,451822916666667;28,65234375;192
2024;7;4;11;2298,3333333333335;441280;7,497395833333333;28,446614583333332;192
2024;7;4;12;2437,6770833333335;468034;7,984375;28,513020833333332;192
2024;7;4;13;2584,203125;496167;8,432291666666666;28,60546875;192
2024;7;4;14;2932,375;563016;9,834635416666666;28,505208333333332;192
2024;7;4;15;2924,859375;561573;9,7109375;28,213541666666668;192
2024;7;4;16;2502,8645833333335;480550;8,105902777777777;28,36328125;192
2024;7;4;17;2460,015625;472323;7,673177083333333;28,59765625;192
2024;7;4;18;2416,9635416666665;464057;7,455729166666667;28,576822916666668;192
2024;7;4;19;2334,4375;448212;7,12109375;28,841145833333332;192
2024;7;4;20;2332,1458333333335;447772;7,210503472222222;28,873697916666668;192
2024;7;4;21;2191,6927083333335;420805;6,784722222222222;29,045572916666668;192
2024;7;4;22;1788,8697916666667;343463;5,51171875;28,9765625;192
2024;7;4;23;1470,390625;282315;4,682725694444445;28,506510416666668;192
2024;7;5;0;1450,4479166666667;278486;4,291232638888888;27,975260416666668;192
2024;7;5;1;1223,1666666666667;234848;3,939670138888889;27,634114583333332;192
2024;7;5;2;970,9583333333334;186424;3,201388888888889;26,756510416666668;192
2024;7;5;3;823,2552083333334;158065;2,835503472222222;24,795572916666668;192
2024;7;5;4;733,421875;140817;2,784722222222222;21,8359375;192
2024;7;5;5;729,140625;139995;2,7239583333333335;22,65625;192
2024;7;5;6;861,5729166666666;165422;3,044066317626527;24,865885416666668;192
2024;7;5;7;1021,265625;196083;3,402777777777778;26,677083333333332;192
2024;7;5;8;1177,2760416666667;226037;3,568576388888889;26,720052083333332;192
2024;7;5;9;1435,0520833333333;275530;4,262152777777778;27,350260416666668;192
2024;7;5;10;1708,7083333333333;328072;5,127604166666667;27,584635416666668;192
2024;7;5;11;1945,796875;373593;5,635850694444444;27,48046875;192
2024;7;5;12;2126,5416666666665;408296;6,403645833333333;27,5703125;192
2024;7;5;13;2159,4010416666665;414605;6,7109375;27,438802083333332;192
2024;7;5;14;2181,0677083333335;418765;6,400607638888889;27,532552083333332;192
2024;7;5;15;1808,3958333333333;347212;5,141059027777778;27,985677083333332;192
2024;7;5;16;1593,9270833333333;306034;4,858940972222222;26,5390625;192
2024;7;5;17;1675,0880829015543;323292;5,372625215889465;27,132124352331605;193
2024;7;5;18;1782,6875;342276;5,368489583333333;27,809895833333332;192
2024;7;5;19;1892,09375;363282;5,661458333333333;27,9609375;192
2024;7;5;20;2036,8072916666667;391067;6,029947916666667;28,3515625;192
2024;7;5;21;1963,015625;376899;5,77734375;28,576822916666668;192
2024;7;5;22;1731,265625;332403;5,187065972222222;28,690104166666668;192
2024;7;5;23;1507,9791666666667;289532;4,612847222222222;27,97265625;192
2024;7;6;0;1549,5520833333333;297514;4,747395833333333;28,140625;192
2024;7;6;1;1443,0416666666667;277064;4,618055555555555;27,890625;192
2024;7;6;2;1123,46875;215706;3,851128472222222;26,971354166666668;192
2024;7;6;3;913,375;175368;3,231239092495637;25,321614583333332;192
2024;7;6;4;777,46875;149274;2,9752604166666665;23,4375;192
2024;7;6;5;734,8020833333334;141082;2,995659722222222;22,49609375;192
2024;7;6;6;834,5833333333334;160240;3,055121527777778;24,64453125;192
2024;7;6;7;938,34375;180162;3,1861979166666665;26,3515625;192
2024;7;6;8;963,390625;184971;3,3268229166666665;25,640625;192
2024;7;6;9;1108,4427083333333;212821;3,576388888888889;26,744791666666668;192
2024;7;6;10;1420,1614583333333;272671;4,609375;27,76171875;192
2024;7;6;11;1689,0208333333333;324292;5,741319444444444;27,69921875;192
2024;7;6;12;1920,65625;368766;6,673177083333333;27,8984375;192
2024;7;6;13;2064,484375;396381;6,754774305555556;28,12890625;192
2024;7;6;14;2063,03125;396102;6,596354166666667;28,641927083333332;192
2024;7;6;15;1749,5;335904;5,483940972222222;28,68359375;192
2024;7;6;16;1561,5729166666667;299822;4,848958333333333;28,27734375;192
2024;7;6;17;1704,1979166666667;327206;5,0859375;28,466145833333332;192
2024;7;6;18;1860,46875;357210;5,312065972222222;28,721354166666668;192
2024;7;6;19;1998,2447916666667;383663;5,717447916666667;28,81640625;192
2024;7;6;20;2129,5885416666665;408881;6,340277777777778;28,834635416666668;192
2024;7;6;21;1996,6770833333333;383362;5,772135416666667;28,932291666666668;192
2024;7;6;22;1701,1041666666667;326612;5,120659722222222;28,756510416666668;192
2024;7;6;23;1504,984375;288957;4,378038194444445;27,286458333333332;192
2024;8;0;0;915,9329896907217;177691;2,529639175257732;24,390463917525775;194
2024;8;0;1;518,1237113402062;100516;1,8956185567010309;19,867268041237114;194
2024;8;0;2;310,9329896907216;60321;1,282383419689119;15,713917525773196;194
2024;8;0;3;240,46907216494844;46651;1,0764604810996563;13,6159793814433;194
2024;8;0;4;213,60621761658032;41226;0,7087673611111112;11,598445595854923;193
2024;8;0;5;294,7421052631579;56001;0,7640350877192982;15,651315789473685;190
2024;8;0;6;714,8684210526316;135825;1,7197368421052632;24,08157894736842;190
2024;8;0;7;1555,7842105263157;295599;3,616228070175439;29,267105263157895;190
2024;8;0;8;1989,5336787564768;383980;5,441709844559585;30,094559585492227;193
2024;8;0;9;1860,6476683937824;359105;5,180915371329879;29,523316062176164;193
2024;8;0;10;1770,1709844559587;341643;4,959844559585492;29,123056994818654;193
2024;8;0;11;1852,6476683937824;357561;5,318221070811745;29,34715025906736;193
2024;8;0;12;1882,8549222797928;363391;5,768998272884284;29,479274611398964;193
2024;8;0;13;1955,9533678756477;377499;5,6070811744386875;29,647668393782382;193
2024;8;0;14;2222,1968911917097;428884;6,428756476683938;30,1360103626943;193
2024;8;0;15;2348,440414507772;453249;6,65112262521589;29,95077720207254;193
2024;8;0;16;1894,1191709844559;365565;5,190846286701209;29,82901554404145;193
2024;8;0;17;1784,8290155440413;344472;5,132124352331606;29,89637305699482;193
2024;8;0;18;1982,5958549222798;382641;5,678756476683938;29,82383419689119;193
2024;8;0;19;1915,7150259067357;369733;5,3592400690846285;29,932642487046632;193
2024;8;0;20;1799,1554404145077;347237;5,090673575129534;29,462435233160623;193
2024;8;0;21;1589,3782383419689;306750;4,317789291882557;29,730569948186528;193
2024;8;0;22;1341,6632124352332;258941;3,6316925734024177;29,511658031088082;193
2024;8;0;23;1017,979274611399;196470;3,0302245250431783;27,58419689119171;193
2024;8;1;0;728,8860103626943;140675;2,2249568221070812;21,940414507772022;193
2024;8;1;1;424,3056994818653;81891;1,5890052356020943;17,3639896373057;193
2024;8;1;2;298,31088082901556;57574;1,122829861111111;14,075129533678757;193
2024;8;1;3;244,33678756476684;47157;0,953125;11,30699481865285;193
2024;8;1;4;238,20725388601036;45974;0,8091537132987909;11,244818652849741;193
2024;8;1;5;301,8497409326425;58257;0,9368421052631579;14,068652849740932;193
2024;8;1;6;704,6943005181347;136006;1,9409722222222223;23,207253886010363;193
2024;8;1;7;1579,062176165803;304759;4,125215889464594;29,129533678756477;193
2024;8;1;8;2067,5699481865286;399041;5,618307426597582;30,182642487046632;193
2024;8;1;9;1866,860103626943;360304;5,172711571675302;29,76683937823834;193
2024;8;1;10;1769,160621761658;341448;5,172711571675302;29,560880829015545;193
2024;8;1;11;1819,4010416666667;349325;5,302083333333333;29,510416666666668;192
2024;8;1;12;1895,1813471502592;365770;5,6429188255613125;29,42098445595855;193
2024;8;1;13;1946,9740932642487;375766;5,654145077720207;29,295336787564768;193
2024;8;1;14;2260,165803108808;436212;6,399827288428325;29,911917098445596;193
2024;8;1;15;2398,2176165803107;462856;6,435233160621761;30,14896373056995;193
2024;8;1;16;1955,3886010362694;377390;5,446027633851467;29,89119170984456;193
2024;8;1;17;1907,5699481865286;368161;5,577288428324698;29,89896373056995;193
2024;8;1;18;2041,103626943005;393933;5,9477547495682215;29,800518134715027;193
2024;8;1;19;2002,2901554404145;386442;5,483592400690846;29,92098445595855;193
2024;8;1;20;1875,80310880829;362030;5,189119170984456;29,89637305699482;193
2024;8;1;21;1722,580310880829;332458;4,7210708117443865;30,047927461139896;193
2024;8;1;22;1453,3056994818653;280488;3,821243523316062;29,88860103626943;193
2024;8;1;23;1194,5958549222798;230557;3,2085492227979273;28,71761658031088;193
2024;8;2;0;996,9533678756477;192412;2,5873015873015874;24,990932642487046;193
2024;8;2;1;676,8290155440415;130628;2,0772884283246977;21,38860103626943;193
2024;8;2;2;524,5440414507772;101237;1,7808159722222223;18,273316062176164;193
2024;8;2;3;463,4300518134715;89442;1,4520725388601037;15,931347150259068;193
2024;8;2;4;449,5077720207254;86755;1,31433506044905;15,7720207253886;193
2024;8;2;5;505,34715025906735;97532;1,4727979274611398;17,366580310880828;193
2024;8;2;6;848,9844559585492;163854;2,3031088082901556;25,5;193
2024;8;2;7;1593,2953367875648;307506;4,016839378238342;29,317357512953368;193
2024;8;2;8;1995,0569948186528;385046;5,21545768566494;30,102331606217618;193
2024;8;2;9;1889,7150259067357;364715;5,182642487046632;29,69300518134715;193
2024;8;2;10;1775,6030927835052;344467;5,3019759450171815;29,29381443298969;194
2024;8;2;11;1856,6237113402062;360185;5,494415807560138;29,2680412371134;194
2024;8;2;12;1952,8350515463917;378850;5,814003436426117;29,52963917525773;194
2024;8;2;13;1996,0463917525774;387233;5,826030927835052;29,37757731958763;194
2024;8;2;14;2305,6288659793813;447292;6,760309278350515;29,716494845360824;194
2024;8;2;15;2384,90206185567;462671;6,948453608247423;29,664948453608247;194
2024;8;2;16;1946,0463917525774;377533;5,440292096219932;29,936855670103093;194
2024;8;2;17;1927,8865979381444;374010;5,215635738831615;29,337628865979383;194
2024;8;2;18;2090,1907216494847;405497;6,035340314136126;29,08376288659794;194
2024;8;2;19;2026,8659793814434;393212;5,9109947643979055;29,449742268041238;194
2024;8;2;20;1942,1855670103093;376784;6,037521815008726;29,515463917525775;194
2024;8;2;21;1696,9896907216496;329216;5,054537521815009;29,288659793814432;194
2024;8;2;22;1427,9484536082475;277022;3,8835078534031413;29,158505154639176;194
2024;8;2;23;1166,118556701031;226227;3,2613438045375216;28,43041237113402;194
2024;8;3;0;891,3539094650206;216599;2,5847222222222226;22,9238683127572;243
2024;8;3;1;601,4938271604939;146163;1,7798611111111111;20,051440329218106;243
2024;8;3;2;398,1934156378601;96761;1,4884937238493723;16,675925925925927;243
2024;8;3;3;329,0246913580247;79953;1,2881652661064424;14,522633744855968;243
2024;8;3;4;284,2551440329218;69074;1,0191771269177126;13,6059670781893;243
2024;8;3;5;342,59670781893004;83251;1,161436541143654;15,754115226337449;243
2024;8;3;6;695,366255144033;168974;1,9954861111111113;22,597736625514404;243
2024;8;3;7;1419,5637860082304;344954;3,7666666666666666;28,2119341563786;243
2024;8;3;8;1834,3374485596707;445744;5,216319444444445;28,847736625514404;243
2024;8;3;9;1755,9341563786008;426692;4,927777777777778;29,04320987654321;243
2024;8;3;10;1698,2633744855966;412678;4,883333333333334;28,846707818930042;243
2024;8;3;11;1789,2469135802469;434787;5,071875;28,411522633744855;243
2024;8;3;12;1883,5390946502057;457700;5,546875;28,55761316872428;243
2024;8;3;13;1958,5843621399176;475936;5,617361111111111;28,901234567901234;243
2024;8;3;14;2224,5102880658437;540556;6,467361111111112;29,363168724279834;243
2024;8;3;15;2272,80658436214;552292;6,485069444444445;29,479423868312757;243
2024;8;3;16;1871,6213991769548;454804;5,3805555555555555;28,69650205761317;243
2024;8;3;17;1870,374485596708;454501;5,226041666666666;29,238683127572017;243
2024;8;3;18;2005,3827160493827;487308;5,777083333333334;28,98559670781893;243
2024;8;3;19;2001,3456790123457;486327;5,933680555555555;28,828189300411523;243
2024;8;3;20;1926,5884773662551;468161;5,6306584362139915;29,104938271604937;243
2024;8;3;21;1722,8230452674898;418646;5,048696844993141;29,22222222222222;243
2024;8;3;22;1458,366255144033;354383;4,0651577503429355;28,959876543209877;243
2024;8;3;23;1173,641975308642;285195;3,344307270233196;28,11522633744856;243
2024;8;4;0;922,59670781893;224191;2,678326474622771;23,791152263374485;243
2024;8;4;1;590,8765432098766;143583;2,0100694444444445;20,909465020576132;243
2024;8;4;2;401,48148148148147;97560;1,5003429355281206;16,878600823045268;243
2024;8;4;3;313,6255144032922;76211;1,2527777777777778;14,12448559670782;243
2024;8;4;4;280,7078189300411;68212;1,0199724517906337;13,218106995884774;243
2024;8;4;5;328,38683127572017;79798;0,9866255144032922;14,686213991769547;243
2024;8;4;6;724,6584362139918;176092;2,171810699588477;24,02777777777778;243
2024;8;4;7;1432,7654320987654;348162;3,8405647382920107;28,957818930041153;243
2024;8;4;8;1817,0864197530864;441552;4,922839506172839;29,655349794238685;243
2024;8;4;9;1737,80658436214;422287;5,084019204389575;29,30246913580247;243
2024;8;4;10;1740,5390946502057;422951;5,121742112482853;29,068930041152264;243
2024;8;4;11;1834,4876033057851;443946;5,50068870523416;28,53099173553719;242
2024;8;4;12;1965,1316872427983;477527;5,931069958847736;29,209876543209877;243
2024;8;4;13;2086,572016460905;507037;6,198902606310013;29,046296296296298;243
2024;8;4;14;2441,8518518518517;593370;7,098765432098766;29,349794238683128;243
2024;8;4;15;2408,5555555555557;585279;7,0181755829903985;29,339506172839506;243
2024;8;4;16;1887,79012345679;458733;5,447530864197531;29,531893004115226;243
2024;8;4;17;1847,2304526748972;448877;5,265089163237311;29,386831275720166;243
2024;8;4;18;1914,6995884773662;465272;5,6580932784636495;29,032921810699587;243
2024;8;4;19;1917,053497942387;465844;5,6711248285322355;29,606995884773664;243
2024;8;4;20;1934,716049382716;470136;5,719478737997256;29,304526748971192;243
2024;8;4;21;1793,4814814814815;435816;5,330246913580247;29,328189300411523;243
2024;8;4;22;1500,201646090535;364549;4,3401920438957475;29,30658436213992;243
2024;8;4;23;1167,1440329218108;283616;3,500685871056241;28,34259259259259;243
2024;8;5;0;995,2510288065844;241846;2,9077503429355285;27,93724279835391;243
2024;8;5;1;794,4279835390946;193046;2,3933470507544583;26,15740740740741;243
2024;8;5;2;550,9753086419753;133887;1,84400826446281;23,318930041152264;243
2024;8;5;3;448,5432098765432;108996;1,6137955182072827;20,901234567901234;243
2024;8;5;4;390,679012345679;94935;1,4211994421199443;19,593621399176953;243
2024;8;5;5;383,358024691358;93156;1,34331955922865;19,352880658436213;243
2024;8;5;6;554,5308641975308;134751;1,7277777777777779;23,198559670781894;243
2024;8;5;7;730,604938271605;177537;2,065426997245179;25,68312757201646;243
2024;8;5;8;838,3086419753087;203709;2,2665289256198347;26,47222222222222;243
2024;8;5;9;1035,1810699588477;251549;2,7578875171467763;28,059670781893004;243
2024;8;5;10;1261,835390946502;306626;3,458161865569273;28,227366255144034;243
2024;8;5;11;1481,888888888889;360099;4,149519890260631;28,511316872427983;243
2024;8;5;12;1649,522633744856;400834;4,533264746227709;28,909465020576132;243
2024;8;5;13;1726,3621399176955;419506;4,780864197530864;29,094650205761315;243
2024;8;5;14;1713,2633744855966;416323;4,537037037037037;29,419753086419753;243
2024;8;5;15;1424,761316872428;346217;3,8137860082304527;29,252057613168724;243
2024;8;5;16;1228,7736625514403;298592;3,3112947658402208;28,41872427983539;243
2024;8;5;17;1302,3497942386832;316471;3,7258953168044076;28,68724279835391;243
2024;8;5;18;1464,8312757201645;355954;4,135116598079561;29,25102880658436;243
2024;8;5;19;1575,962962962963;382959;4,397805212620027;28,93415637860082;243
2024;8;5;20;1692,716049382716;411330;4,978994490358127;29,045267489711936;243
2024;8;5;21;1700,3811475409836;414893;4,979849726775956;29,052254098360656;244
2024;8;5;22;1524,329218106996;370412;4,191700960219479;29,161522633744855;243
2024;8;5;23;1229,962962962963;298881;3,515775034293553;28,51440329218107;243
2024;8;6;0;1065,479381443299;206703;2,9725085910652917;27,58118556701031;194
2024;8;6;1;840,9536082474227;163145;2,8079896907216493;27,094072164948454;194
2024;8;6;2;597,6494845360825;115944;2,1957465277777777;24,28479381443299;194
2024;8;6;3;442,61340206185565;85867;1,6671006944444444;22,327319587628867;194
2024;8;6;4;374,82474226804123;72716;1,4969775474956823;20,030927835051546;194
2024;8;6;5;351,1701030927835;68127;1,495175438596491;18,8569587628866;194
2024;8;6;6;481,8041237113402;93470;1,4404145077720207;22,440721649484537;194
2024;8;6;7;563,5876288659794;109336;1,6791237113402062;24,512886597938145;194
2024;8;6;8;580,7113402061856;112658;1,7564432989690721;24,545103092783506;194
2024;8;6;9;728,2371134020618;141278;2,088487972508591;25,844072164948454;194
2024;8;6;10;967,6907216494845;187732;2,579896907216495;27,62242268041237;194
2024;8;6;11;1267,0515463917525;245808;3,518998272884283;28,47680412371134;194
2024;8;6;12;1469,5824742268042;285099;3,905440414507772;28,573453608247423;194
2024;8;6;13;1552,618556701031;301208;4,176975945017182;28,983247422680414;194
2024;8;6;14;1578,979381443299;306322;4,195017182130584;29,52963917525773;194
2024;8;6;15;1333,4948453608247;258698;3,495274914089347;29,24355670103093;194
2024;8;6;16;1179,6030927835052;228843;3,1593642611683848;28,672680412371133;194
2024;8;6;17;1218,0309278350514;236298;3,3509450171821307;28,838917525773194;194
2024;8;6;18;1375,2474226804125;266798;3,6142611683848793;29,260309278350515;194
2024;8;6;19;1541,0979381443299;298973;4,3616838487972505;29,454896907216494;194
2024;8;6;20;1701,0257731958764;329999;5,065721649484536;29,128865979381445;194
2024;8;6;21;1694,6082474226805;328754;4,556701030927835;29,46778350515464;194
2024;8;6;22;1477,4072164948454;286617;3,9506013745704465;29,192010309278352;194
2024;8;6;23;1172,2061855670104;227408;3,258591065292096;27,836340206185568;194
2024;9;0;0;1620,9196787148594;403609;5,139905149051491;21,46586345381526;249
2024;9;0;1;1325,285140562249;329996;4,45;20,533132530120483;249
2024;9;0;2;1199,7510040160641;298738;4,012244897959183;19,33132530120482;249
2024;9;0;3;1160,859437751004;289054;3,7181571815718155;18,833333333333332;249
2024;9;0;4;1148,2771084337348;285921;3,767006802721088;19,1425702811245;249
2024;9;0;5;1219,6746987951808;303699;3,9014227642276422;20,75;249
2024;9;0;6;1537,4176706827309;382817;4,8102981029810294;24,348393574297187;249
2024;9;0;7;2344,4497991967874;583768;8,05408163265306;25,79116465863454;249
2024;9;0;8;2868,8232931726907;714337;11,823848238482384;25,330321285140563;249
2024;9;0;9;2816,1686746987953;701226;11,638211382113822;25,10542168674699;249
2024;9;0;10;2468,5060240963853;614658;8,994918699186991;25,210843373493976;249
2024;9;0;11;2429,128514056225;604853;8,26388888888889;25,604417670682732;249
2024;9;0;12;2519,714859437751;627409;8,503048780487806;25,704819277108435;249
2024;9;0;13;2563,5020080321283;638312;8,784412955465587;25,57128514056225;249
2024;9;0;14;2908,0763052208836;724111;9,571862348178138;25,829317269076306;249
2024;9;0;15;2884,847389558233;718327;9,653846153846153;25,58835341365462;249
2024;9;0;16;2596,0642570281125;646420;8,571524966261808;25,84538152610442;249
2024;9;0;17;2675,6425702811243;666235;9,413292847503374;25,795180722891565;249
2024;9;0;18;2837,4698795180725;706530;10,809041835357625;25,400602409638555;249
2024;9;0;19;2829,381526104418;704516;10,324898785425102;25,031124497991968;249
2024;9;0;20;2635,6666666666665;656281;8,431174089068826;25,636546184738958;249
2024;9;0;21;2299,6987951807228;572625;7,205802968960864;26,134538152610443;249
2024;9;0;22;1819,3855421686746;453027;5,573211875843454;25,77309236947791;249
2024;9;0;23;1532,2409638554218;381528;4,864035087719299;25,1214859437751;249
2024;9;1;0;1066,5979899497488;212253;3,6784511784511786;18,547738693467338;199
2024;9;1;1;814,1005025125628;162006;2,8063973063973062;16,36180904522613;199
2024;9;1;2;695,7638190954774;138457;2,3956228956228953;13,767587939698492;199
2024;9;1;3;662,4321608040201;131824;2,2432659932659935;12,688442211055277;199
2024;9;1;4;660,356783919598;131411;2,0782828282828283;12,366834170854272;199
2024;9;1;5;762,2964824120603;151697;2,2293771043771047;16,198492462311556;199
2024;9;1;6;1167,2763819095478;232288;3,544612794612795;23,58542713567839;199
2024;9;1;7;2254,899497487437;448725;7,30050505050505;26,27386934673367;199
2024;9;1;8;2905,899497487437;578274;11,938131313131313;24,91959798994975;199
2024;9;1;9;2800,281407035176;557256;12,26010101010101;24,530150753768844;199
2024;9;1;10;2526,356783919598;502745;9,780303030303031;24,600502512562816;199
2024;9;1;11;2505,522613065327;498599;8,469966159052452;25,376884422110553;199
2024;9;1;12;2535,236180904523;504512;8,563028764805415;25,452261306532662;199
2024;9;1;13;2638,929648241206;525147;8,715736040609137;25,58542713567839;199
2024;9;1;14;2923,597989949749;581796;10,323604060913706;25,396984924623116;199
2024;9;1;15;2880,743718592965;573268;10,123096446700508;25,493718592964825;199
2024;9;1;16;2588,005025125628;515013;9,041878172588833;23,699748743718594;199
2024;9;1;17;2686,110552763819;534536;9,807106598984772;24,2035175879397;199
2024;9;1;18;2841,025125628141;565364;10,953045685279188;24,79396984924623;199
2024;9;1;19;2848,8040201005024;566912;11,096446700507615;24,58040201005025;199
2024;9;1;20;2650,577889447236;527465;9,841370558375635;24,962311557788944;199
2024;9;1;21;2310,683417085427;459826;7,695431472081219;25,056532663316585;199
2024;9;1;22;1881,9547738693468;374509;6,3100676818950925;25,373115577889447;199
2024;9;1;23;1701,1959798994974;338538;5,730964467005077;24,804020100502512;199
2024;9;2;0;1418,3417085427136;282250;4,552030456852792;20,440954773869347;199
2024;9;2;1;1125,3819095477386;223951;3,979695431472081;18,035175879396984;199
2024;9;2;2;1014,1206030150754;201810;3,5939625850340136;17,242462311557787;199
2024;9;2;3;957,5628140703518;190555;3,284263959390863;15,861809045226131;199
2024;9;2;4;960,3065326633166;191101;3,1256345177664975;15,836683417085426;199
2024;9;2;5;1028,4170854271356;204655;3,3439086294416245;17,73994974874372;199
2024;9;2;6;1377,8994974874372;274202;4,251692047377327;23,054020100502512;199
2024;9;2;7;2273,8743718592964;452501;7,898054145516075;25,118090452261306;199
2024;9;2;8;2895,256281407035;576156;12,190778341793571;24,484924623115578;199
2024;9;2;9;2789,115577889447;555034;13,200507614213198;23,636934673366834;199
2024;9;2;10;2489,427135678392;495396;10,220389170896786;24,15326633165829;199
2024;9;2;11;2478,814070351759;493284;8,72969543147208;25,048994974874372;199
2024;9;2;12;2529,527638190955;503376;8,963197969543147;24,834170854271356;199
2024;9;2;13;2622,527638190955;521883;9,050761421319796;25,118090452261306;199
2024;9;2;14;2922,3467336683416;581547;10,570219966159053;25,194723618090453;199
2024;9;2;15;2878,326633165829;572787;10,307106598984772;24,815326633165828;199
2024;9;2;16;2648,120603015075;526976;9,182741116751268;25,11934673366834;199
2024;9;2;17;2718,894472361809;541060;9,462351945854483;24,954773869346734;199
2024;9;2;18;2805,040201005025;558203;11,691624365482234;24,64572864321608;199
2024;9;2;19;2819,100502512563;561001;11,498730964467006;24,003768844221106;199
2024;9;2;20;2692,1557788944724;535739;9,930203045685278;24,8178391959799;199
2024;9;2;21;2380,6633165829144;473752;8,098561759729273;25,180904522613066;199
2024;9;2;22;1958,9145728643216;389824;6,25507614213198;25,433417085427134;199
2024;9;2;23;1715,8844221105528;341461;5,456852791878172;24,202261306532662;199
2024;9;3;0;1474,572864321608;293440;4,908629441624366;19,728643216080403;199
2024;9;3;1;1194,286432160804;237663;4,03087986463621;18,65452261306533;199
2024;9;3;2;1044,3115577889448;207818;3,4902707275803726;16,889447236180903;199
2024;9;3;3;997,964824120603;198595;3,302721088435374;16,29396984924623;199
2024;9;3;4;986,8643216080402;196386;3,1917517006802725;16,652010050251256;199
2024;9;3;5;1049,6331658291458;208877;3,33502538071066;17,587939698492463;199
2024;9;3;6;1392,5226130653266;277112;4,285714285714286;23,535175879396984;199
2024;9;3;7;2254,5125628140704;448648;7,382402707275803;24,86934673366834;199
2024;9;3;8;2845,140703517588;566183;11,736886632825719;24,347989949748744;199
2024;9;3;9;2762,3768844221104;549713;12,291878172588833;24,017587939698494;199
2024;9;3;10;2510,286432160804;499547;9,686548223350254;24,511306532663315;199
2024;9;3;11;2476,7336683417084;492870;8,65186125211506;25,10175879396985;199
2024;9;3;12;2561,180904522613;509675;8,760575296108291;25,02386934673367;199
2024;9;3;13;2645,597989949749;526474;9,326142131979696;24,878140703517587;199
2024;9;3;14;2924,899497487437;582055;10,580372250423013;25,189698492462313;199
2024;9;3;15;2880,994974874372;573318;10,674744897959183;25,048994974874372;199
2024;9;3;16;2721,964824120603;541671;9,64923469387755;25,079145728643216;199
2024;9;3;17;2769,241206030151;551079;10,238520408163266;24,90829145728643;199
2024;9;3;18;2866,185929648241;570371;12,005102040816327;24,855527638190956;199
2024;9;3;19;2833,929648241206;563952;12,197704081632653;24,940954773869347;199
2024;9;3;20;2768,929648241206;551017;10,885204081632653;25,03894472361809;199
2024;9;3;21;2500,547738693467;497609;8,566326530612244;25,252512562814072;199
2024;9;3;22;2152,120603015075;428272;7,016156462585035;25,13819095477387;199
2024;9;3;23;2004,0603015075376;398808;6,491496598639455;24,979899497487438;199
2024;9;4;0;1859,7286432160804;370086;6,009353741496598;22,94723618090452;199
2024;9;4;1;1625,7587939698492;323526;5,400510204081633;22,236180904522612;199
2024;9;4;2;1493,6231155778894;297231;4,991496598639456;21,816582914572866;199
2024;9;4;3;1427,9396984924624;284160;4,724489795918367;21,724874371859297;199
2024;9;4;4;1409,9597989949748;280582;4,592261904761905;22,064070351758794;199
2024;9;4;5;1461,21608040201;290782;4,701530612244898;22,27386934673367;199
2024;9;4;6;1692,7989949748744;336867;5,413690476190475;24,347989949748744;199
2024;9;4;7;2294,256281407035;456557;7,926445578231292;25,190954773869347;199
2024;9;4;8;2791,477386934673;555504;10,99829931972789;24,97110552763819;199
2024;9;4;9;2692,959798994975;535899;10,10076530612245;25,236180904522612;199
2024;9;4;10;2525,4371859296484;502562;9,512755102040817;25,184673366834172;199
2024;9;4;11;2544,361809045226;506328;9,196428571428571;25,194723618090453;199
2024;9;4;12;2618,3768844221104;521057;9,573979591836734;25,09547738693467;199
2024;9;4;13;2732,286432160804;543725;10,256377551020408;25,07788944723618;199
2024;9;4;14;2988,100502512563;594632;12,278061224489797;25,011306532663315;199
2024;9;4;15;2993,7236180904524;595751;12,516581632653061;24,82035175879397;199
2024;9;4;16;2726,9095477386936;542655;10,135204081632653;24,795226130653266;199
2024;9;4;17;2763,879396984925;550012;10,451530612244898;24,73994974874372;199
2024;9;4;18;2735,0804020100504;544281;10,733418367346939;24,655778894472363;199
2024;9;4;19;2715,045226130653;540294;11,072704081632653;24,79145728643216;199
2024;9;4;20;2699,959798994975;537292;10,298469387755102;24,90954773869347;199
2024;9;4;21;2551,738693467337;507796;8,955357142857142;25,121859296482413;199
2024;9;4;22;2247,64824120603;447282;7,348214285714286;25,184673366834172;199
2024;9;4;23;2014,8693467336684;400959;6,742772108843537;25,285175879396984;199
2024;9;5;0;1979,5477386934674;393930;6,328656462585035;25,02889447236181;199
2024;9;5;1;1854,6231155778894;369070;6,244472789115647;24,8178391959799;199
2024;9;5;2;1695,0;337305;5,901785714285714;24,433417085427134;199
2024;9;5;3;1577,1155778894472;313846;5,391156462585035;23,776381909547737;199
2024;9;5;4;1510,251256281407;300540;5,1768707482993195;23,155778894472363;199
2024;9;5;5;1489,1005025125628;296331;5,035042735042735;23,358040201005025;199
2024;9;5;6;1579,1507537688442;314251;5,066751700680272;24,1821608040201;199
2024;9;5;7;1616,2462311557788;321633;5,16921768707483;24,675879396984925;199
2024;9;5;8;1729,788944723618;344228;5,502551020408164;24,826633165829147;199
2024;9;5;9;1919,6231155778894;382005;6,170493197278912;25,12562814070352;199
2024;9;5;10;2143,3366834170856;426524;6,806547619047619;25,162060301507537;199
2024;9;5;11;2342,64824120603;466187;7,575680272108843;25,157035175879397;199
2024;9;5;12;2510,361809045226;499562;8,161989795918368;25,1143216080402;199
2024;9;5;13;2583,9447236180904;514205;8,864795918367347;24,992462311557787;199
2024;9;5;14;2609,190954773869;519229;8,691326530612244;25,134422110552762;199
2024;9;5;15;2270,331658291457;451796;7,448979591836735;25,275125628140703;199
2024;9;5;16;2110,9849246231156;420086;6,686224489795919;25,13819095477387;199
2024;9;5;17;2307,809045226131;459254;7,529336734693878;25,21608040201005;199
2024;9;5;18;2421,1306532663316;481805;8,063775510204081;25,152010050251256;199
2024;9;5;19;2481,110552763819;493741;8,704081632653061;25,09170854271357;199
2024;9;5;20;2501,472361809045;497793;8,766581632653061;25,150753768844222;199
2024;9;5;21;2414,5527638190956;480496;8,474489795918368;25,032663316582916;199
2024;9;5;22;2192,64824120603;436337;7,357993197278912;24,998743718592966;199
2024;9;5;23;2105,537688442211;419002;7,343112244897959;25,224874371859297;199
2024;9;6;0;1926,7056451612902;477823;6,564625850340136;25,53125;248
2024;9;6;1;1752,4032258064517;434596;5,725510204081632;25,666330645161292;248
2024;9;6;2;1571,0604838709678;389623;5,170408163265306;24,79032258064516;248
2024;9;6;3;1462,1854838709678;362622;4,8612244897959185;24,419354838709676;248
2024;9;6;4;1356,5967741935483;336436;4,534013605442176;23,916330645161292;248
2024;9;6;5;1324,8790322580646;328570;4,540476190476191;23,342741935483872;248
2024;9;6;6;1406,3387096774193;348772;4,470748299319728;24,077620967741936;248
2024;9;6;7;1417,4435483870968;351526;4,7615646258503395;24,846774193548388;248
2024;9;6;8;1433,5060240963855;356943;4,955623306233062;24,785140562248998;249
2024;9;6;9;1562,5381526104418;389072;4,934959349593496;24,71285140562249;249
2024;9;6;10;1802,5381526104418;448832;5,644647696476964;25,407630522088354;249
2024;9;6;11;2099,3253012048194;522732;6,857723577235772;25,699799196787147;249
2024;9;6;12;2310,3614457831327;575280;7,4817073170731705;25,76706827309237;249
2024;9;6;13;2457,6666666666665;611959;8,425813008130081;25,662650602409638;249
2024;9;6;14;2516,5100401606423;626611;8,780826558265582;25,825301204819276;249
2024;9;6;15;2183,9477911646586;543803;7,446138211382114;25,884538152610443;249
2024;9;6;16;2048,5502008032126;510089;6,935636856368564;26,001004016064257;249
2024;9;6;17;2251,4578313253014;560613;7,651084010840108;25,85843373493976;249
2024;9;6;18;2349,730923694779;585083;7,9007452574525745;25,825301204819276;249
2024;9;6;19;2367,9317269076305;589615;8,0630081300813;25,880522088353413;249
2024;9;6;20;2401,425702811245;597955;8,380758807588075;25,88855421686747;249
2024;9;6;21;2302,5542168674697;573336;7,7903116531165315;25,76706827309237;249
2024;9;6;22;2023,4979919678715;503851;6,355691056910569;25,854417670682732;249
2024;9;6;23;1796,8995983935743;447428;5,611788617886178;25,42871485943775;249
2024;10;0;0;717,4166666666666;60263;2,943452380952381;0,0;84
2024;10;0;1;417,26190476190476;35050;2,6279761904761907;0,0;84
2024;10;0;2;269,1547619047619;22609;1,7886904761904763;0,0;84
2024;10;0;3;221,78571428571428;18630;1,7232142857142858;0,0;84
2024;10;0;4;204,95238095238096;17216;1,3482142857142858;0,0;84
2024;10;0;5;313,8690476190476;26365;1,6428571428571428;0,0;84
2024;10;0;6;844,4880952380952;70937;3,380952380952381;0,0;84
2024;10;0;7;2132,2023809523807;179105;9,375;0,0;84
2024;10;0;8;3162,8214285714284;265677;16,895833333333332;0,0;84
2024;10;0;9;2971,4761904761904;249604;17,011904761904763;0,0;84
2024;10;0;10;2341,785714285714;196710;10,916666666666666;0,0;84
2024;10;0;11;2408,690476190476;202330;10,163690476190476;0,0;84
2024;10;0;12;2505,7619047619046;210484;10,607142857142858;0,0;84
2024;10;0;13;2634,10843373494;218631;10,819277108433734;0,0;83
2024;10;0;14;3078,843373493976;255544;12,370481927710843;0,0;83
2024;10;0;15;2880,9523809523807;242000;11,242063492063492;0,0;84
2024;10;0;16;2678,2261904761904;224971;11,43452380952381;0,0;84
2024;10;0;17;2863,5714285714284;240540;13,616071428571429;0,0;84
2024;10;0;18;3055,2619047619046;256642;14,550595238095237;0,0;84
2024;10;0;19;2910,3333333333335;244468;12,50297619047619;0,0;84
2024;10;0;20;2636,1785714285716;221439;10,119047619047619;0,0;84
2024;10;0;21;2066,8571428571427;173616;7,464285714285714;0,0;84
2024;10;0;22;1413,154761904762;118705;5,440476190476191;0,0;84
2024;10;0;23;1030,4404761904761;86557;4,166666666666667;0,0;84
2024;10;1;0;1178,5149253731342;157921;4,118421052631579;8,597014925373134;134
2024;10;1;1;919,2857142857143;122265;3,672348484848485;8,661654135338345;133
2024;10;1;2;818,7014925373135;109706;3,629072681704261;8,597014925373134;134
2024;10;1;3;779,4776119402985;104450;3,225563909774436;8,597014925373134;134
2024;10;1;4;785,3507462686567;105237;2,9586466165413534;8,597014925373134;134
2024;10;1;5;888,6268656716418;119076;3,225563909774436;8,597014925373134;134
2024;10;1;6;1320,7164179104477;176976;4,445488721804511;8,597014925373134;134
2024;10;1;7;2290,694029850746;306953;9,13345864661654;8,597014925373134;134
2024;10;1;8;3103,5373134328356;415874;15,699248120300751;8,597014925373134;134
2024;10;1;9;2730,8358208955224;365932;17,714285714285715;8,597014925373134;134
2024;10;1;10;2483,0857142857144;260724;13,480952380952381;0,0;105
2024;10;1;11;2476,266666666667;260008;10,904761904761905;0,0;105
2024;10;1;12;2553,866666666667;268156;10,773809523809524;0,0;105
2024;10;1;13;2706,352380952381;284167;11,754761904761905;0,0;105
2024;10;1;14;3088,1238095238095;324253;13,178571428571429;0,0;105
2024;10;1;15;2882,714285714286;302685;11,888095238095238;0,0;105
2024;10;1;16;2740,3333333333335;287735;11,635714285714286;0,0;105
2024;10;1;17;2929,2;307566;14,235714285714286;0,0;105
2024;10;1;18;3078,2285714285713;323214;15,957142857142857;0,0;105
2024;10;1;19;2993,3333333333335;314300;15,326190476190476;0,0;105
2024;10;1;20;2724,095238095238;286030;12,040476190476191;0,0;105
2024;10;1;21;2114,6666666666665;222040;8,25;0,0;105
2024;10;1;22;1486,304761904762;156062;5,9523809523809526;0,0;105
2024;10;1;23;1244,057142857143;130626;5,2023809523809526;0,0;105
2024;10;2;0;885,1047619047619;92936;3,6285714285714286;0,0;105
2024;10;2;1;450,0761904761905;47258;2,5476190476190474;0,0;105
2024;10;2;2;268,46666666666664;28189;1,5174603174603176;0,0;105
2024;10;2;3;224,69230769230768;23368;1,4471153846153846;0,0;104
2024;10;2;4;213,21904761904761;22388;1,4031746031746033;0,0;105
2024;10;2;5;302,0285714285714;31713;1,6047619047619048;0,0;105
2024;10;2;6;823,1714285714286;86433;3,4047619047619047;0,0;105
2024;10;2;7;2120,4095238095238;222643;9,738095238095237;0,0;105
2024;10;2;8;3142,7238095238095;329986;17,06904761904762;0,0;105
2024;10;2;9;3027,5809523809526;317896;19,735714285714284;0,0;105
2024;10;2;10;2467,961904761905;259136;13,395238095238096;0,0;105
2024;10;2;11;2494,9714285714285;261972;11,085714285714285;0,0;105
2024;10;2;12;2640,2761904761905;277229;11,252380952380953;0,0;105
2024;10;2;13;2705,447619047619;284072;11,714285714285714;0,0;105
2024;10;2;14;3108,809523809524;326425;13,235714285714286;0,0;105
2024;10;2;15;2947,6;309498;12,55952380952381;0,0;105
2024;10;2;16;2765,0;290325;11,726190476190476;0,0;105
2024;10;2;17;2946,285714285714;309360;14,317460317460316;0,0;105
2024;10;2;18;3070,609523809524;322414;16,107142857142858;0,0;105
2024;10;2;19;2995,542857142857;314532;15,795238095238096;0,0;105
2024;10;2;20;2810,019047619048;295052;13,061904761904762;0,0;105
2024;10;2;21;2258,7714285714287;237171;8,68095238095238;0,0;105
2024;10;2;22;1572,0285714285715;165063;6,095238095238095;0,0;105
2024;10;2;23;1272,1142857142856;133572;4,954761904761905;0,0;105
2024;10;3;0;995,5714285714286;104535;4,048412698412698;0,0;105
2024;10;3;1;555,7333333333333;58352;3,230952380952381;0,0;105
2024;10;3;2;345,5576923076923;35938;2,3197115384615383;0,0;104
2024;10;3;3;281,2980769230769;29255;1,7283653846153846;0,0;104
2024;10;3;4;265,1714285714286;27843;2,0166666666666666;0,0;105
2024;10;3;5;326,4952380952381;34282;2,2523809523809524;0,0;105
2024;10;3;6;830,6538461538462;86388;3,355769230769231;0,0;104
2024;10;3;7;2143,403846153846;222914;9,372596153846153;0,0;104
2024;10;3;8;3168,0576923076924;329478;16,829326923076923;0,0;104
2024;10;3;9;2968,394230769231;308713;17,35096153846154;0,0;104
2024;10;3;10;2464,5384615384614;256312;11,920673076923077;0,0;104
2024;10;3;11;2480,2761904761905;260429;10,886507936507936;0,0;105
2024;10;3;12;2636,730769230769;274220;11,252403846153847;0,0;104
2024;10;3;13;2769,653846153846;288044;11,927884615384615;0,0;104
2024;10;3;14;3171,2115384615386;329806;13,483173076923077;0,0;104
2024;10;3;15;2973,798076923077;309275;12,627403846153847;0,0;104
2024;10;3;16;2820,6857142857143;296172;12,14047619047619;0,0;105
2024;10;3;17;2987,638095238095;313702;14,538095238095238;0,0;105
2024;10;3;18;3088,1047619047617;324251;16,376190476190477;0,0;105
2024;10;3;19;2989,019047619048;313847;14,66904761904762;0,0;105
2024;10;3;20;2829,1238095238095;297058;12,938095238095238;0,0;105
2024;10;3;21;2380,7238095238095;249976;9,764285714285714;0,0;105
2024;10;3;22;1773,4285714285713;186210;6,821428571428571;0,0;105
2024;10;3;23;1452,895238095238;152554;5,7595238095238095;0,0;105
2024;10;4;0;1205,3214285714287;101247;4,410714285714286;0,0;84
2024;10;4;1;750,75;63063;3,6845238095238093;0,0;84
2024;10;4;2;506,29761904761904;42529;2,693452380952381;0,0;84
2024;10;4;3;413,51190476190476;34735;2,125;0,0;84
2024;10;4;4;376,60714285714283;31635;1,8005952380952381;0,0;84
2024;10;4;5;434,1547619047619;36469;2,1398809523809526;0,0;84
2024;10;4;6;856,0714285714286;71910;3,6547619047619047;0,0;84
2024;10;4;7;1983,6309523809523;166625;9,077380952380953;0,0;84
2024;10;4;8;2983,3214285714284;250599;15,413690476190476;0,0;84
2024;10;4;9;2756,1666666666665;231518;13,348214285714286;0,0;84
2024;10;4;10;2323,714285714286;195192;10,5625;0,0;84
2024;10;4;11;2472,2261904761904;207667;10,571428571428571;0,0;84
2024;10;4;12;2640,1785714285716;221775;11,208333333333334;0,0;84
2024;10;4;13;2848,5476190476193;239278;12,541666666666666;0,0;84
2024;10;4;14;3280,440476190476;275557;16,779761904761905;0,0;84
2024;10;4;15;3173,654761904762;266587;16,770833333333332;0,0;84
2024;10;4;16;2779,845238095238;233507;12,818452380952381;0,0;84
2024;10;4;17;2919,5476190476193;245242;14,982142857142858;0,0;84
2024;10;4;18;2828,7976190476193;237619;15,49702380952381;0,0;84
2024;10;4;19;2754,8690476190477;231409;14,735119047619047;0,0;84
2024;10;4;20;2733,4761904761904;229612;14,717261904761905;0,0;84
2024;10;4;21;2422,8571428571427;203520;11,145833333333334;0,0;84
2024;10;4;22;1858,7738095238096;156137;7,369047619047619;0,0;84
2024;10;4;23;1497,0833333333333;125755;5,976190476190476;0,0;84
2024;10;5;0;1504,3333333333333;126364;5,660714285714286;0,0;84
2024;10;5;1;1204,1190476190477;101146;5,282738095238095;0,0;84
2024;10;5;2;906,3333333333334;76132;4,7023809523809526;0,0;84
2024;10;5;3;684,1309523809524;57467;3,818452380952381;0,0;84
2024;10;5;4;584,7619047619048;49120;3,494047619047619;0,0;84
2024;10;5;5;542,0952380952381;45536;2,9672619047619047;0,0;84
2024;10;5;6;671,0833333333334;56371;3,2351190476190474;0,0;84
2024;10;5;7;705,75;59283;3,2589285714285716;0,0;84
2024;10;5;8;955,3809523809524;80252;3,8541666666666665;0,0;84
2024;10;5;9;1312,857142857143;110280;5,181547619047619;0,0;84
2024;10;5;10;1726,1190476190477;144994;6,497023809523809;0,0;84
2024;10;5;11;2082,1666666666665;174902;8,297619047619047;0,0;84
2024;10;5;12;2305,309523809524;193646;10,375;0,0;84
2024;10;5;13;2518,6428571428573;211566;12,202380952380953;0,0;84
2024;10;5;14;2582,4166666666665;216923;13,386904761904763;0,0;84
2024;10;5;15;1907,2619047619048;160210;8,333333333333334;0,0;84
2024;10;5;16;1696,8333333333333;142534;6,505952380952381;0,0;84
2024;10;5;17;2033,6904761904761;170830;7,145833333333333;0,0;84
2024;10;5;18;2241,2738095238096;188267;8,276785714285714;0,0;84
2024;10;5;19;2362,75;198471;10,342261904761905;0,0;84
2024;10;5;20;2390,9166666666665;200837;10,693452380952381;0,0;84
2024;10;5;21;2144,8809523809523;180170;9,44047619047619;0,0;84
2024;10;5;22;1678,7738095238096;141017;6,541666666666667;0,0;84
2024;10;5;23;1702,6666666666667;143024;7,232142857142857;0,0;84
2024;10;6;0;1603,75;134715;6,526785714285714;0,0;84
2024;10;6;1;1231,5357142857142;103449;5,7648809523809526;0,0;84
2024;10;6;2;919,0357142857143;77199;4,785714285714286;0,0;84
2024;10;6;3;692,8571428571429;58200;3,761904761904762;0,0;84
2024;10;6;4;572,8690476190476;48121;3,386904761904762;0,0;84
2024;10;6;5;523,047619047619;43936;3,1101190476190474;0,0;84
2024;10;6;6;612,6904761904761;51466;3,068452380952381;0,0;84
2024;10;6;7;626,0714285714286;52590;3,1607142857142856;0,0;84
2024;10;6;8;715,2142857142857;60078;2,903769841269841;0,0;84
2024;10;6;9;977,8690476190476;82141;3,4285714285714284;0,0;84
2024;10;6;10;1467,0833333333333;123235;5,104166666666667;0,0;84
2024;10;6;11;1907,845238095238;160259;7,104166666666667;0,0;84
2024;10;6;12;2252,8809523809523;189242;9,00297619047619;0,0;84
2024;10;6;13;2508,5119047619046;210715;10,12202380952381;0,0;84
2024;10;6;14;2580,4285714285716;216756;11,05952380952381;0,0;84
2024;10;6;15;1950,857142857143;163872;7,877976190476191;0,0;84
2024;10;6;16;1775,345238095238;149129;7,154761904761905;0,0;84
2024;10;6;17;2127,8571428571427;178740;8,318452380952381;0,0;84
2024;10;6;18;2228,1190476190477;187162;8,848214285714286;0,0;84
2024;10;6;19;2224,2976190476193;186841;9,279761904761905;0,0;84
2024;10;6;20;2201,4880952380954;184925;9,101190476190476;0,0;84
2024;10;6;21;1889,357142857143;158706;7,380952380952381;0,0;84
2024;10;6;22;1404,142857142857;117948;5,428571428571429;0,0;84
2024;10;6;23;1034,3809523809523;86888;4,065476190476191;0,0;84
2024;11;0;0;638,1441441441441;70834;2,554054054054054;7,531531531531532;111
2024;11;0;1;386,6936936936937;42923;2,1328828828828827;7,531531531531532;111
2024;11;0;2;282,36036036036035;31342;1,5472972972972974;7,531531531531532;111
2024;11;0;3;253,21621621621622;28107;1,3716216216216217;7,531531531531532;111
2024;11;0;4;246,02702702702703;27309;1,135135135135135;7,531531531531532;111
2024;11;0;5;323,1261261261261;35867;1,1576576576576576;7,531531531531532;111
2024;11;0;6;760,1981981981982;84382;2,3963963963963963;7,531531531531532;111
2024;11;0;7;1722,3243243243244;191178;7,585585585585585;7,531531531531532;111
2024;11;0;8;2482,7837837837837;275589;12,81081081081081;7,531531531531532;111
2024;11;0;9;2364,5945945945946;262470;12,22072072072072;7,531531531531532;111
2024;11;0;10;1887,7027027027027;209535;7,781531531531532;7,531531531531532;111
2024;11;0;11;1900,081081081081;210909;8,337837837837839;7,531531531531532;111
2024;11;0;12;1978,954954954955;219664;8,373123123123122;7,531531531531532;111
2024;11;0;13;2071,0810810810813;229890;8,772522522522523;7,531531531531532;111
2024;11;0;14;2251,675675675676;249936;9,703453453453452;7,531531531531532;111
2024;11;0;15;2239,2972972972975;248562;8,95045045045045;7,531531531531532;111
2024;11;0;16;2120,009009009009;235321;8,547297297297296;7,531531531531532;111
2024;11;0;17;2297,009009009009;254968;10,81081081081081;7,531531531531532;111
2024;11;0;18;2407,7027027027025;267255;11,48873873873874;7,531531531531532;111
2024;11;0;19;2333,5315315315315;259022;10,871621621621621;7,531531531531532;111
2024;11;0;20;2118,4324324324325;235146;8,038288288288289;7,531531531531532;111
2024;11;0;21;1664,4324324324325;184752;5,93018018018018;7,531531531531532;111
2024;11;0;22;1171,3153153153153;130016;4,344594594594595;7,531531531531532;111
2024;11;0;23;864,4234234234234;95951;3,4234234234234235;7,531531531531532;111
2024;11;1;0;578,6936936936937;64235;2,885135135135135;7,531531531531532;111
2024;11;1;1;384,24444444444447;34582;1,8777777777777778;9,28888888888889;90
2024;11;1;2;298,8666666666667;26898;1,7361111111111112;9,28888888888889;90
2024;11;1;3;279,8777777777778;25189;1,3916666666666666;9,28888888888889;90
2024;11;1;4;280,03333333333336;25203;1,0138888888888888;9,28888888888889;90
2024;11;1;5;339,81111111111113;30583;1,413888888888889;9,28888888888889;90
2024;11;1;6;719,9777777777778;64798;2,4277777777777776;9,28888888888889;90
2024;11;1;7;1483,6756756756756;164688;8,695945945945946;7,531531531531532;111
2024;11;1;8;2531,1801801801803;280961;13,513513513513514;7,531531531531532;111
2024;11;1;9;2407,5827338129498;334654;14,832733812949641;12,534172661870503;139
2024;11;1;10;2027,978417266187;281889;10,262589928057555;12,661870503597122;139
2024;11;1;11;2041,4388489208634;283760;9,629496402877697;12,661870503597122;139
2024;11;1;12;2100,2374100719426;291933;9,555755395683454;12,661870503597122;139
2024;11;1;13;2380,592857142857;333283;11,235119047619047;13,726785714285715;140
2024;11;1;14;2782,9;389606;11,555357142857142;14,375;140
2024;11;1;15;2652,2214285714285;371311;11,005357142857143;14,7;140
2024;11;1;16;2495,8571428571427;349420;10,430357142857142;14,705357142857142;140
2024;11;1;17;2667,5827338129498;370794;12,93705035971223;14,64568345323741;139
2024;11;1;18;2797,4244604316546;388842;14,989208633093526;14,043165467625899;139
2024;11;1;19;2690,5785714285716;376681;13,576785714285714;13,126785714285715;140
2024;11;1;20;2458,6071428571427;344205;10,417857142857143;14,4875;140
2024;11;1;21;1897,4;265636;7,4976190476190485;14,8375;140
2024;11;1;22;1308,3285714285714;183166;5,085714285714285;15,073214285714286;140
2024;11;1;23;1054,0714285714287;147570;4,566071428571429;14,014285714285714;140
2024;11;2;0;640,0785714285714;89611;3,169642857142857;9,611904761904762;140
2024;11;2;1;311,12142857142857;43557;2,251190476190476;6,755357142857143;140
2024;11;2;2;193,10714285714286;27035;1,6672619047619046;5,105952380952381;140
2024;11;2;3;148,59285714285716;20803;1,5767857142857142;4,248214285714286;140
2024;11;2;4;168,78512396694214;20423;1,0805785123966942;2,884297520661157;121
2024;11;2;5;221,35714285714286;30990;1,3839285714285714;7,560714285714286;140
2024;11;2;6;835,2071428571429;116929;2,960714285714286;13,346428571428572;140
2024;11;2;7;2170,785714285714;303910;9,241071428571429;13,998214285714285;140
2024;11;2;8;2825,192857142857;395527;15,303571428571429;12,991071428571429;140
2024;11;2;9;2787,35;390229;16,008928571428573;13,042857142857143;140
2024;11;2;10;2269,864285714286;317781;11,435714285714285;14,342857142857143;140
2024;11;2;11;2154,6428571428573;301650;9,880357142857143;14,595238095238095;140
2024;11;2;12;2332,114285714286;326496;10,210714285714285;14,757142857142858;140
2024;11;2;13;2374,8571428571427;332480;10,833333333333334;14,739285714285714;140
2024;11;2;14;2831,7428571428572;396444;12,269642857142857;14,589285714285714;140
2024;11;2;15;2738,292857142857;383361;10,964285714285714;14,744642857142857;140
2024;11;2;16;2542,957142857143;356014;10,523214285714285;14,505357142857143;140
2024;11;2;17;2712,4142857142856;379738;13,55;14,425;140
2024;11;2;18;2729,842857142857;382178;14,73392857142857;13,614285714285714;140
2024;11;2;19;2695,65;377391;14,366071428571429;13,2875;140
2024;11;2;20;2487,092857142857;348193;10,794642857142858;14,2;140
2024;11;2;21;1980,2571428571428;277236;8,066071428571428;14,948214285714286;140
2024;11;2;22;1396,0071428571428;195441;5,567857142857143;15,191071428571428;140
2024;11;2;23;1084,1285714285714;151778;4,630357142857143;14,455357142857142;140
2024;11;3;0;771,3357142857143;107987;3,357142857142857;10,480357142857143;140
2024;11;3;1;395,5571428571429;55378;2,2541666666666664;8,026190476190477;140
2024;11;3;2;259,95;36393;1,3571428571428572;6,489285714285714;140
2024;11;3;3;200,87857142857143;28123;1,2339285714285715;6,367857142857143;140
2024;11;3;4;229,55;22955;1,2025;0,43;100
2024;11;3;5;247,60714285714286;34665;1,5869047619047618;9,216666666666667;140
2024;11;3;6;859,8857142857142;120384;3,061904761904762;13,90952380952381;140
2024;11;3;7;2138,042857142857;299326;9,22202380952381;14,304761904761905;140
2024;11;3;8;2679,0785714285716;375071;14,64107142857143;13,246428571428572;140
2024;11;3;9;2734,364285714286;382811;14,485714285714286;13,283928571428572;140
2024;11;3;10;2251,4857142857145;315208;10,880357142857143;13,589285714285714;140
2024;11;3;11;2272,8571428571427;318200;9,808928571428572;14,628571428571428;140
2024;11;3;12;2367,9857142857145;331518;10,248809523809523;14,548214285714286;140
2024;11;3;13;2482,9285714285716;347610;10,285714285714286;14,594642857142857;140
2024;11;3;14;2832,4214285714284;396539;11,678571428571429;14,382142857142858;140
2024;11;3;15;2745,1857142857143;384326;10,603571428571428;14,607142857142858;140
2024;11;3;16;2560,25;358435;10,48392857142857;14,7;140
2024;11;3;17;2744,8714285714286;384282;12,135714285714286;14,425;140
2024;11;3;18;2867,635714285714;401469;13,85892857142857;13,808928571428572;140
2024;11;3;19;2814,2785714285715;393999;14,092857142857143;13,473214285714286;140
2024;11;3;20;2609,0857142857144;365272;11,869642857142857;13,775;140
2024;11;3;21;2142,3928571428573;299935;8,348214285714286;14,601785714285715;140
2024;11;3;22;1527,6142857142856;213866;6,378571428571429;14,95357142857143;140
2024;11;3;23;1230,7357142857143;172303;5,4678571428571425;14,869642857142857;140
2024;11;4;0;1014,1055900621118;163271;4,3768115942028984;10,718944099378882;161
2024;11;4;1;636,4472049689441;102468;3,624223602484472;8,900621118012422;161
2024;11;4;2;432,98136645962734;69710;2,518633540372671;7,385093167701863;161
2024;11;4;3;344,167701863354;55411;2,1495859213250514;6,86128364389234;161
2024;11;4;4;333,5;47357;1,7799295774647887;5,017605633802817;142
2024;11;4;5;352,85714285714283;56810;1,5667701863354038;9,43944099378882;161
2024;11;4;6;845,9503105590062;136198;3,2468944099378882;12,326086956521738;161
2024;11;4;7;1866,3602484472049;300484;7,823498964803312;12,703933747412007;161
2024;11;4;8;2471,795031055901;397959;10,99223602484472;12,737577639751553;161
2024;11;4;9;2345,832298136646;377679;10,322981366459627;12,774844720496894;161
2024;11;4;10;2117,0;340837;8,860248447204969;12,700310559006212;161
2024;11;4;11;2203,204968944099;354716;9,167701863354038;12,703416149068323;161
2024;11;4;12;2334,254658385093;375815;9,951863354037267;12,664596273291925;161
2024;11;4;13;2541,2670807453414;409144;11,111801242236025;12,684782608695652;161
2024;11;4;14;2915,2981366459626;469363;13,513975155279503;12,226708074534162;161
2024;11;4;15;2763,1490683229813;444867;14,76086956521739;11,074534161490684;161
2024;11;4;16;2456,2422360248447;395455;11,569875776397515;11,664596273291925;161
2024;11;4;17;2579,5341614906833;415305;12,01086956521739;12,065217391304348;161
2024;11;4;18;2535,944099378882;408287;12,347826086956522;11,619565217391305;161
2024;11;4;19;2482,1242236024846;399622;11,868012422360248;11,555900621118013;161
2024;11;4;20;2439,714285714286;392794;11,436335403726709;11,745341614906833;161
2024;11;4;21;2210,3478260869565;355866;9,330745341614907;12,414596273291925;161
2024;11;4;22;1648,8447204968943;265464;6,390269151138716;12,909937888198758;161
2024;11;4;23;1332,6583850931677;214558;5,388198757763975;12,835403726708075;161
2024;11;5;0;1279,7267080745341;206036;5,357142857142857;12,813664596273291;161
2024;11;5;1;1060,0434782608695;170667;4,908385093167702;12,493788819875776;161
2024;11;5;2;843,0993788819876;135739;4,341097308488613;12,312111801242237;161
2024;11;5;3;638,9068322981367;102864;3,5372670807453415;11,658385093167702;161
2024;11;5;4;515,2767295597484;81929;2,35062893081761;10,391509433962264;159
2024;11;5;5;484,78125;77565;2,396875;10,641666666666667;160
2024;11;5;6;590,56875;94491;2,5171875;11,3828125;160
2024;11;5;7;642,44375;102791;2,446875;11,2984375;160
2024;11;5;8;842,0625;134730;3,1703125;11,459375;160
2024;11;5;9;1176,35625;188217;4,03125;11,803125;160
2024;11;5;10;1541,0875;246574;5,415625;11,60625;160
2024;11;5;11;1860,29375;297647;6,18125;11,6140625;160
2024;11;5;12;2029,45625;324713;7,5140625;11,19375;160
2024;11;5;13;2173,9;347824;8,70625;11,1546875;160
2024;11;5;14;2210,83125;353733;9,5640625;11,1609375;160
2024;11;5;15;1705,80625;272929;6,6484375;11,6640625;160
2024;11;5;16;1514,5125;242322;5,375;11,703125;160
2024;11;5;17;1767,36875;282779;6,7796875;11,3625;160
2024;11;5;18;2009,08125;321453;8,26875;11,375;160
2024;11;5;19;1990,75625;318521;9,2578125;10,6734375;160
2024;11;5;20;1961,8375;313894;9,7421875;10,6140625;160
2024;11;5;21;1821,1375;291382;8,0125;10,671875;160
2024;11;5;22;1501,50625;240241;6,0;11,5546875;160
2024;11;5;23;1269,04375;203047;5,359895833333334;11,690104166666668;160
2024;11;6;0;1223,2612612612613;135782;5,177927927927928;7,531531531531532;111
2024;11;6;1;1015,5315315315315;112724;4,281531531531532;7,531531531531532;111
2024;11;6;2;794,6576576576576;88207;3,9054054054054053;7,531531531531532;111
2024;11;6;3;633,5495495495495;70324;3,2815315315315314;7,531531531531532;111
2024;11;6;4;548,1981981981982;60850;2,9527027027027026;7,531531531531532;111
2024;11;6;5;500,34234234234236;55538;2,5067567567567566;7,531531531531532;111
2024;11;6;6;575,8648648648649;63921;2,3603603603603602;7,531531531531532;111
2024;11;6;7;586,0990990990991;65057;1,972972972972973;7,531531531531532;111
2024;11;6;8;678,7117117117117;75337;2,5007507507507505;7,531531531531532;111
2024;11;6;9;849,7567567567568;94323;3,4917417417417416;7,531531531531532;111
2024;11;6;10;1182,5765765765766;131266;4,854354354354355;7,531531531531532;111
2024;11;6;11;1575,2342342342342;174851;5,849099099099099;7,531531531531532;111
2024;11;6;12;1843,2702702702702;204603;7,425675675675675;7,531531531531532;111
2024;11;6;13;2000,981981981982;222109;8,414414414414415;7,531531531531532;111
2024;11;6;14;2045,099099099099;227006;8,655405405405405;7,531531531531532;111
2024;11;6;15;1564,4414414414414;173653;6,281531531531532;7,531531531531532;111
2024;11;6;16;1504,8288288288288;167036;5,725225225225225;7,531531531531532;111
2024;11;6;17;1761,5045045045044;195527;6,655405405405405;7,531531531531532;111
2024;11;6;18;1818,4414414414414;201847;6,988738738738738;7,531531531531532;111
2024;11;6;19;1733,117117117117;192376;6,842342342342342;7,531531531531532;111
2024;11;6;20;1668,7927927927929;185236;6,47972972972973;7,531531531531532;111
2024;11;6;21;1462,1891891891892;162303;5,427927927927928;7,531531531531532;111
2024;11;6;22;1151,4684684684685;127813;4,175675675675675;7,531531531531532;111
2024;11;6;23;877,2342342342342;97373;3,3986486486486487;7,531531531531532;111
2024;12;0;0;668,3467741935484;165750;2,7016129032258065;19,97983870967742;248
2024;12;0;1;361,7540322580645;89715;1,8383736559139785;16,874327956989244;248
2024;12;0;2;230,89112903225808;57261;1,3790322580645162;13,65625;248
2024;12;0;3;162,8790322580645;40394;0,9606854838709677;11,212701612903226;248
2024;12;0;4;155,6008064516129;38589;1,1122311827956988;11,222782258064516;248
2024;12;0;5;263,78225806451616;65418;1,3881048387096775;14,33635752688172;248
2024;12;0;6;767,375;190309;2,871975806451613;20,227486559139788;248
2024;12;0;7;1835,0282258064517;455087;6,823588709677419;21,49092741935484;248
2024;12;0;8;2243,342741935484;556349;9,16733870967742;20,666330645161292;248
2024;12;0;9;2244,9959677419356;556759;9,798387096774194;21,08467741935484;248
2024;12;0;10;2068,939516129032;513097;8,054435483870968;21,236895161290324;248
2024;12;0;11;2194,342741935484;544197;8,402889784946236;21,378024193548388;248
2024;12;0;12;2329,4758064516127;577710;9,170362903225806;21,309475806451612;248
2024;12;0;13;2425,8629032258063;601614;9,935483870967742;21,436491935483872;248
2024;12;0;14;2677,576612903226;664039;10,024193548387096;21,635080645161292;248
2024;12;0;15;2503,060483870968;620759;9,138104838709678;21,54032258064516;248
2024;12;0;16;2293,983870967742;568908;8,50100806451613;21,51108870967742;248
2024;12;0;17;2510,592741935484;622627;9,96975806451613;20,958669354838708;248
2024;12;0;18;2629,5685483870966;652133;10,859879032258064;20,335685483870968;248
2024;12;0;19;2491,4596774193546;617882;10,404233870967742;20,12298387096774;248
2024;12;0;20;2291,2298387096776;568225;8,214717741935484;21,36391129032258;248
2024;12;0;21;1836,399193548387;455427;6,316532258064516;22,08266129032258;248
2024;12;0;22;1318,8266129032259;327069;4,791666666666666;22,081653225806452;248
2024;12;0;23;925,1943319838057;228523;3,432186234817814;21,22165991902834;247
2024;12;1;0;640,4314516129032;158827;2,427083333333333;17,455645161290324;248
2024;12;1;1;341,81451612903226;84770;1,6387768817204302;14,426075268817204;248
2024;12;1;2;223,41592920353983;50492;1,4941002949852509;10,112094395280236;226
2024;12;1;3;159,6209677419355;39586;0,9422043010752688;10,985887096774194;248
2024;12;1;4;151,05853658536586;30967;0,7621951219512195;7,980487804878049;205
2024;12;1;5;241,2983870967742;59842;1,5430107526881722;14,206317204301074;248
2024;12;1;6;713,3991935483871;176923;2,5265456989247315;19,649193548387096;248
2024;12;1;7;1582,217741935484;392390;6,501680107526882;20,956317204301076;248
2024;12;1;8;2007,3064516129032;497812;9,06350806451613;20,098790322580644;248
2024;12;1;9;2002,7983870967741;496694;9,694556451612904;19,844758064516128;248
2024;12;1;10;1879,983870967742;466236;7,770161290322581;20,796706989247312;248
2024;12;1;11;2038,1854838709678;505470;7,681451612903226;21,577620967741936;248
2024;12;1;12;2204,9435483870966;546826;8,38508064516129;21,474798387096776;248
2024;12;1;13;2355,685483870968;584210;9,049059139784946;21,418682795698924;248
2024;12;1;14;2515,1048387096776;623746;9,607862903225806;21,60483870967742;248
2024;12;1;15;2291,5564516129034;568306;8,144153225806452;21,79032258064516;248
2024;12;1;16;2103,576612903226;521687;7,790322580645161;21,587701612903224;248
2024;12;1;17;2232,8951612903224;553758;9,21975806451613;21,41532258064516;248
2024;12;1;18;2374,2419354838707;588812;11,210685483870968;20,375;248
2024;12;1;19;2472,326612903226;613137;11,455645161290322;19,807459677419356;248
2024;12;1;20;2424,7540322580644;601339;9,487903225806452;20,703629032258064;248
2024;12;1;21;1785,9516129032259;442916;6,682459677419355;21,672379032258064;248
2024;12;1;22;1047,5604838709678;259795;3,8471102150537635;21,697244623655916;248
2024;12;1;23;816,2379032258065;202427;3,1737231182795695;20,817540322580644;248
2024;12;2;0;871,6414141414141;172585;3,412878787878788;19,181818181818183;198
2024;12;2;1;684,929292929293;135616;2,8766835016835017;16,17929292929293;198
2024;12;2;2;479,92424242424244;95025;2,1186868686868685;13,965909090909092;198
2024;12;2;3;279,8888888888889;55418;1,231060606060606;12,213804713804715;198
2024;12;2;4;170,07575757575756;33675;0,9966329966329965;10,837962962962962;198
2024;12;2;5;248,22222222222223;49148;1,0934343434343434;14,272727272727273;198
2024;12;2;6;727,5505050505051;144055;2,095959595959596;19,64520202020202;198
2024;12;2;7;1759,611111111111;348403;6,421717171717172;20,400252525252526;198
2024;12;2;8;2116,282828282828;419024;10,3510101010101;18,29419191919192;198
2024;12;2;9;1991,0959595959596;394237;10,681818181818182;18,612373737373737;198
2024;12;2;10;1750,6262626262626;346624;7,952020202020202;20,171717171717173;198
2024;12;2;11;1882,3181818181818;372699;7,373737373737374;20,86111111111111;198
2024;12;2;12;2053,4242424242425;406578;8,428030303030303;21,23611111111111;198
2024;12;2;13;2342,469696969697;463809;9,858585858585858;21,220117845117844;198
2024;12;2;14;2658,5;526383;10,554292929292929;21,279040404040405;198
2024;12;2;15;2279,0151515151515;451245;8,66540404040404;21,174242424242426;198
2024;12;2;16;2109,959595959596;417772;8,234848484848484;21,13510101010101;198
2024;12;2;17;2413,5;477873;10,66540404040404;20,796717171717173;198
2024;12;2;18;2618,343434343434;518432;13,703282828282829;19,627525252525253;198
2024;12;2;19;2629,378787878788;520617;12,613636363636363;19,28409090909091;198
2024;12;2;20;2389,0656565656564;473035;9,969696969696969;20,434343434343436;198
2024;12;2;21;1975,388888888889;391127;6,886363636363637;21,588383838383837;198
2024;12;2;22;1410,8484848484848;279348;4,95580808080808;22,035353535353536;198
2024;12;2;23;1059,121212121212;209706;4,09469696969697;21,230218855218855;198
2024;12;3;0;770,0757575757576;152475;2,8068181818181817;19,265151515151516;198
2024;12;3;1;421,67676767676767;83492;1,7626262626262625;16,22979797979798;198
2024;12;3;2;269,6111111111111;53383;1,2285353535353536;14,079545454545455;198
2024;12;3;3;193,6010101010101;38333;0,9335016835016834;10,514730639730638;198
2024;12;3;4;177,1919191919192;35084;0,8017676767676768;10,724326599326599;198
2024;12;3;5;261,2979797979798;51737;0,8939393939393939;14,032828282828282;198
2024;12;3;6;815,0757575757576;161385;2,5694444444444446;20,34469696969697;198
2024;12;3;7;1898,8434343434344;375971;6,819444444444445;21,545454545454547;198
2024;12;3;8;2442,3636363636365;483588;10,382575757575758;21,2020202020202;198
2024;12;3;9;2318,191919191919;459002;10,082491582491581;21,150673400673398;198
2024;12;3;10;2133,1161616161617;422357;9,368686868686869;21,18813131313131;198
2024;12;3;11;2261,020202020202;447682;9,363636363636363;21,286616161616163;198
2024;12;3;12;2376,419191919192;470531;9,997474747474747;21,031565656565657;198
2024;12;3;13;2514,0150753768844;500289;10,78140703517588;21,310301507537687;199
2024;12;3;14;2815,391959798995;560263;11,753768844221106;20,850502512562816;199
2024;12;3;15;2671,311557788945;531591;10,605527638190955;21,10929648241206;199
2024;12;3;16;2457,7236180904524;489087;9,557788944723619;21,4321608040201;199
2024;12;3;17;2642,8442211055276;525926;11,03643216080402;21,001256281407034;199
2024;12;3;18;2756,040201005025;548452;13,194723618090451;19,597989949748744;199
2024;12;3;19;2660,738693467337;529487;12,933417085427136;18,763819095477388;199
2024;12;3;20;2496,5125628140704;496806;11,054020100502512;20,277638190954775;199
2024;12;3;21;2124,1507537688444;422706;8,507537688442211;21,381909547738694;199
2024;12;3;22;1599,889447236181;318378;6,150753768844221;22,193467336683415;199
2024;12;3;23;1254,3115577889448;249608;4,984924623115578;21,968592964824122;199
2024;12;4;0;1016,3316582914573;202250;3,6532663316582914;20,556532663316585;199
2024;12;4;1;709,1306532663317;141117;2,6758793969849246;18,97613065326633;199
2024;12;4;2;491,6934673366834;97847;2,027638190954774;17,51005025125628;199
2024;12;4;3;354,0251256281407;70451;1,6628978224455613;16,018006700167504;199
2024;12;4;4;319,4858757062147;56549;1,4467984934086628;13,094161958568737;177
2024;12;4;5;348,83417085427135;69418;1,4597989949748744;16,678391959798994;199
2024;12;4;6;771,2311557788945;153475;2,2751256281407035;20,60427135678392;199
2024;12;4;7;1486,4170854271356;295797;4,728643216080402;21,883165829145728;199
2024;12;4;8;1887,4020100502512;375593;6,555276381909548;21,91457286432161;199
2024;12;4;9;1915,3467336683418;381154;7,039782244556115;21,984924623115578;199
2024;12;4;10;1984,489898989899;392929;7,133838383838384;21,805555555555557;198
2024;12;4;11;2160,924623115578;430024;7,863065326633166;21,44723618090452;199
2024;12;4;12;2320,969849246231;461873;8,667085427135678;21,448492462311556;199
2024;12;4;13;2536,110552763819;504686;9,896984924623116;21,025125628140703;199
2024;12;4;14;2721,396984924623;541558;11,616834170854272;20,695979899497488;199
2024;12;4;15;2461,477386934673;489834;10,17964824120603;20,74497487437186;199
2024;12;4;16;2204,64824120603;438725;8,272613065326633;21,001256281407034;199
2024;12;4;17;2366,748743718593;470983;8,850502512562814;21,08542713567839;199
2024;12;4;18;2455,5577889447236;488656;9,782663316582914;20,733668341708544;199
2024;12;4;19;2425,462311557789;482667;9,886934673366834;20,487437185929647;199
2024;12;4;20;2369,577889447236;471546;9,347989949748744;20,626884422110553;199
2024;12;4;21;2164,175879396985;430671;8,361809045226131;21,21356783919598;199
2024;12;4;22;1855,9045226130654;369325;6,665829145728643;21,350502512562816;199
2024;12;4;23;1528,6180904522614;304195;5,6126465661641545;21,300670016750416;199
2024;12;5;0;1476,502512562814;293824;5,238693467336684;21,270100502512562;199
2024;12;5;1;1276,6482412060302;254053;4,680904522613066;20,599246231155778;199
2024;12;5;2;1031,356783919598;205240;4,32286432160804;19,65326633165829;199
2024;12;5;3;669,7336683417085;133277;3,4652428810720264;18,872278056951423;199
2024;12;5;4;413,67676767676767;81908;2,240319865319865;17,018097643097644;198
2024;12;5;5;438,33668341708545;87229;2,187185929648241;18,35929648241206;199
2024;12;5;6;582,1708542713568;115852;2,7437185929648242;20,09254606365159;199
2024;12;5;7;663,6984924623116;132076;3,0150753768844223;21,35636515912898;199
2024;12;5;8;790,3819095477387;157286;3,222361809045226;20,424204355108877;199
2024;12;5;9;1187,180904522613;236249;4,296482412060302;21,60678391959799;199
2024;12;5;10;1580,7638190954774;314572;5,728643216080402;21,641541038525965;199
2024;12;5;11;1930,3668341708542;384143;7,021356783919598;21,621859296482413;199
2024;12;5;12;2194,6532663316584;436736;8,167085427135678;21,34045226130653;199
2024;12;5;13;2380,778894472362;473775;9,798994974874372;20,443467336683415;199
2024;12;5;14;2422,788944723618;482135;9,587939698492463;20,742462311557787;199
2024;12;5;15;1834,6231155778894;365090;6,765075376884422;21,959798994974875;199
2024;12;5;16;1593,788944723618;317164;5,828308207705192;21,980318257956448;199
2024;12;5;17;1827,7587939698492;363724;6,540201005025126;21,72613065326633;199
2024;12;5;18;2087,808080808081;413386;7,896464646464646;21,400252525252526;198
2024;12;5;19;2151,89898989899;426076;8,666245791245792;20,974326599326602;198
2024;12;5;20;2128,969696969697;421536;8,71338383838384;20,271464646464647;198
2024;12;5;21;1920,5778894472362;382195;7,199748743718593;21,318676716917924;199
2024;12;5;22;1594,9849246231156;317402;5,806532663316583;21,84045226130653;199
2024;12;5;23;1339,9346733668342;266647;5,159547738693467;21,62939698492462;199
2024;12;6;0;1289,3306451612902;319754;5,348454301075269;21,471102150537632;248
2024;12;6;1;1011,8145161290323;250930;4,666666666666666;20,969758064516128;248
2024;12;6;2;703,766129032258;174534;3,670698924731183;20,012432795698924;248
2024;12;6;3;530,9233870967741;131669;2,7244623655913975;18,84375;248
2024;12;6;4;434,5241935483871;107762;2,4633736559139785;17,390120967741936;248
2024;12;6;5;412,52016129032256;102305;2,4264112903225805;17,608870967741936;248
2024;12;6;6;518,5564516129032;128602;2,365591397849462;19,363239247311828;248
2024;12;6;7;583,0806451612904;144604;2,6898521505376345;20,622647849462368;248
2024;12;6;8;612,0120967741935;151779;2,6794354838709675;20,316868279569892;248
2024;12;6;9;818,2459677419355;202925;3,2419354838709675;21,242943548387096;248
2024;12;6;10;1217,782258064516;302010;4,694220430107527;21,747647849462368;248
2024;12;6;11;1738,258064516129;431088;6,155241935483871;21,304435483870968;248
2024;12;6;12;2031,3185483870968;503767;7,648185483870968;21,142137096774192;248
2024;12;6;13;2234,7701612903224;554223;7,764112903225806;21,383064516129032;248
2024;12;6;14;2268,3306451612902;562546;8,040322580645162;21,495967741935484;248
2024;12;6;15;1768,5725806451612;438606;6,233870967741935;21,722782258064516;248
2024;12;6;16;1588,3104838709678;393901;5,60383064516129;21,550403225806452;248
2024;12;6;17;1865,991935483871;462766;6,577620967741935;21,52385752688172;248
2024;12;6;18;2068,8951612903224;513086;7,540322580645161;21,453629032258064;248
2024;12;6;19;2133,125;529015;8,411290322580646;21,3125;248
2024;12;6;20;2009,7379032258063;498415;7,357862903225806;21,367943548387096;248
2024;12;6;21;1709,2701612903227;423899;6,077620967741935;21,701612903225808;248
2024;12;6;22;1331,4435483870968;330198;4,827620967741935;21,857862903225808;248
2024;12;6;23;952,1895161290323;236143;3,724798387096774;21,53326612903226;248
