año;mes;dia_semana;hora;intensidad_media;intensidad_total;ocupacion_media;velocidad_media;registros
2023;1;0;0;203,613;50903,25;2,370560109289617;25,118;250
2023;1;0;1;142,829;35707,25;2,0601659751037342;20,994;250
2023;1;0;2;119,499;29874,75;1,6809027777777779;19,414;250
2023;1;0;3;109,826;27456,5;1,4090909090909092;18,085;250
2023;1;0;4;108,012;27003,0;1,3790983606557377;17,057;250
2023;1;0;5;125,973;31493,25;1,344744121715076;19,962;250
2023;1;0;6;226,585;56646,25;2,576502732240437;25,509;250
2023;1;0;7;478,518;119629,5;5,909836065573771;28,296;250
2023;1;0;8;650,771;162692,75;9,040642076502731;28,003;250
2023;1;0;9;618,918;154729,5;9,282786885245901;28,258;250
2023;1;0;10;522,604;130651,0;7,192964480874316;28,377;250
2023;1;0;11;515,606;128901,5;6,9381830601092895;28,252;250
2023;1;0;12;526,864;131716,0;6,924863387978142;28,438;250
2023;1;0;13;548,99;137247,5;6,882172131147541;28,48;250
2023;1;0;14;638,597;159649,25;8,023565573770492;28,485;250
2023;1;0;15;645,308;161327,0;7,926229508196721;28,467;250
2023;1;0;16;569,087;142271,75;7,258879781420766;28,401;250
2023;1;0;17;622,935;155733,75;8,065573770491802;28,206;250
2023;1;0;18;662,321;165580,25;9,412568306010929;27,699;250
2023;1;0;19;659,867;164966,75;8,966188524590164;27,766;250
2023;1;0;20;574,403;143600,75;7,135587431693989;28,22;250
2023;1;0;21;469,746;117436,5;5,573428961748634;28,532;250
2023;1;0;22;347,121;86780,25;4,022199453551912;28,561;250
2023;1;0;23;255,803;63950,75;3,228142076502732;27,119;250
2023;1;1;0;186,992;46748,0;2,4361338797814205;23,695;250
2023;1;1;1;134,18;33545,0;1,9665300546448086;19,868;250
2023;1;1;2;116,402;29100,5;1,6877637130801688;19,063;250
2023;1;1;3;109,667;27416,75;1,4422268907563025;17,967;250
2023;1;1;4;111,42;27855,0;1,3312146892655368;18,367;250
2023;1;1;5;124,273;31068,25;1,3497899159663866;19,372;250
2023;1;1;6;209,564;52391,0;2,3963585434173673;23,927;250
2023;1;1;7;431,569;107892,25;5,518987341772152;25,665;250
2023;1;1;8;588,941;147235,25;8,9187675070028;25,409;250
2023;1;1;9;572,804;143201,0;9,327030812324931;25,3;250
2023;1;1;10;480,975;120243,75;6,860294117647059;25,623;250
2023;1;1;11;476,481;119120,25;6,57843137254902;25,784;250
2023;1;1;12;494,159;123539,75;7,061974789915967;25,729;250
2023;1;1;13;531,584;132896,0;7,5561224489795915;26,395;250
2023;1;1;14;678,413;169603,25;8,941836734693878;28,104;250
2023;1;1;15;679,11;169777,5;8,864285714285714;28,132;250
2023;1;1;16;609,491;152372,75;8,15952380952381;28,003;250
2023;1;1;17;657,289;164322,25;9,222448979591837;27,746;250
2023;1;1;18;705,272;176318,0;10,242857142857142;27,575;250
2023;1;1;19;714,264;178566,0;10,023469387755101;27,326;250
2023;1;1;20;633,97;158492,5;8,104421768707482;27,722;250
2023;1;1;21;502,191;125547,75;5,880612244897959;28,403;250
2023;1;1;22;350,945;87736,25;4,139455782312925;28,56;250
2023;1;1;23;241,35;60337,5;3,2062841530054644;27,229;250
2023;1;2;0;164,50875;32901,75;2,3329037800687282;23,185;200
2023;1;2;1;95,69875;19139,75;1,6247841105354057;19,31375;200
2023;1;2;2;61,5575;12311,5;1,1778929188255611;14,83125;200
2023;1;2;3;50,8625;10172,5;0,8320379965457686;13,7425;200
2023;1;2;4;50,225;10045,0;0,6631944444444444;14,1075;200
2023;1;2;5;69,78375;13956,75;0,950171821305842;16,76;200
2023;1;2;6;173,50625;34701,25;2,075993091537133;23,94875;200
2023;1;2;7;460,0325;92006,5;5,842735042735042;28,045;200
2023;1;2;8;659,8825;131976,5;9,677777777777779;27,22625;200
2023;1;2;9;648,12375;129624,75;10,053846153846154;27,39875;200
2023;1;2;10;548,92;109784,0;7,2615384615384615;27,68625;200
2023;1;2;11;523,8225;104764,5;6,817948717948718;27,64125;200
2023;1;2;12;550,9625;110192,5;7,114529914529914;27,94125;200
2023;1;2;13;573,3575;114671,5;7,691025641025641;27,885;200
2023;1;2;14;667,23;133446,0;8,915384615384616;27,93875;200
2023;1;2;15;671,89375;134378,75;8,461538461538462;28,1475;200
2023;1;2;16;604,10125;120820,25;7,696153846153846;28,2025;200
2023;1;2;17;648,76375;129752,75;8,735897435897435;27,61125;200
2023;1;2;18;688,175;137635,0;10,0517094017094;27,73875;200
2023;1;2;19;703,2975;140659,5;10,232051282051282;27,17875;200
2023;1;2;20;633,97;126794,0;8,36965811965812;27,36;200
2023;1;2;21;496,44875;99289,75;6,097435897435897;28,2375;200
2023;1;2;22;346,14;69228,0;4,107692307692307;28,105;200
2023;1;2;23;257,13625;51427,25;3,3115384615384613;27,03;200
2023;1;3;0;187,73;37546,0;2,5021588946459414;23,09;200
2023;1;3;1;107,3175;21463,5;1,531951640759931;19,835;200
2023;1;3;2;69,79625;13959,25;1,1580756013745703;16,05;200
2023;1;3;3;55,18625;11037,25;0,9377147766323024;14,81375;200
2023;1;3;4;56,39625;11279,25;1,0123931623931623;14,64625;200
2023;1;3;5;70,52375;14104,75;0,9540378006872853;16,7125;200
2023;1;3;6;175,5175;35103,5;2,064003436426117;24,41;200
2023;1;3;7;452,85125;90570,25;5,427777777777778;27,82875;200
2023;1;3;8;659,33125;131866,25;9,2;27,81125;200
2023;1;3;9;654,82;130964,0;9,426666666666666;28,015;200
2023;1;3;10;597,4375;119487,5;7,89;28,8375;200
2023;1;3;11;588,275;117655,0;7,38875;28,7075;200
2023;1;3;12;621,96875;124393,75;7,9625;28,74625;200
2023;1;3;13;654,84875;130969,75;8,395833333333334;29,12;200
2023;1;3;14;774,72125;154944,25;9,925;29,29375;200
2023;1;3;15;763,525;152705,0;9,5475;29,225;200
2023;1;3;16;678,60375;135720,75;8,56;29,46625;200
2023;1;3;17;735,4975;147099,5;9,86625;28,95375;200
2023;1;3;18;752,4825;150496,5;10,85125;28,71375;200
2023;1;3;19;753,33;150666,0;10,80625;27,97125;200
2023;1;3;20;681,57125;136314,25;8,99625;28,15375;200
2023;1;3;21;570,42125;114084,25;6,6466666666666665;29,22125;200
2023;1;3;22;392,515;78503,0;4,4991666666666665;29,73;200
2023;1;3;23;301,5575;60311,5;3,59375;28,11625;200
2023;1;4;0;250,92;50184,0;3,0566666666666666;25,6575;200
2023;1;4;1;148,90125;29780,25;2,0095833333333335;22,30625;200
2023;1;4;2;87,545;17509,0;1,4128595600676819;18,29125;200
2023;1;4;3;64,955;12991,0;1,2331649831649831;15,07875;200
2023;1;4;4;58,09875;11619,75;0,9475465313028765;13,86625;200
2023;1;4;5;73,04;14608,0;0,9522613065326633;16,6775;200
2023;1;4;6;175,105;35021,0;1,9426298157453936;24,68625;200
2023;1;4;7;408,82125;81764,25;4,743333333333333;27,82625;200
2023;1;4;8;572,8175;114563,5;7,4775;27,9175;200
2023;1;4;9;558,75375;111750,75;7,72625;28,47625;200
2023;1;4;10;499,47375;99894,75;6,4025;28,47625;200
2023;1;4;11;536,7075;107341,5;6,545833333333333;28,8175;200
2023;1;4;12;588,86625;117773,25;7,392916666666666;28,93875;200
2023;1;4;13;652,1375;130427,5;8,325;29,12125;200
2023;1;4;14;774,1475;154829,5;10,489949748743719;29,2;200
2023;1;4;15;769,4425;153888,5;10,97361809045226;28,9025;200
2023;1;4;16;677,95125;135590,25;8,755443886097153;28,995;200
2023;1;4;17;719,86625;143973,25;9,22110552763819;28,73625;200
2023;1;4;18;708,2925;141658,5;9,53894472361809;28,55625;200
2023;1;4;19;683,625;136725,0;9,228643216080402;28,255;200
2023;1;4;20;663,4475;132689,5;8,683417085427136;28,4275;200
2023;1;4;21;609,28625;121857,25;7,317839195979899;28,725;200
2023;1;4;22;463,695;92739,0;5,406197654941373;29,3275;200
2023;1;4;23;364,33875;72867,75;4,368090452261306;29,02875;200
2023;1;5;0;337,88375;67576,75;3,94891122278057;28,325;200
2023;1;5;1;293,1725;58634,5;3,5598827470686767;27,625;200
2023;1;5;2;227,525;45505,0;2,884003350083752;25,955;200
2023;1;5;3;190,59125;38118,25;2,4297138047138045;23,87875;200
2023;1;5;4;171,18125;34236,25;2,205160744500846;23,135;200
2023;1;5;5;166,12625;33225,25;2,0284757118927974;22,8275;200
2023;1;5;6;203,74875;40749,75;2,484848484848485;25,545;200
2023;1;5;7;234,01875;46803,75;2,7043551088777216;26,7975;200
2023;1;5;8;263,2375;52647,5;2,9276094276094273;27,57;200
2023;1;5;9;349,04625;69809,25;3,7445286195286194;28,805;200
2023;1;5;10;456,61125;91322,25;5,004606365159129;29,06875;200
2023;1;5;11;524,1725;104834,5;6,210636515912898;28,8425;200
2023;1;5;12;591,99375;118398,75;6,8371021775544385;28,87125;200
2023;1;5;13;654,71375;130942,75;7,937185929648241;28,7575;200
2023;1;5;14;689,63125;137926,25;8,353015075376884;28,9225;200
2023;1;5;15;541,97375;108394,75;6,2043551088777225;29,4475;200
2023;1;5;16;449,265;89853,0;5,08961474036851;29,26125;200
2023;1;5;17;513,20125;102640,25;5,935929648241206;28,83875;200
2023;1;5;18;580,42875;116085,75;6,877721943048576;28,915;200
2023;1;5;19;600,59625;120119,25;7,342127303182579;28,73375;200
2023;1;5;20;595,7175;119143,5;7,265494137353434;28,42875;200
2023;1;5;21;563,475;112695,0;6,807788944723618;28,795;200
2023;1;5;22;469,36875;93873,75;5,566164154103853;28,87625;200
2023;1;5;23;383,20125;76640,25;4,6792294807370185;28,8875;200
2023;1;6;0;349,165;87291,25;4,070281124497992;27,249;250
2023;1;6;1;302,533;75633,25;3,711432506887052;25,897;250
2023;1;6;2;247,251;61812,75;3,1832641770401104;24,947;250
2023;1;6;3;197,47;49367,5;2,5453277545327757;24,358;250
2023;1;6;4;171,237;42809,25;2,3563458856345885;22,274;250
2023;1;6;5;156,617;39154,25;2,1229338842975207;21,717;250
2023;1;6;6;179,105;44776,25;2,097107438016529;23,432;250
2023;1;6;7;192,153;48038,25;2,395486111111111;24,387;250
2023;1;6;8;184,446;46111,5;2,1967496542185336;24,357;250
2023;1;6;9;221,851;55462,75;2,5408022130013834;25,553;250
2023;1;6;10;292,998;73249,5;3,2766531713900138;27,044;250
2023;1;6;11;395,274;98818,5;4,538934426229508;28,141;250
2023;1;6;12;471,336;117834,0;5,572062841530054;28,065;250
2023;1;6;13;523,442;130860,5;6,266393442622951;28,202;250
2023;1;6;14;561,47;140367,5;6,66905737704918;28,118;250
2023;1;6;15;443,706;110926,5;5,057718579234972;28,267;250
2023;1;6;16;382,287;95571,75;4,34084699453552;28,187;250
2023;1;6;17;450,09;112522,5;5,215163934426229;28,32;250
2023;1;6;18;502,015;125503,75;5,909494535519126;28,15;250
2023;1;6;19;517,234;129308,5;6,209016393442623;27,921;250
2023;1;6;20;487,396;121849,0;5,694330601092896;28,065;250
2023;1;6;21;398,147;99536,75;4,571379781420766;28,352;250
2023;1;6;22;326,538;81634,5;3,774248633879781;28,068;250
2023;1;6;23;273,199;68299,75;3,199795081967213;27,802;250
2023;2;0;0;173,8925;34778,5;2,2508333333333335;23,04375;200
2023;2;0;1;97,0775;19415,5;1,8133333333333335;17,42375;200
2023;2;0;2;60,2525;12050,5;1,1751700680272108;13,945;200
2023;2;0;3;45,99625;9199,25;1,0151515151515151;10,56125;200
2023;2;0;4;47,28875;9457,75;0,7671691792294807;11,01375;200
2023;2;0;5;68,27651515151516;13518,75;0,8886054421768707;14,978535353535353;198
2023;2;0;6;200,8510101010101;39768,5;2,7066326530612246;25,064393939393938;198
2023;2;0;7;549,179292929293;108737,5;6,617003367003368;29,271464646464647;198
2023;2;0;8;788,6073232323232;156144,25;10,746212121212121;29,231060606060606;198
2023;2;0;9;753,3604060913706;148412,0;10,94373942470389;29,08248730964467;197
2023;2;0;10;605,6977040816327;118716,75;7,698979591836735;29,540816326530614;196
2023;2;0;11;577,7166666666667;112654,75;7,4282051282051285;29,578205128205127;195
2023;2;0;12;598,3699494949495;118477,25;7,69949494949495;29,359848484848484;198
2023;2;0;13;628,0328282828283;124350,5;8,212542087542086;29,265151515151516;198
2023;2;0;14;745,8064102564102;145432,25;8,79102564102564;29,97820512820513;195
2023;2;0;15;759,2902010050251;151098,75;9,262562814070352;29,3856783919598;199
2023;2;0;16;674,8184210526316;128215,5;8,257894736842106;30,6;190
2023;2;0;17;701,85375;140370,75;9,5125;28,63125;200
2023;2;0;18;781,4133165829146;155501,25;10,226549413735343;28,46356783919598;199
2023;2;0;19;775,5037688442211;154325,25;10,447236180904522;28,467336683417084;199
2023;2;0;20;667,6313775510204;130855,75;7,650510204081633;29,730867346938776;196
2023;2;0;21;523,0760309278351;101476,75;5,86340206185567;30,612113402061855;194
2023;2;0;22;357,8845177664975;70503,25;4,377326565143824;29,893401015228427;197
2023;2;0;23;226,32837837837837;41870,75;2,6031531531531535;29,263513513513512;185
2023;2;1;0;144,72066326530611;28365,25;1,694017094017094;20,572704081632654;196
2023;2;1;1;71,48846153846154;13940,25;1,1286324786324786;15,026923076923078;195
2023;2;1;2;40,391959798994975;8038,0;1,1700167504187604;10,149497487437186;199
2023;2;1;3;34,27638190954774;6821,0;0,742003367003367;9,228643216080402;199
2023;2;1;4;38,58793969849246;7679,0;0,6343537414965986;10,045226130653266;199
2023;2;1;5;63,39698492462311;12616,0;0,9426298157453935;13,520100502512562;199
2023;2;1;6;195,99489795918367;38415,0;2,108119658119658;24,247448979591837;196
2023;2;1;7;564,0429292929293;111680,5;6,835437710437711;29,141414141414142;198
2023;2;1;8;832,5;164835,0;12,360690235690235;28,522727272727273;198
2023;2;1;9;758,8404522613065;151009,25;13,690536013400335;27,768844221105528;199
2023;2;1;10;645,2295918367347;126465,0;9,572278911564625;28,705357142857142;196
2023;2;1;11;595,5339195979899;118511,25;7,775125628140704;28,91331658291457;199
2023;2;1;12;611,1846733668342;121625,75;7,751256281407035;29,07537688442211;199
2023;2;1;13;651,304292929293;128958,25;8,176767676767676;29,430555555555557;198
2023;2;1;14;776,3103015075377;154485,75;9,902428810720268;29,282663316582916;199
2023;2;1;15;779,41625;155883,25;10,6275;28,5425;200
2023;2;1;16;711,79375;142358,75;9,44125;28,8225;200
2023;2;1;17;758,4391534391534;143345,0;10,478395061728396;29,752645502645503;189
2023;2;1;18;802,1168341708543;159621,25;11,683417085427136;28,344221105527637;199
2023;2;1;19;784,5125628140704;156118,0;11,566582914572864;27,860552763819097;199
2023;2;1;20;714,9836683417085;142281,75;9,173366834170855;28,865577889447238;199
2023;2;1;21;570,7236180904523;113574,0;7,193467336683417;29,484924623115578;199
2023;2;1;22;378,70328282828285;74983,25;4,836279461279461;29,279040404040405;198
2023;2;1;23;262,1641414141414;51908,5;3,492845117845118;28,00631313131313;198
2023;2;2;0;172,79020100502512;34385,25;2,2567001675041873;21,22613065326633;199
2023;2;2;1;87,7825;17556,5;1,495;15,645;200
2023;2;2;2;49,16875;9833,75;1,035;12,3025;200
2023;2;2;3;36,8725;7374,5;0,6920833333333333;10,17125;200
2023;2;2;4;37,062814070351756;7375,5;0,49238578680203043;9,879396984924623;199
2023;2;2;5;59,33625;11867,25;0,83625;13,01375;200
2023;2;2;6;190,585;38117,0;2,205;24,2975;200
2023;2;2;7;560,7025;112140,5;6,6725;28,8675;200
2023;2;2;8;815,12125;163024,25;12,465;28,14625;200
2023;2;2;9;773,54375;154708,75;12,33875;27,7925;200
2023;2;2;10;629,8429648241206;125338,75;8,352596314907872;28,712311557788944;199
2023;2;2;11;594,2625628140704;118258,25;7,68476430976431;28,85929648241206;199
2023;2;2;12;614,4698492462312;122279,5;7,783082077051926;28,902010050251256;199
2023;2;2;13;646,51875;129303,75;8,3075;28,9775;200
2023;2;2;14;761,07375;152214,75;10,0725;29,105;200
2023;2;2;15;783,0625;156612,5;10,4925;28,9725;200
2023;2;2;16;710,57875;142115,75;9,526666666666666;29,275;200
2023;2;2;17;752,045;150409,0;10,3875;28,77;200
2023;2;2;18;800,785;160157,0;11,2025;28,15625;200
2023;2;2;19;802,75125;160550,25;11,196666666666667;28,095;200
2023;2;2;20;719,33375;143866,75;9,0075;28,68625;200
2023;2;2;21;576,0475;115209,5;6,852083333333334;29,57875;200
2023;2;2;22;393,41;78682,0;4,46125;29,65375;200
2023;2;2;23;286,41625;57283,25;3,519166666666667;28,2325;200
2023;2;3;0;202,39375;40478,75;2,49625;24,07;200
2023;2;3;1;103,92625;20785,25;1,49375;18,02375;200
2023;2;3;2;63,23375;12646,75;1,2487373737373737;14,14;200
2023;2;3;3;47,97625;9595,25;1,0349326599326598;11,42625;200
2023;2;3;4;47,21105527638191;9395,0;0,752946127946128;11,28643216080402;199
2023;2;3;5;67,60375;13520,75;0,7981574539363484;14,23375;200
2023;2;3;6;193,93875;38787,75;2,375;23,375;200
2023;2;3;7;550,32375;110064,75;6,626666666666666;28,73625;200
2023;2;3;8;809,215;161843,0;11,3175;28,87125;200
2023;2;3;9;773,59375;154718,75;11,949166666666667;28,3975;200
2023;2;3;10;625,6231155778894;124499,0;8,421691792294808;28,82788944723618;199
2023;2;3;11;607,8781407035176;120967,75;7,9539363484087096;28,587939698492463;199
2023;2;3;12;618,2160804020101;123025,0;7,8706030150753765;28,967336683417084;199
2023;2;3;13;654,35125;130870,25;8,415;28,98375;200
2023;2;3;14;784,6293969849246;156141,25;9,958542713567839;29,228643216080403;199
2023;2;3;15;798,1130653266332;158824,5;9,693467336683417;29,262562814070353;199
2023;2;3;16;720,9949748743719;143478,0;9,43718592964824;29,170854271356784;199
2023;2;3;17;766,1017587939698;152454,25;10,992462311557789;28,64824120603015;199
2023;2;3;18;808,05875;161611,75;11,63875;28,01125;200
2023;2;3;19;797,8975;159579,5;11,951666666666668;27,5125;200
2023;2;3;20;741,98125;148396,25;9,7275;28,2675;200
2023;2;3;21;601,87875;120375,75;7,130833333333333;29,36625;200
2023;2;3;22;412,09625;82419,25;5,13875;29,64125;200
2023;2;3;23;310,24;62048,0;4,12125;28,6;200
2023;2;4;0;240,62;48124,0;2,964166666666667;24,58625;200
2023;2;4;1;138,05375;27610,75;1,7726130653266332;19,81875;200
2023;2;4;2;84,9375;16987,5;1,4204545454545454;16,08625;200
2023;2;4;3;63,47875;12695,75;1,2074915824915824;13,35625;200
2023;2;4;4;60,725;12145,0;1,0744949494949494;13,7925;200
2023;2;4;5;81,32125;16264,25;1,0871212121212122;16,65625;200
2023;2;4;6;198,8475;39769,5;2,2683333333333335;24,765;200
2023;2;4;7;501,63;100326,0;5,777083333333334;28,74125;200
2023;2;4;8;730,495;146099,0;9,35;29,12875;200
2023;2;4;9;698,89125;139778,25;9,6325;29,05125;200
2023;2;4;10;610,50625;122101,25;7,756666666666666;29,02;200
2023;2;4;11;601,66375;120332,75;7,6225;28,725;200
2023;2;4;12;636,4937185929648;126662,25;8,246231155778894;28,90452261306533;199
2023;2;4;13;702,3675;140473,5;9,262083333333333;28,86;200
2023;2;4;14;844,43;168886,0;12,10375;28,53625;200
2023;2;4;15;851,77125;170354,25;12,65875;27,45375;200
2023;2;4;16;750,78375;150156,75;10,52125;28,05875;200
2023;2;4;17;757,09125;151418,25;10,0075;28,59375;200
2023;2;4;18;749,39375;149878,75;10,10375;27,97375;200
2023;2;4;19;715,845;143169,0;9,808333333333334;28,32875;200
2023;2;4;20;704,4375;140887,5;9,75125;27,77;200
2023;2;4;21;631,60875;126321,75;7,97;28,685;200
2023;2;4;22;469,1;93820,0;5,6554166666666665;29,1575;200
2023;2;4;23;351,615;70323,0;4,45375;28,5525;200
2023;2;5;0;315,875;63175,0;3,739583333333333;28,31625;200
2023;2;5;1;254,265;50853,0;3,2375;27,38625;200
2023;2;5;2;175,16331658291458;34857,5;2,254187604690117;25,116834170854272;199
2023;2;5;3;127,99246231155779;25470,5;1,8147208121827412;21,72613065326633;199
2023;2;5;4;113,5625;22712,5;1,6524288107202678;20,51;200
2023;2;5;5;107,3825;21476,5;1,6220238095238095;20,975;200
2023;2;5;6;151,225;30245,0;2,0063451776649748;24,97625;200
2023;2;5;7;186,4810606060606;36923,25;2,1102693602693603;27,2260101010101;198
2023;2;5;8;223,856783919598;44547,5;2,319095477386935;27,623115577889447;199
2023;2;5;9;340,23115577889445;67706,0;3,7018425460636513;28,474874371859297;199
2023;2;5;10;460,0603015075377;91552,0;4,940536013400335;29,084170854271356;199
2023;2;5;11;540,8618090452261;107631,5;6,11390284757119;28,891959798994975;199
2023;2;5;12;616,7975;123359,5;7,49125;28,5625;200
2023;2;5;13;676,7375;135347,5;8,754166666666666;28,51;200
2023;2;5;14;713,14;142628,0;8,83625;28,48125;200
2023;2;5;15;542,94375;108588,75;6,3220833333333335;29,41875;200
2023;2;5;16;424,7525;84950,5;4,935416666666667;29,3075;200
2023;2;5;17;505,50875;101101,75;5,913333333333334;29,07125;200
2023;2;5;18;577,63125;115526,25;7,234166666666666;28,88625;200
2023;2;5;19;606,55125;121310,25;7,645;28,48875;200
2023;2;5;20;584,23875;116847,75;7,292083333333334;28,5;200
2023;2;5;21;555,0175;111003,5;7,29;28,59375;200
2023;2;5;22;452,135;90427,0;5,671666666666666;28,98625;200
2023;2;5;23;357,53875;71507,75;4,602916666666667;28,6675;200
2023;2;6;0;343,15125;68630,25;4,220833333333333;28,465;200
2023;2;6;1;281,20125;56240,25;3,6375;27,6875;200
2023;2;6;2;205,49125;41098,25;2,9466666666666668;26,145;200
2023;2;6;3;153,07;30614,0;2,39321608040201;23,52625;200
2023;2;6;4;123,1075;24621,5;1,9094754653130288;22,29125;200
2023;2;6;5;110,6175;22123,5;1,8265993265993268;21,3225;200
2023;2;6;6;140,71984924623115;28003,25;1,8178391959798994;23,67462311557789;199
2023;2;6;7;166,41454081632654;32617,25;1,808673469387755;26,276785714285715;196
2023;2;6;8;160,19849246231155;31879,5;1,7264309764309764;25,801507537688444;199
2023;2;6;9;222,2462311557789;44227,0;2,557788944723618;26,89070351758794;199
2023;2;6;10;337,2751256281407;67117,75;3,3838383838383836;28,243718592964825;199
2023;2;6;11;463,7072864321608;92277,75;5,211055276381909;28,031407035175878;199
2023;2;6;12;548,7275;109745,5;6,68;27,4775;200
2023;2;6;13;613,80875;122761,75;7,15375;28,25125;200
2023;2;6;14;654,18125;130836,25;7,970416666666666;28,48;200
2023;2;6;15;495,25375;99050,75;5,722916666666666;29,20625;200
2023;2;6;16;423,88875;84777,75;4,969166666666667;28,93;200
2023;2;6;17;520,83875;104167,75;6,155;28,7875;200
2023;2;6;18;580,5375;116107,5;7,051666666666666;28,6875;200
2023;2;6;19;594,62625;118925,25;7,26;28,53125;200
2023;2;6;20;568,62125;113724,25;6,957083333333333;28,725;200
2023;2;6;21;487,23;97446,0;5,6345833333333335;29,39625;200
2023;2;6;22;366,6925;73338,5;4,077916666666667;29,07125;200
2023;2;6;23;251,27875;50255,75;3,03125;28,04625;200
2023;3;0;0;196,3125;38477,25;2,4794871794871796;24,654336734693878;196
2023;3;0;1;121,39086294416244;23914,0;1,8728741496598638;20,15482233502538;197
2023;3;0;2;88,91370558375634;17516,0;1,3995726495726497;17,774111675126903;197
2023;3;0;3;75,78807106598985;14930,25;1,2320512820512821;15,203045685279188;197
2023;3;0;4;74,13010204081633;14529,5;1,0768566493955094;15,377551020408163;196
2023;3;0;5;94,3502538071066;18587,0;1,3551282051282052;18,222081218274113;197
2023;3;0;6;201,01649746192894;39600,25;2,3833333333333333;25,645939086294415;197
2023;3;0;7;475,3223350253807;93638,5;6,197435897435898;28,737309644670052;197
2023;3;0;8;667,010152284264;131401,0;9,92984693877551;28,124365482233504;197
2023;3;0;9;639,2779187817259;125937,75;9,542091836734693;28,08502538071066;197
2023;3;0;10;531,3573232323232;105208,75;7,397631133671743;28,505050505050505;198
2023;3;0;11;498,73333333333335;74810,0;6,441275167785235;28,588333333333335;150
2023;3;0;12;507,3;76095,0;6,52013422818792;28,365;150
2023;3;0;13;561,6022099447514;101650,0;6,8865740740740735;31,435082872928177;181
2023;3;0;14;645,584595959596;127825,75;8,379441624365482;29,05429292929293;198
2023;3;0;15;650,8573232323232;128869,75;7,918781725888325;28,877525252525253;198
2023;3;0;16;600,760101010101;118950,5;7,780456852791878;28,525252525252526;198
2023;3;0;17;624,1237373737374;123576,5;8,766497461928934;28,508838383838384;198
2023;3;0;18;677,1212121212121;134070,0;9,493654822335026;28,353535353535353;198
2023;3;0;19;662,3560606060606;131146,5;8,978426395939087;28,208333333333332;198
2023;3;0;20;600,3908629441624;118277,0;7,454081632653061;28,90989847715736;197
2023;3;0;21;491,1687817258883;96760,25;5,67219387755102;29,253807106598984;197
2023;3;0;22;354,93367346938777;69567,0;4,176068376068376;29,551020408163264;196
2023;3;0;23;241,75892857142858;47384,75;2,797863247863248;28,131377551020407;196
2023;3;1;0;166,87564102564102;32540,75;2,129965457685665;22,125641025641027;195
2023;3;1;1;102,91494845360825;19965,5;1,2279792746113989;17,551546391752577;194
2023;3;1;2;75,5979381443299;14666,0;0,9882198952879581;14,925257731958762;194
2023;3;1;3;67,8389175257732;13160,75;0,7892918825561314;13,975515463917526;194
2023;3;1;4;70,02168367346938;13724,25;1,0256410256410255;13,533163265306122;196
2023;3;1;5;91,6027918781726;18045,75;1,0491452991452992;16,304568527918782;197
2023;3;1;6;209,0964467005076;41192,0;2,639030612244898;24,82994923857868;197
2023;3;1;7;523,0469543147208;103040,25;6,822704081632653;28,39467005076142;197
2023;3;1;8;746,5583756345178;147072,0;11,778486394557824;27,868020304568528;197
2023;3;1;9;697,6827411167512;137443,5;11,908163265306122;28,1497461928934;197
2023;3;1;10;575,2614795918367;112751,25;8,443589743589744;28,193877551020407;196
2023;3;1;11;551,3762755102041;108069,75;7,042307692307692;28,917091836734695;196
2023;3;1;12;563,7766497461929;111064,0;7,168367346938775;28,774111675126903;197
2023;3;1;13;595,255076142132;117265,25;7,428571428571429;28,753807106598984;197
2023;3;1;14;700,9280303030303;138783,75;8,908629441624365;28,90530303030303;198
2023;3;1;15;693,7133838383838;137355,25;9,196700507614214;28,60479797979798;198
2023;3;1;16;640,8434343434343;126887,0;8,405245346869712;28,685606060606062;198
2023;3;1;17;685,7537878787879;135779,25;9,93062605752961;28,387626262626263;198
2023;3;1;18;727,4924242424242;144043,5;10,993654822335026;28,03030303030303;198
2023;3;1;19;754,236040609137;148584,5;10,722081218274111;28,368020304568528;197
2023;3;1;20;730,751269035533;143958,0;9,340561224489797;29,138324873096447;197
2023;3;1;21;605,6192893401015;119307,0;7,366496598639455;29,519035532994923;197
2023;3;1;22;441,8282051282051;86156,5;5,455756013745705;30,157692307692308;195
2023;3;1;23;340,67692307692306;66432,0;4,391323024054983;28,692307692307693;195
2023;3;2;0;254,9887295081967;62217,25;3,5833333333333335;24,214139344262296;244
2023;3;2;1;174,84733606557376;42662,75;2,7973251028806585;19,079918032786885;244
2023;3;2;2;142,33877551020407;34873,0;2,458333333333333;15,76734693877551;245
2023;3;2;3;131,63877551020408;32251,5;2,316256830601093;14,462244897959184;245
2023;3;2;4;131,65918367346939;32256,5;2,044398907103825;13,83061224489796;245
2023;3;2;5;153,5752032520325;37779,5;2,1629098360655736;17,097560975609756;246
2023;3;2;6;273,97857142857146;67124,75;3,518861454046639;25,70204081632653;245
2023;3;2;7;591,4275510204081;144899,75;7,856652949245542;29,053061224489795;245
2023;3;2;8;813,4512195121952;200109,0;12,56530612244898;28,072154471544714;246
2023;3;2;9;792,1585365853658;194871,0;13,681972789115648;27,365853658536587;246
2023;3;2;10;661,2540650406504;162668,5;9,614965986394557;28,590447154471544;246
2023;3;2;11;624,6697154471544;153668,75;8,185714285714285;29,116869918699187;246
2023;3;2;12;653,5132113821138;160764,25;8,520408163265307;28,95630081300813;246
2023;3;2;13;679,5232793522267;167842,25;8,966463414634147;29,029352226720647;247
2023;3;2;14;769,398185483871;190810,75;10,643049932523617;28,809475806451612;248
2023;3;2;15;761,1653225806451;188769,0;10,44838056680162;28,84576612903226;248
2023;3;2;16;709,3633603238867;175212,75;9,83130081300813;29,086032388663966;247
2023;3;2;17;733,580971659919;181194,5;11,5630081300813;28,65688259109312;247
2023;3;2;18;763,3734817813765;188553,25;11,56910569105691;28,265182186234817;247
2023;3;2;19;760,9319105691056;187189,25;11,320408163265306;28,04979674796748;246
2023;3;2;20;715,7662601626016;176078,5;9,458163265306123;29,01829268292683;246
2023;3;2;21;604,4126016260162;148685,5;7,535374149659864;29,24390243902439;246
2023;3;2;22;462,73053278688525;112906,25;5,877572016460905;29,494877049180328;244
2023;3;2;23;384,63786008230454;93467,0;5,065426997245178;29,061728395061728;243
2023;3;3;0;324,0;78732,0;4,262741046831955;26,53395061728395;243
2023;3;3;1;242,02857142857144;59297,0;3,3412208504801097;23,266326530612243;245
2023;3;3;2;202,6808943089431;49859,5;2,8233471074380163;20,1869918699187;246
2023;3;3;3;191,10467479674796;47011,75;2,7971311475409837;18,76321138211382;246
2023;3;3;4;191,46951219512195;47101,5;2,5727891156462586;18,538617886178862;246
2023;3;3;5;211,0609756097561;51921,0;2,6989795918367347;20,86890243902439;246
2023;3;3;6;310,219512195122;76314,0;3,741120218579235;25,616869918699187;246
2023;3;3;7;578,1178861788618;142217,0;7,273129251700681;28,973577235772357;246
2023;3;3;8;774,6524390243902;190564,5;12,19251700680272;28,427845528455286;246
2023;3;3;9;764,6422764227642;188102,0;12,869727891156463;28,150406504065042;246
2023;3;3;10;651,3038617886178;160220,75;9,152040816326531;28,723577235772357;246
2023;3;3;11;629,864837398374;154946,75;8,194897959183674;28,992886178861788;246
2023;3;3;12;643,8770325203252;158393,75;8,433673469387756;29,022357723577237;246
2023;3;3;13;665,3541666666666;159685,0;8,667364016736402;29,927083333333332;240
2023;3;3;14;789,1219262295082;192545,75;10,036008230452675;29,53073770491803;244
2023;3;3;15;790,6526639344262;192919,25;10,607681755829903;29,335040983606557;244
2023;3;3;16;734,8821721311475;179311,25;9,955761316872428;29,315573770491802;244
2023;3;3;17;778,0102459016393;189834,5;11,436213991769547;29,158811475409838;244
2023;3;3;18;795,3102040816326;194851,0;13,055327868852459;28,36122448979592;245
2023;3;3;19;808,5286885245902;197281,0;12,131687242798353;28,138319672131146;244
2023;3;3;20;759,3099593495934;186790,25;10,218367346938775;28,79369918699187;246
2023;3;3;21;646,489837398374;159036,5;7,970408163265306;29,33130081300813;246
2023;3;3;22;457,27868852459017;111576,0;5,650891632373114;29,543032786885245;244
2023;3;3;23;378,97233606557376;92469,25;4,915637860082304;28,56967213114754;244
2023;3;4;0;311,67755102040815;76361,0;4,33025956284153;23,75;245
2023;3;4;1;223,05408163265307;54648,25;3,116120218579235;20,168367346938776;245
2023;3;4;2;171,52959183673468;42024,75;2,6309027777777776;17,998979591836736;245
2023;3;4;3;150,90243902439025;37122,0;2,492827868852459;16,527439024390244;246
2023;3;4;4;148,4908536585366;36528,75;2,250340136054422;16,160569105691057;246
2023;3;4;5;170,08638211382114;41841,25;2,32172131147541;18,149390243902438;246
2023;3;4;6;277,9369918699187;68372,5;3,5161179698216736;25,88821138211382;246
2023;3;4;7;551,104674796748;135571,75;6,899319727891156;29,601626016260163;246
2023;3;4;8;752,4634146341464;185106,0;10,417006802721088;29,614837398373982;246
2023;3;4;9;705,3180894308944;173508,25;10,631632653061224;29,24390243902439;246
2023;3;4;10;631,5589430894308;155363,5;8,762244897959183;29,139227642276424;246
2023;3;4;11;639,025406504065;157200,25;8,572789115646259;28,978658536585368;246
2023;3;4;12;663,0650406504066;163114,0;8,956122448979592;29,232723577235774;246
2023;3;4;13;714,4817073170732;175762,5;9,561224489795919;29,08231707317073;246
2023;3;4;14;821,0548780487804;201979,5;12,33061224489796;28,723577235772357;246
2023;3;4;15;840,0863821138212;206661,25;12,866326530612245;28,30081300813008;246
2023;3;4;16;744,5579268292682;183161,25;10,740853658536585;28,288617886178862;246
2023;3;4;17;768,0396341463414;188937,75;10,690040650406504;28,851626016260163;246
2023;3;4;18;752,9522357723578;185226,25;10,602981029810298;28,745934959349594;246
2023;3;4;19;723,9684959349594;178096,25;9,97459349593496;28,95731707317073;246
2023;3;4;20;699,0873983739838;171975,5;9,809959349593496;28,576219512195124;246
2023;3;4;21;635,9227642276422;156437,0;8,029471544715447;29,4359756097561;246
2023;3;4;22;469,1493902439024;115410,75;6,0257452574525745;29,73170731707317;246
2023;3;4;23;342,0162601626016;84136,0;4,255758807588077;29,23678861788618;246
2023;3;5;0;305,8686224489796;59950,25;3,581207482993197;28,432397959183675;196
2023;3;5;1;251,87117346938774;49366,75;3,2181122448979593;27,100765306122447;196
2023;3;5;2;176,08673469387756;34513,0;2,42687074829932;25,18877551020408;196
2023;3;5;3;133,56887755102042;26179,5;1,9467353951890036;23,414540816326532;196
2023;3;5;4;111,02678571428571;21761,25;1,684278350515464;20,790816326530614;196
2023;3;5;5;110,64413265306122;21686,25;1,582482993197279;20,955357142857142;196
2023;3;5;6;153,39795918367346;30066,0;1,9443027210884354;25,465561224489797;196
2023;3;5;7;195,7908163265306;38375,0;2,384188034188034;26,98469387755102;196
2023;3;5;8;249,59311224489795;48920,25;2,677295918367347;27,913265306122447;196
2023;3;5;9;370,5701530612245;72631,75;4,093112244897959;29,306122448979593;196
2023;3;5;10;484,31632653061223;94926,0;5,4392006802721085;29,65561224489796;196
2023;3;5;11;563,4821428571429;110442,5;6,32482993197279;29,375;196
2023;3;5;12;633,4298469387755;124152,25;7,737244897959184;28,95280612244898;196
2023;3;5;13;695,656887755102;136348,75;8,900510204081632;28,956632653061224;196
2023;3;5;14;710,577806122449;139273,25;9,058673469387756;28,993622448979593;196
2023;3;5;15;532,2117346938776;104313,5;6,136479591836735;29,56377551020408;196
2023;3;5;16;434,0612244897959;85076,0;4,990646258503401;29,690051020408163;196
2023;3;5;17;504,9017857142857;98960,75;5,887755102040816;29,362244897959183;196
2023;3;5;18;577,375;113165,5;7,180697278911565;29,211734693877553;196
2023;3;5;19;615,4183673469388;120622,0;8,103316326530612;28,783163265306122;196
2023;3;5;20;632,8341836734694;124035,5;8,63265306122449;28,26530612244898;196
2023;3;5;21;568,1147959183673;111350,5;6,963010204081633;28,854591836734695;196
2023;3;5;22;453,66964285714283;88919,25;5,375;29,2015306122449;196
2023;3;5;23;358,0459183673469;70177,0;4,447278911564625;28,721938775510203;196
2023;3;6;0;347,9145408163265;68191,25;4,087585034013605;29,033163265306122;196
2023;3;6;1;279,3966836734694;54761,75;3,6526360544217686;28,118622448979593;196
2023;3;6;2;208,7891156462585;30692,0;2,841324200913242;26,287414965986393;147
2023;3;6;3;179,43562874251498;29965,75;2,696969696969697;21,808383233532933;167
2023;3;6;4;159,4579081632653;31253,75;2,359536082474227;24,338010204081634;196
2023;3;6;5;140,95408163265307;27627,0;1,8281786941580758;24,025510204081634;196
2023;3;6;6;160,30867346938774;31420,5;2,02720207253886;25,586734693877553;196
2023;3;6;7;182,61855670103094;35428,0;2,2890625;27,052835051546392;194
2023;3;6;8;188,7;36796,5;2,228411053540587;26,66794871794872;195
2023;3;6;9;232,6530612244898;45600,0;2,8042735042735045;27,539540816326532;196
2023;3;6;10;325,6807692307692;63507,75;3,7439862542955327;27,99871794871795;195
2023;3;6;11;440,93367346938777;86423,0;5,158974358974359;28,302295918367346;196
2023;3;6;12;517,9094387755102;101510,25;5,928632478632478;28,7359693877551;196
2023;3;6;13;577,2015306122449;113131,5;6,75;28,654336734693878;196
2023;3;6;14;593,9604591836735;116416,25;7,20042735042735;28,815051020408163;196
2023;3;6;15;460,10714285714283;90181,0;5,38931623931624;29,242346938775512;196
2023;3;6;16;390,27435897435896;76103,5;4,632302405498281;28,975641025641025;195
2023;3;6;17;481,95384615384614;93981,0;5,688144329896907;28,98846153846154;195
2023;3;6;18;517,1053299492386;101869,75;6,283163265306122;28,40482233502538;197
2023;3;6;19;522,8769035532995;103006,75;6,1313775510204085;28,656091370558375;197
2023;3;6;20;533,2576142131979;105051,75;6,683673469387755;28,236040609137056;197
2023;3;6;21;466,93147208121826;91985,5;5,761479591836735;28,34771573604061;197
2023;3;6;22;345,6262755102041;67742,75;3,961111111111111;29,267857142857142;196
2023;3;6;23;259,3737244897959;50837,25;3,0358974358974358;27,950255102040817;196
2023;4;0;0;245,81887755102042;48180,5;3,2076788830715532;26,052295918367346;196
2023;4;0;1;180,90688775510205;35457,75;2,36140350877193;23,512755102040817;196
2023;4;0;2;146,01142131979697;28764,25;2,088132635253054;21,20939086294416;197
2023;4;0;3;132,37055837563452;26077,0;1,7146596858638743;20,663705583756347;197
2023;4;0;4;129,22613065326632;25716,0;1,5755613126079446;19,954773869346734;199
2023;4;0;5;148,1375;29627,5;1,626068376068376;21,09875;200
2023;4;0;6;236,5525;47310,5;2,646804835924007;26,05125;200
2023;4;0;7;418,725;83745,0;5,628947368421053;27,38875;200
2023;4;0;8;541,2125;108242,5;8,077631578947368;27,23375;200
2023;4;0;9;529,3425;105868,5;8,385526315789473;26,825;200
2023;4;0;10;462,07;92414,0;6,5;27,2425;200
2023;4;0;11;493,54875;98709,75;6,717184801381693;27,5925;200
2023;4;0;12;506,26884422110555;100747,5;6,952256944444444;27,684673366834172;199
2023;4;0;13;528,0967336683417;105091,25;7,327690972222222;27,787688442211056;199
2023;4;0;14;602,775;120555,0;7,98488773747841;27,6625;200
2023;4;0;15;594,31;118862,0;7,629533678756476;27,6925;200
2023;4;0;16;531,9675;106393,5;7,099309153713299;27,76625;200
2023;4;0;17;573,66125;114732,25;7,8782383419689115;27,6525;200
2023;4;0;18;615,48875;123097,75;8,44559585492228;27,57625;200
2023;4;0;19;598,475;119695,0;8,295336787564766;27,4375;200
2023;4;0;20;543,7125;108742,5;7,0142487046632125;27,70375;200
2023;4;0;21;455,86375;91172,75;5,5142487046632125;27,8975;200
2023;4;0;22;344,89285714285717;67599,0;4,277777777777778;28,519132653061224;196
2023;4;0;23;245,2920918367347;48077,25;3,1846491228070177;27,607142857142858;196
2023;4;1;0;166,49744897959184;32633,5;2,2395287958115184;23,127551020408163;196
2023;4;1;1;104,69570707070707;20729,75;1,5972222222222223;18,36489898989899;198
2023;4;1;2;74,16414141414141;14684,5;1,4284467713787083;15,46338383838384;198
2023;4;1;3;62,50753768844221;12439,0;1,1145833333333333;13,653266331658292;199
2023;4;1;4;64,29396984924622;12794,5;0,7855902777777778;13,579145728643216;199
2023;4;1;5;81,8525;16370,5;1,0531088082901554;16,18875;200
2023;4;1;6;193,52625;38705,25;2,3603951890034365;24,15125;200
2023;4;1;7;475,48115577889445;94620,75;6,330756013745705;28,170854271356784;199
2023;4;1;8;661,21;132242,0;10,325641025641026;27,1225;200
2023;4;1;9;641,28;128256,0;11,04957264957265;26,74375;200
2023;4;1;10;535,964824120603;106657,0;8,289089347079038;27,003768844221106;199
2023;4;1;11;532,21;106442,0;7,202991452991452;27,70625;200
2023;4;1;12;549,27125;109854,25;7,4974358974358974;27,4475;200
2023;4;1;13;576,18375;115236,75;7,817094017094017;27,9;200
2023;4;1;14;655,99875;131199,75;8,797435897435898;27,95125;200
2023;4;1;15;644,03;128806,0;9,087179487179487;27,71375;200
2023;4;1;16;588,0275;117605,5;8,024786324786325;27,93125;200
2023;4;1;17;627,43125;125486,25;8,991880341880343;27,99875;200
2023;4;1;18;682,49375;136498,75;10,007692307692308;27,29375;200
2023;4;1;19;672,81375;134562,75;10,319230769230769;26,9325;200
2023;4;1;20;617,10125;123420,25;7,944017094017093;27,755;200
2023;4;1;21;498,45375;99690,75;6,11068376068376;28,11625;200
2023;4;1;22;353,47576530612247;69281,25;4,480366492146596;28,818877551020407;196
2023;4;1;23;261,71938775510205;51297,0;3,2792321116928447;28,1109693877551;196
2023;4;2;0;196,27678571428572;38470,25;2,608638743455497;23,98469387755102;196
2023;4;2;1;110,67211055276383;22023,75;1,8250868055555556;18,535175879396984;199
2023;4;2;2;76,93375;15386,75;1,4817708333333333;15,8375;200
2023;4;2;3;64,6425;12928,5;1,1157167530224523;14,78625;200
2023;4;2;4;62,91;12582,0;0,9982817869415808;13,30625;200
2023;4;2;5;83,64125;16728,25;1,0636752136752137;16,85625;200
2023;4;2;6;186,67875;37335,75;2,1205128205128205;23,99625;200
2023;4;2;7;460,435;92087,0;5,723076923076923;27,80125;200
2023;4;2;8;639,2779187817259;125937,75;10,30642361111111;27,779187817258883;197
2023;4;2;9;608,4229797979798;120467,75;10,75993091537133;26,80176767676768;198
2023;4;2;10;534,8525;106970,5;7,587179487179487;27,13125;200
2023;4;2;11;526,26875;105253,75;7,2555555555555555;27,68;200
2023;4;2;12;600,84375;120168,75;7,94625;28,2375;200
2023;4;2;13;651,76875;130353,75;8,3675;28,775;200
2023;4;2;14;737,655;147531,0;9,50375;29,0525;200
2023;4;2;15;726,78625;145357,25;9,16125;28,77375;200
2023;4;2;16;656,71125;131342,25;8,79;29,0075;200
2023;4;2;17;702,93;140586,0;10,03625;28,6825;200
2023;4;2;18;737,72625;147545,25;11,66375;28,01375;200
2023;4;2;19;720,08875;144017,75;11,72375;27,59;200
2023;4;2;20;683,33875;136667,75;8,6075;28,8825;200
2023;4;2;21;548,87;109774,0;6,5525;29,335;200
2023;4;2;22;385,90736040609136;76023,75;4,66243654822335;29,776649746192895;197
2023;4;2;23;294,6992385786802;58055,75;3,6823181049069373;28,722081218274113;197
2023;4;3;0;210,7576530612245;41308,5;2,774234693877551;23,831632653061224;196
2023;4;3;1;117,8989898989899;23344,0;1,8811336717428087;18,984848484848484;198
2023;4;3;2;69,67676767676768;13796,0;1,3585858585858586;15,1010101010101;198
2023;4;3;3;49,96212121212121;9892,5;1,0173434856175974;12,738636363636363;198
2023;4;3;4;46,04145728643216;9162,25;0,9463986599664991;12,0;199
2023;4;3;5;67,06125;13412,25;1,05;14,42875;200
2023;4;3;6;179,88316582914572;35796,75;2,307529610829103;23,4535175879397;199
2023;4;3;7;462,1675;92433,5;5,683333333333334;27,84;200
2023;4;3;8;646,0753768844221;128569,0;9,774706867671693;26,964824120603016;199
2023;4;3;9;616,26875;123253,75;10,974583333333333;26,76;200
2023;4;3;10;552,00125;110400,25;7,536666666666666;27,635;200
2023;4;3;11;544,8118686868687;107872,75;6,8872053872053876;28,257575757575758;198
2023;4;3;12;569,5748730964467;112206,25;7,535532994923858;28,865482233502537;197
2023;4;3;13;604,1035353535353;119612,5;7,662878787878788;28,647727272727273;198
2023;4;3;14;682,5175;136503,5;8,669166666666666;28,41375;200
2023;4;3;15;668,62;133724,0;8,573333333333334;28,43;200
2023;4;3;16;616,15625;123231,25;8,062916666666666;27,9475;200
2023;4;3;17;642,05625;128411,25;9,119166666666667;27,29875;200
2023;4;3;18;694,64125;138928,25;10,344583333333333;27,24875;200
2023;4;3;19;696,09375;139218,75;11,015416666666667;26,8675;200
2023;4;3;20;658,8025;131760,5;9,204166666666666;27,65875;200
2023;4;3;21;573,50875;114701,75;6,626666666666666;28,86;200
2023;4;3;22;416,9517766497462;82139,5;4,937394247038917;29,359137055837564;197
2023;4;3;23;303,3870558375635;59767,25;3,797377326565144;28,460659898477157;197
2023;4;4;0;236,5456852791878;46599,5;3,04653130287648;25,42258883248731;197
2023;4;4;1;149,66582914572865;29783,5;2,1804857621440537;21,474874371859297;199
2023;4;4;2;90,0475;18009,5;1,6302345058626466;17,93125;200
2023;4;4;3;68,15625;13631,25;1,2969011725293131;15,27625;200
2023;4;4;4;57,767587939698494;11495,75;1,1587102177554438;14,541457286432161;199
2023;4;4;5;72,90577889447236;14508,25;1,1907783417935702;15,85678391959799;199
2023;4;4;6;174,73618090452263;34772,5;2,1611952861952863;24,222361809045225;199
2023;4;4;7;433,25126262626264;85783,75;5,39520202020202;27,641414141414142;198
2023;4;4;8;614,7323232323232;121717,0;8,512393162393163;27,752525252525253;198
2023;4;4;9;588,6030150753769;117132,0;8,015912897822446;28,276381909547737;199
2023;4;4;10;525,9015151515151;104128,5;7,038299663299663;28,54040404040404;198
2023;4;4;11;543,3354271356784;108123,75;6,871859296482412;28,472361809045225;199
2023;4;4;12;593,7902010050251;118164,25;7,557788944723618;28,438442211055275;199
2023;4;4;13;639,3623737373738;126593,75;8,329081632653061;28,40277777777778;198
2023;4;4;14;734,3266331658291;146131,0;10,802030456852792;27,83542713567839;199
2023;4;4;15;739,7173366834171;147203,75;11,175972927241961;26,772613065326635;199
2023;4;4;16;660,072864321608;131354,5;10,453045685279188;26,734924623115578;199
2023;4;4;17;669,8429648241206;133298,75;10,019035532994923;27,40954773869347;199
2023;4;4;18;654,4912060301508;130243,75;9,057106598984772;27,831658291457288;199
2023;4;4;19;633,4773869346734;126062,0;8,697969543147208;27,81281407035176;199
2023;4;4;20;626,7236180904523;124718,0;8,149746192893401;28,188442211055275;199
2023;4;4;21;569,0565326633166;113242,25;6,942893401015229;28,449748743718594;199
2023;4;4;22;457,61875;91523,75;5,543771043771044;28,555;200
2023;4;4;23;355,935;71187,0;4,444444444444445;28,34125;200
2023;4;5;0;323,887;80971,75;3,8051075268817205;27,97;250
2023;4;5;1;276,937;69234,25;3,406802721088435;27,435;250
2023;4;5;2;215,017;53754,25;2,8514344262295084;26,284;250
2023;4;5;3;177,322;44330,5;2,395747599451303;24,507;250
2023;4;5;4;163,829;40957,25;2,182035519125683;23,449;250
2023;4;5;5;161,7923387096774;40124,5;2,084366391184573;24,09576612903226;248
2023;4;5;6;193,98790322580646;48109,0;2,491391184573003;25,6875;248
2023;4;5;7;227,41633064516128;56399,25;2,62603305785124;27,65423387096774;248
2023;4;5;8;268,9787449392713;66437,75;3,0447658402203857;27,903846153846153;247
2023;4;5;9;340,322;85080,5;3,887074829931973;28,289;250
2023;4;5;10;426,503;106625,75;4,99421768707483;28,462;250
2023;4;5;11;480,196;120049,0;5,720748299319728;28,345;250
2023;4;5;12;527,462;131865,5;6,353061224489796;28,232;250
2023;4;5;13;561,923;140480,75;7,110204081632653;28,043;250
2023;4;5;14;563,465;140866,25;7,081632653061225;28,144;250
2023;4;5;15;453,204;113301,0;5,273469387755102;28,474;250
2023;4;5;16;380,707;95176,75;4,494897959183674;28,434;250
2023;4;5;17;438,323;109580,75;5,2693877551020405;28,372;250
2023;4;5;18;482,48;120620,0;6,054421768707483;27,881;250
2023;4;5;19;497,96;124490,0;6,2870748299319725;27,904;250
2023;4;5;20;501,197;125299,25;6,461224489795918;27,825;250
2023;4;5;21;495,392;123848,0;6,5;27,875;250
2023;4;5;22;442,395;110598,75;5,571768707482993;28,256;250
2023;4;5;23;391,108;97777,0;4,884693877551021;28,18;250
2023;4;6;0;350,022;87505,5;4,306462585034013;27,813;250
2023;4;6;1;287,729;71932,25;3,7153061224489794;27,523;250
2023;4;6;2;231,048;57762,0;3,2112244897959186;26,966;250
2023;4;6;3;191,988;47997,0;2,7091836734693877;25,295;250
2023;4;6;4;171,237;42809,25;2,326844262295082;24,47;250
2023;4;6;5;161,685;40421,25;2,205601092896175;23,677;250
2023;4;6;6;186,788;46697,0;2,2272108843537413;25,943;250
2023;4;6;7;210,09615384615384;51893,75;2,5977961432506884;27,15080971659919;247
2023;4;6;8;216,9795918367347;53160,0;2,6063458856345885;27,273469387755103;245
2023;4;6;9;248,49595141700405;61378,5;2,9813278008298756;26,767206477732792;247
2023;4;6;10;324,489837398374;79824,5;3,719917012448133;26,797764227642276;246
2023;4;6;11;411,2002032520325;101155,25;4,874135546334717;26,73170731707317;246
2023;4;6;12;460,57862903225805;114223,5;5,905692729766804;26,450604838709676;248
2023;4;6;13;497,79417670682733;123950,75;6,408469945355192;26,56425702811245;249
2023;4;6;14;511,0712851405622;127256,75;6,413251366120218;26,948795180722893;249
2023;4;6;15;424,118;106029,5;5,049319727891156;27,519;250
2023;4;6;16;383,675;95918,75;4,44421768707483;28,104;250
2023;4;6;17;434,529;108632,25;5,18639455782313;28,135;250
2023;4;6;18;472,863;118215,75;5,575510204081633;28,266;250
2023;4;6;19;488,812;122203,0;6,170408163265306;28,417;250
2023;4;6;20;489,193;122298,25;6,239455782312925;28,37;250
2023;4;6;21;466,251;116562,75;5,73469387755102;28,3;250
2023;4;6;22;382,7926829268293;94167,0;4,653526970954357;28,829268292682926;246
2023;4;6;23;298,4298780487805;73413,75;3,551175656984786;28,702235772357724;246
2023;5;0;0;255,29032258064515;63312,0;2,966733870967742;26,057459677419356;248
2023;5;0;1;185,70060483870967;46053,75;2,3901209677419355;24,293346774193548;248
2023;5;0;2;144,7309236947791;36038,0;2,0006720430107525;22,47590361445783;249
2023;5;0;3;115,18875502008032;28682,0;1,7268145161290323;19,747991967871485;249
2023;5;0;4;59,40160642570281;14791,0;0,9949596774193549;14,278112449799197;249
2023;5;0;5;67,53413654618474;16816,0;1,034412955465587;15,289156626506024;249
2023;5;0;6;164,345;41086,25;2,0954301075268815;22,93;250
2023;5;0;7;406,60341365461846;101244,25;5,072958500669344;28,237951807228917;249
2023;5;0;8;546,909;136727,25;8,3;26,715;250
2023;5;0;9;542,746;135686,5;8,425666666666666;27,28;250
2023;5;0;10;471,9304435483871;117038,75;6,473118279569892;28,285282258064516;248
2023;5;0;11;502,0352822580645;124504,75;6,602150537634408;28,496975806451612;248
2023;5;0;12;543,243;135810,75;7,205333333333333;28,387;250
2023;5;0;13;580,8313253012049;144627,0;7,505689424364124;28,52710843373494;249
2023;5;0;14;649,586;162396,5;8,370333333333335;29,034;250
2023;5;0;15;623,713;155928,25;7,972333333333333;29,071;250
2023;5;0;16;562,228;140557,0;7,182333333333333;28,856;250
2023;5;0;17;617,401;154350,25;8,465666666666666;28,754;250
2023;5;0;18;669,868;167467,0;9,603;28,292;250
2023;5;0;19;658,3273092369478;163923,5;9,52008032128514;28,25602409638554;249
2023;5;0;20;600,0020080321285;149400,5;7,780789825970549;28,849397590361445;249
2023;5;0;21;514,4628514056225;128101,25;6,465528781793842;29,258032128514056;249
2023;5;0;22;390,9491869918699;96173,5;5,150067750677507;29,504065040650406;246
2023;5;0;23;276,5436991869919;68029,75;3,7838753387533877;28,758130081300813;246
2023;5;1;0;195,0731707317073;47988,0;2,889566395663957;23,453252032520325;246
2023;5;1;1;120,81376518218623;29841,0;2,295392953929539;18,01923076923077;247
2023;5;1;2;65,32388663967612;16135,0;1,540983606557377;13,861336032388664;247
2023;5;1;3;46,44879518072289;11565,75;1,284136546184739;10,77710843373494;249
2023;5;1;4;45,36144578313253;11295,0;1,1522177419354838;10,790160642570282;249
2023;5;1;5;66,43172690763052;16541,5;1,2295850066934404;13,781124497991968;249
2023;5;1;6;183,97590361445782;45810,0;2,4089381720430105;23,604417670682732;249
2023;5;1;7;484,1214859437751;120546,25;6,072623828647925;28,448795180722893;249
2023;5;1;8;676,754016064257;168511,75;10,460174029451139;27,75602409638554;249
2023;5;1;9;662,9939759036145;165085,5;11,610887096774194;27,03714859437751;249
2023;5;1;10;564,2379518072289;140495,25;8,157295850066935;28,02710843373494;249
2023;5;1;11;553,8684738955824;137913,25;7,403614457831325;28,92871485943775;249
2023;5;1;12;593,4166666666666;147760,75;7,671352074966533;28,72289156626506;249
2023;5;1;13;624,0141700404859;154131,5;8,26923076923077;29,058704453441294;247
2023;5;1;14;713,998987854251;176357,75;9,604925775978407;29,14271255060729;247
2023;5;1;15;697,0913654618474;173575,75;9,255354752342704;28,46987951807229;249
2023;5;1;16;653,855421686747;162810,0;9,248326639892905;28,71385542168675;249
2023;5;1;17;700,4759036144578;174418,5;10,4260374832664;28,82128514056225;249
2023;5;1;18;735,6204819277109;183169,5;10,89892904953146;28,14156626506024;249
2023;5;1;19;736,7560240963855;183452,25;10,5545515394913;27,872489959839356;249
2023;5;1;20;658,2289156626506;163899,0;8,487282463186078;28,8855421686747;249
2023;5;1;21;551,7319277108434;137381,25;6,745649263721553;29,453815261044177;249
2023;5;1;22;395,525406504065;97299,25;4,8932926829268295;29,802845528455286;246
2023;5;1;23;312,4644308943089;76866,25;4,108843537414966;28,517276422764226;246
2023;5;2;0;239,88673469387754;58772,25;3,216188524590164;24,20408163265306;245
2023;5;2;1;158,28643724696357;39096,75;2,4850948509485096;19,135627530364374;247
2023;5;2;2;103,65221774193549;25705,75;2,088498622589532;15,423387096774194;248
2023;5;2;3;89,3679435483871;22163,25;1,636145404663923;13,473790322580646;248
2023;5;2;4;87,48084677419355;21695,25;1,5051229508196722;12,88608870967742;248
2023;5;2;5;110,22782258064517;27336,5;1,6403508771929824;16,144153225806452;248
2023;5;2;6;224,5773092369478;55919,75;2,859206989247312;25,347389558232933;249
2023;5;2;7;548,0251004016064;136458,25;6,908938172043011;28,806224899598394;249
2023;5;2;8;771,1626506024096;192019,5;11,96135752688172;28,18273092369478;249
2023;5;2;9;748,0471887550201;186263,75;13,482118758434549;27,417670682730925;249
2023;5;2;10;632,6345381526104;157526,0;9,396423751686909;27,639558232931726;249
2023;5;2;11;613,5903614457832;152784,0;8,487516869095815;28,33433734939759;249
2023;5;2;12;632,5090361445783;157494,75;8,429149797570851;28,184738955823292;249
2023;5;2;13;663,1847389558233;165133,0;8,69838056680162;28,454819277108435;249
2023;5;2;14;747,5020080321285;186128,0;9,788461538461538;28,40461847389558;249
2023;5;2;15;732,2600401606426;182332,75;9,762145748987853;28,26706827309237;249
2023;5;2;16;675,4106425702811;168177,25;9,182186234817813;28,57429718875502;249
2023;5;2;17;725,902610441767;180749,75;10,882591093117409;27,926706827309236;249
2023;5;2;18;755,1094377510041;188022,25;11,516531713900136;27,87449799196787;249
2023;5;2;19;758,824297188755;188947,25;11,944331983805668;27,417670682730925;249
2023;5;2;20;702,3192771084338;174877,5;9,395748987854251;28,227911646586346;249
2023;5;2;21;589,174;147293,5;7,057459677419355;28,721;250
2023;5;2;22;454,09285714285716;111252,75;5,647462277091907;29,003061224489795;245
2023;5;2;23;375,8204081632653;92076,0;4,745179063360881;28,75;245
2023;5;3;0;321,04695431472084;63246,25;4,126495726495726;24,368020304568528;197
2023;5;3;1;253,64772727272728;50222,25;3,443452380952381;21,556818181818183;198
2023;5;3;2;215,63636363636363;42696,0;3,1954467353951888;19,91540404040404;198
2023;5;3;3;204,0151515151515;40395,0;2,7266156462585034;18,592171717171716;198
2023;5;3;4;204,48358585858585;40487,75;2,6143707482993195;18,849747474747474;198
2023;5;3;5;218,74875;43749,75;2,7992424242424243;20,155;200
2023;5;3;6;314,5525;62910,5;3,9200507614213196;26,26625;200
2023;5;3;7;565,9525;113190,5;7,289141414141414;28,26125;200
2023;5;3;8;747,76;149552,0;11,877104377104377;27,79875;200
2023;5;3;9;728,025;145605,0;12,329545454545455;27,04875;200
2023;5;3;10;640,39;128078,0;9,02889447236181;27,8625;200
2023;5;3;11;637,16;127432,0;8,656197654941373;27,57375;200
2023;5;3;12;647,335;129467,0;8,614166666666666;27,83125;200
2023;5;3;13;680,47875;136095,75;8,8075;28,0575;200
2023;5;3;14;780,7273869346734;155364,75;10,228643216080402;28,53894472361809;199
2023;5;3;15;782,51125;156502,25;9,522083333333335;28,405;200
2023;5;3;16;734,35125;146870,25;9,747916666666667;28,755;200
2023;5;3;17;779,635;155927,0;11,001666666666667;28,3625;200
2023;5;3;18;830,5575;166111,5;12,175;27,42375;200
2023;5;3;19;812,5675;162513,5;12,92375;26,98;200
2023;5;3;20;745,29875;149059,75;9,9825;28,3325;200
2023;5;3;21;637,25625;127451,25;7,535833333333334;28,99;200
2023;5;3;22;451,3629441624365;88918,5;5,124365482233503;29,54187817258883;197
2023;5;3;23;327,0433673469388;64100,5;4,045068027210885;28,924744897959183;196
2023;5;4;0;253,96428571428572;49777,0;3,497874149659864;24,6734693877551;196
2023;5;4;1;161,20939086294416;31758,25;2,6907783417935702;18,851522842639593;197
2023;5;4;2;94,498730964467;18616,25;1,7121598639455782;15,817258883248732;197
2023;5;4;3;62,903266331658294;12517,75;1,3090452261306533;12,613065326633166;199
2023;5;4;4;56,49875;11299,75;1,1909547738693467;10,98125;200
2023;5;4;5;79,3275;15865,5;1,1454166666666665;15,64125;200
2023;5;4;6;203,17875;40635,75;2,44875;25,22125;200
2023;5;4;7;527,08125;105416,25;6,2404166666666665;29,06125;200
2023;5;4;8;773,3225;154664,5;10,50125;28,855;200
2023;5;4;9;717,35125;143470,25;10,177916666666667;28,39125;200
2023;5;4;10;620,94625;124189,25;8,41625;28,5325;200
2023;5;4;11;614,1775;122835,5;8,139583333333334;28,40625;200
2023;5;4;12;660,27625;132055,25;8,76625;28,565;200
2023;5;4;13;729,455;145891,0;9,455;28,65;200
2023;5;4;14;838,55375;167710,75;12,39875;28,34625;200
2023;5;4;15;854,3725;170874,5;12,938333333333333;26,72875;200
2023;5;4;16;760,44125;152088,25;10,97875;27,2775;200
2023;5;4;17;776,02875;155205,75;10,824166666666667;28,21;200
2023;5;4;18;761,29875;152259,75;11,010416666666668;27,68125;200
2023;5;4;19;733,01875;146603,75;10,47875;27,95;200
2023;5;4;20;720,25;144050,0;9,645;28,28875;200
2023;5;4;21;661,5525;132310,5;8,315;28,5325;200
2023;5;4;22;512,705;102541,0;6,098333333333334;28,63375;200
2023;5;4;23;376,64625;75329,25;4,569166666666667;28,4525;200
2023;5;5;0;339,22125;67844,25;3,954166666666667;28,065;200
2023;5;5;1;283,43625;56687,25;3,557916666666667;27,43;200
2023;5;5;2;188,30402010050253;37472,5;2,597292724196277;25,43718592964824;199
2023;5;5;3;148,25875;29651,75;2,239847715736041;23,08375;200
2023;5;5;4;117,60375;23520,75;1,8977272727272727;21,50625;200
2023;5;5;5;107,47875;21495,75;1,7948073701842546;20,6475;200
2023;5;5;6;155,03625;31007,25;2,0979899497487438;24,7775;200
2023;5;5;7;207,45375;41490,75;2,5325;27,52;200
2023;5;5;8;259,135;51827,0;2,883417508417508;27,9825;200
2023;5;5;9;361,15125;72230,25;3,976666666666667;28,81125;200
2023;5;5;10;493,34;98668,0;5,52625;29,09375;200
2023;5;5;11;570,68875;114137,75;6,7820833333333335;28,515;200
2023;5;5;12;611,1947236180905;121627,75;7,502093802345059;28,440954773869347;199
2023;5;5;13;680,87375;136174,75;8,474583333333333;28,31;200
2023;5;5;14;691,3675;138273,5;8,57125;28,34875;200
2023;5;5;15;529,46375;105892,75;6,25;28,905;200
2023;5;5;16;426,62875;85325,75;4,845416666666667;29,21625;200
2023;5;5;17;487,915;97583,0;5,6345833333333335;28,8075;200
2023;5;5;18;551,41;110282,0;6,685;28,79625;200
2023;5;5;19;575,86125;115172,25;7,475;28,61;200
2023;5;5;20;577,655;115531,0;7,890833333333334;28,21;200
2023;5;5;21;560,7475;112149,5;7,675416666666666;28,54125;200
2023;5;5;22;493,555;98711,0;6,302083333333334;28,85625;200
2023;5;5;23;409,78625;81957,25;5,410416666666666;28,67875;200
2023;5;6;0;399,43;79886,0;5,10375;28,4025;200
2023;5;6;1;350,9575;70191,5;4,4875;28,245;200
2023;5;6;2;277,64;55528,0;3,669583333333333;27,55875;200
2023;5;6;3;224,0975;44819,5;3,1268844221105527;26,405;200
2023;5;6;4;186,375;37275,0;2,5690235690235688;25,06125;200
2023;5;6;5;165,885;33177,0;2,308080808080808;23,23875;200
2023;5;6;6;187,82035175879398;37376,25;2,2756734006734005;25,731155778894472;199
2023;5;6;7;209,37626262626262;41456,5;2,3083756345177666;26,845959595959595;198
2023;5;6;8;213,395;42679,0;2,3153266331658293;27,23875;200
2023;5;6;9;260,13257575757575;51506,25;2,798223350253807;27,49621212121212;198
2023;5;6;10;350,8787878787879;69474,0;3,79040404040404;28,52777777777778;198
2023;5;6;11;456,005;91201,0;5,353015075376884;28,78625;200
2023;5;6;12;545,84875;109169,75;6,315416666666667;28,6925;200
2023;5;6;13;607,84125;121568,25;7,307083333333334;28,59875;200
2023;5;6;14;636,03375;127206,75;7,704583333333334;28,76125;200
2023;5;6;15;512,04875;102409,75;6,044583333333334;28,62375;200
2023;5;6;16;428,64;85728,0;4,914583333333333;28,95;200
2023;5;6;17;513,25625;102651,25;5,9725;28,76;200
2023;5;6;18;577,1025;115420,5;7,18875;28,86875;200
2023;5;6;19;577,3325;115466,5;7,429166666666666;28,295;200
2023;5;6;20;533,205;106641,0;6,65375;28,71;200
2023;5;6;21;498,55125;99710,25;5,990833333333334;29,23125;200
2023;5;6;22;436,5939086294416;86009,0;4,983925549915398;29,828680203045685;197
2023;5;6;23;336,002538071066;66192,5;3,8942470389170896;29,078680203045685;197
2023;6;0;0;224,0637755102041;43916,5;2,9608843537414966;23,556122448979593;196
2023;6;0;1;126,61489898989899;25069,75;1,9204545454545454;19,34722222222222;198
2023;6;0;2;77,67424242424242;15379,5;1,409052453468697;15,758838383838384;198
2023;6;0;3;52,13257575757576;10322,25;0,9589678510998307;11,904040404040405;198
2023;6;0;4;45,222361809045225;8999,25;0,8943602693602694;12,06281407035176;199
2023;6;0;5;70,3075;14061,5;1,03125;14,28625;200
2023;6;0;6;209,5425;41908,5;2,658333333333333;24,7625;200
2023;6;0;7;563,8975;112779,5;6,89625;28,4575;200
2023;6;0;8;762,715;152543,0;11,533333333333333;27,88875;200
2023;6;0;9;750,5125;150102,5;11,0925;27,9075;200
2023;6;0;10;620,6997487437186;123519,25;8,303182579564488;28,53643216080402;199
2023;6;0;11;597,77125;119554,25;7,71125;28,73875;200
2023;6;0;12;621,6025;124320,5;8,05125;28,76125;200
2023;6;0;13;655,106783919598;130366,25;8,489949748743719;29,094221105527637;199
2023;6;0;14;765,8517587939698;152404,5;9,92964824120603;29,118090452261306;199
2023;6;0;15;785,14875;157029,75;9,740833333333335;28,95125;200
2023;6;0;16;669,23125;133846,25;8,22125;29,19875;200
2023;6;0;17;706,99375;141398,75;9,180416666666666;28,87375;200
2023;6;0;18;779,7875;155957,5;10,381666666666668;28,51;200
2023;6;0;19;750,5225;150104,5;9,53;28,4675;200
2023;6;0;20;663,49375;132698,75;7,827083333333333;29,0525;200
2023;6;0;21;555,21875;111043,75;6,32875;29,55625;200
2023;6;0;22;419,5561224489796;82233,0;4,892431972789115;30,107142857142858;196
2023;6;0;23;323,1875;63344,75;3,8677721088435377;28,862244897959183;196
2023;6;1;0;247,69387755102042;48548,0;3,0357142857142856;23,292091836734695;196
2023;6;1;1;183,61928934010152;36173,0;2,505499153976311;19,975888324873097;197
2023;6;1;2;144,15656565656565;28543,0;2,0837606837606835;16,213383838383837;198
2023;6;1;3;132,57286432160805;26382,0;1,9204545454545454;14,608040201005025;199
2023;6;1;4;133,4825;26696,5;1,5925;15,37125;200
2023;6;1;5;158,15625;31631,25;1,8833333333333335;18,2425;200
2023;6;1;6;278,64070351758795;55449,5;2,8463149078726966;26,417085427135678;199
2023;6;1;7;586,43875;117287,75;6,995416666666666;29,07;200
2023;6;1;8;785,5325;157106,5;11,643333333333333;28,2575;200
2023;6;1;9;754,3675;150873,5;12,595416666666667;27,42125;200
2023;6;1;10;650,99375;130198,75;8,885416666666666;28,07625;200
2023;6;1;11;631,63375;126326,75;8,20625;28,1825;200
2023;6;1;12;649,625;129925,0;8,51625;28,09625;200
2023;6;1;13;679,0525;135810,5;8,7425;28,25875;200
2023;6;1;14;804,02875;160805,75;10,475;28,93;200
2023;6;1;15;794,26625;158853,25;9,8725;28,855;200
2023;6;1;16;707,9;141580,0;9,265;28,875;200
2023;6;1;17;727,45875;145491,75;9,824166666666667;28,78;200
2023;6;1;18;801,1325;160226,5;10,89;28,04125;200
2023;6;1;19;782,69875;156539,75;9,85;28,29875;200
2023;6;1;20;710,32625;142065,25;8,32125;29,02;200
2023;6;1;21;581,40375;116280,75;6,539583333333334;29,44125;200
2023;6;1;22;404,6823979591837;79317,75;4,596938775510204;30,23469387755102;196
2023;6;1;23;301,8915816326531;59170,75;3,5935374149659864;28,850765306122447;196
2023;6;2;0;207,2908163265306;40629,0;2,7045068027210886;21,756377551020407;196
2023;6;2;1;115,81472081218274;22815,5;1,8367174280879863;16,555837563451778;197
2023;6;2;2;62,61363636363637;12397,5;1,455128205128205;12,69949494949495;198
2023;6;2;3;45,30050505050505;8969,5;1,0970085470085469;10,522727272727273;198
2023;6;2;4;42,9225;8584,5;0,8005050505050505;10,48;200
2023;6;2;5;70,06625;14013,25;1,01375;13,725;200
2023;6;2;6;214,69;42938,0;2,420875420875421;25,48375;200
2023;6;2;7;577,60875;115521,75;6,964166666666666;28,9925;200
2023;6;2;8;791,15875;158231,75;12,663333333333332;27,32625;200
2023;6;2;9;753,09625;150619,25;13,5725;26,61125;200
2023;6;2;10;640,5325;128106,5;9,83625;27,27125;200
2023;6;2;11;625,3225;125064,5;8,50375;28,43625;200
2023;6;2;12;649,64625;129929,25;8,395416666666666;28,43;200
2023;6;2;13;680,13;136026,0;8,892083333333334;28,765;200
2023;6;2;14;816,09625;163219,25;10,915;28,64375;200
2023;6;2;15;835,1060209424083;159505,25;10,660122164048865;29,713350785340314;191
2023;6;2;16;725,1806282722513;138509,5;9,38001745200698;30,020942408376964;191
2023;6;2;17;742,0876963350786;141738,75;10,756544502617801;29,49869109947644;191
2023;6;2;18;820,4646596858639;156708,75;11,581151832460733;28,945026178010473;191
2023;6;2;19;833,1767015706806;159136,75;11,527050610820243;28,918848167539267;191
2023;6;2;20;745,1989528795812;142333,0;9,395287958115183;29,35994764397906;191
2023;6;2;21;612,1596858638743;116922,5;7,102094240837697;30,07198952879581;191
2023;6;2;22;435,2767379679144;81396,75;5,422905525846702;31,362299465240643;187
2023;6;2;23;319,3112244897959;62585,0;3,949829931972789;28,184948979591837;196
2023;6;3;0;239,4908536585366;58914,75;3,1568428184281845;22,90650406504065;246
2023;6;3;1;143,737;35934,25;2,109772423025435;18,084;250
2023;6;3;2;79,388;19847,0;1,641566265060241;14,758;250
2023;6;3;3;54,817;13704,25;1,25944669365722;12,242;250
2023;6;3;4;51,613453815261046;12851,75;0,9288617886178862;11,20582329317269;249
2023;6;3;5;76,79317269076306;19121,5;1,078272604588394;13,369477911646586;249
2023;6;3;6;191,286;47821,5;2,4153171390013495;20,523;250
2023;6;3;7;487,731;121932,75;5,928763440860215;24,277;250
2023;6;3;8;701,3403614457832;174633,75;10,488529014844804;23,92168674698795;249
2023;6;3;9;684,8634538152611;170531,0;10,883603238866396;23,826305220883533;249
2023;6;3;10;585,0491967871486;145677,25;8,35483870967742;25,268072289156628;249
2023;6;3;11;627,644578313253;156283,5;8,197791164658634;28,617469879518072;249
2023;6;3;12;646,175702811245;160897,75;8,477911646586346;28,538152610441767;249
2023;6;3;13;695,032;173758,0;9,052333333333333;28,8;250
2023;6;3;14;814,739;203684,75;10,682666666666666;28,873;250
2023;6;3;15;819,263;204815,75;10,563;28,634;250
2023;6;3;16;720,724;180181,0;9,479;28,671;250
2023;6;3;17;759,646;189911,5;10,321;28,509;250
2023;6;3;18;806,437;201609,25;11,73;27,697;250
2023;6;3;19;807,97;201992,5;11,519333333333334;27,23;250
2023;6;3;20;740,565;185141,25;9,172;28,131;250
2023;6;3;21;631,593;157898,25;7,402;28,533;250
2023;6;3;22;451,57448979591834;110635,75;4,939455782312925;29,333673469387755;245
2023;6;3;23;343,15714285714284;84073,5;3,9710884353741496;28,382653061224488;245
2023;6;4;0;263,0489795918367;64447,0;3,5241496598639452;22,31122448979592;245
2023;6;4;1;175,52032520325204;43178,0;2,61734693877551;19,295731707317074;246
2023;6;4;2;107,0587044534413;26443,5;1,7653061224489797;16,597165991902834;247
2023;6;4;3;76,10181451612904;18873,25;1,4531039136302295;14,533266129032258;248
2023;6;4;4;67,59136546184739;16830,25;1,2352150537634408;13,748995983935743;249
2023;6;4;5;92,083;23020,75;1,4043333333333332;17,084;250
2023;6;4;6;227,645;56911,25;2,6743951612903225;26,117;250
2023;6;4;7;528,011;132002,75;6,3;29,434;250
2023;6;4;8;735,766;183941,5;9,87;28,927;250
2023;6;4;9;697,027;174256,75;9,477;28,951;250
2023;6;4;10;612,512;153128,0;7,954;28,832;250
2023;6;4;11;625,811;156452,75;8,129;28,663;250
2023;6;4;12;660,965;165241,25;8,623666666666667;28,759;250
2023;6;4;13;726,582;181645,5;9,626333333333333;28,611;250
2023;6;4;14;856,213;214053,25;12,943;28,193;250
2023;6;4;15;871,511;217877,75;12,906;26,929;250
2023;6;4;16;730,604;182651,0;9,727;27,749;250
2023;6;4;17;725,344;181336,0;9,637;28,321;250
2023;6;4;18;745,7971887550201;185703,5;9,358433734939759;28,166666666666668;249
2023;6;4;19;714,076;178519,0;9,39;27,721;250
2023;6;4;20;694,177;173544,25;8,816666666666666;28,087;250
2023;6;4;21;631,0692771084338;157136,25;7,416331994645248;28,566265060240966;249
2023;6;4;22;482,842;120710,5;5,499333333333333;28,79;250
2023;6;4;23;371,077;92769,25;4,24;28,412;250
2023;6;5;0;329,98125;65996,25;3,7129166666666666;28,1975;200
2023;6;5;1;289,145;57829,0;3,4033333333333333;27,12625;200
2023;6;5;2;209,06375;41812,75;2,6454166666666667;26,84;200
2023;6;5;3;154,1825;30836,5;2,1383333333333336;24,27625;200
2023;6;5;4;122,64;24528,0;1,8509212730318256;22,15625;200
2023;6;5;5;116,5825;23316,5;1,6908333333333334;22,28375;200
2023;6;5;6;160,90875;32181,75;2,0747863247863245;25,8625;200
2023;6;5;7;215,37;43074,0;2,5263819095477387;27,33;200
2023;6;5;8;279,59375;55918,75;3,1134840871021776;28,1275;200
2023;6;5;9;372,07625;74415,25;4,260833333333333;28,825;200
2023;6;5;10;479,87875;95975,75;5,300416666666666;28,995;200
2023;6;5;11;551,9825;110396,5;6,20875;28,5375;200
2023;6;5;12;626,84;125368,0;7,58875;28,3175;200
2023;6;5;13;646,865;129373,0;7,849583333333333;28,33125;200
2023;6;5;14;661,735;132347,0;7,76375;28,64375;200
2023;6;5;15;510,31375;102062,75;5,825833333333334;29,2275;200
2023;6;5;16;405,30625;81061,25;4,5725;28,97;200
2023;6;5;17;494,8825;98976,5;5,464583333333334;28,66375;200
2023;6;5;18;553,33875;110667,75;6,7225;28,55125;200
2023;6;5;19;572,48625;114497,25;6,829166666666667;28,6375;200
2023;6;5;20;594,05625;118811,25;7,315;28,33625;200
2023;6;5;21;577,5575;115511,5;6,79625;28,91625;200
2023;6;5;22;494,38375;98876,75;5,885416666666666;28,72375;200
2023;6;5;23;394,47375;78894,75;4,8175;28,70875;200
2023;6;6;0;373,3175;74663,5;4,434583333333333;28,3175;200
2023;6;6;1;313,6975;62739,5;3,7875;27,4625;200
2023;6;6;2;227,3625;45472,5;2,8965661641541036;27,07375;200
2023;6;6;3;175,73625;35147,25;2,4112227805695143;26,12875;200
2023;6;6;4;133,6475;26729,5;2,036512027491409;23,6525;200
2023;6;6;5;120,505;24101,0;1,7731958762886597;22,8775;200
2023;6;6;6;143,625;28437,75;1,848013816925734;24,71212121212121;198
2023;6;6;7;163,77010050251258;32590,25;2,0224525043177892;25,511306532663315;199
2023;6;6;8;181,91206030150755;36200,5;2,151986183074266;25,724874371859297;199
2023;6;6;9;227,87311557788945;45346,75;2,76986183074266;26,59170854271357;199
2023;6;6;10;306,8530150753769;61063,75;3,7843642611683848;26,816582914572866;199
2023;6;6;11;441,0825;88216,5;5,18125;27,98875;200
2023;6;6;12;542,01;108402,0;6,38875;28,3825;200
2023;6;6;13;600,9;120180,0;7,1570833333333335;28,51625;200
2023;6;6;14;619,655;123931,0;7,2525;28,65875;200
2023;6;6;15;468,28625;93657,25;5,5408333333333335;29,21;200
2023;6;6;16;400,90625;80181,25;4,775416666666667;29,0675;200
2023;6;6;17;489,97875;97995,75;5,50875;28,945;200
2023;6;6;18;548,34625;109669,25;6,484166666666666;28,67;200
2023;6;6;19;552,37;110474,0;6,830416666666666;28,1175;200
2023;6;6;20;550,45875;110091,75;7,004166666666666;28,17;200
2023;6;6;21;544,16625;108833,25;7,024583333333334;28,45375;200
2023;6;6;22;454,609693877551;89103,5;5,4519557823129245;29,7984693877551;196
2023;6;6;23;322,47066326530614;63204,25;3,795918367346939;28,6734693877551;196
2023;7;0;0;252,67142857142858;61904,5;2,9200680272108843;26,536734693877552;245
2023;7;0;1;143,5579268292683;35315,25;2,1707317073170733;24,024390243902438;246
2023;7;0;2;82,85987903225806;20549,25;1,5377229080932786;19,836693548387096;248
2023;7;0;3;54,18975903614458;13493,25;1,11646174863388;15,00301204819277;249
2023;7;0;4;48,20180722891566;12002,25;0,9527665317139001;14,783132530120483;249
2023;7;0;5;68,139;17034,75;1,0495218579234973;16,754;250
2023;7;0;6;209,944;52486,0;2,5331978319783195;25,288;250
2023;7;0;7;512,497;128124,25;5,963666666666667;29,144;250
2023;7;0;8;682,376;170594,0;8,628666666666666;28,88;250
2023;7;0;9;638,876;159719,0;8,704333333333334;28,949;250
2023;7;0;10;564,835;141208,75;7,060333333333333;28,736;250
2023;7;0;11;561,458;140364,5;6,939333333333333;28,707;250
2023;7;0;12;583,911;145977,75;7,261;28,433;250
2023;7;0;13;608,415;152103,75;7,499666666666667;28,779;250
2023;7;0;14;712,56;178140,0;8,883;29,27;250
2023;7;0;15;754,063;188515,75;9,182;29,028;250
2023;7;0;16;636,895;159223,75;7,607;29,077;250
2023;7;0;17;622,217;155554,25;7,480666666666667;28,738;250
2023;7;0;18;667,073;166768,25;8,203;28,752;250
2023;7;0;19;650,374;162593,5;8,337;28,474;250
2023;7;0;20;590,47;147617,5;6,892333333333333;29,109;250
2023;7;0;21;494,836;123709,0;5,665;29,312;250
2023;7;0;22;365,7061224489796;89598,0;4,2870748299319725;29,98265306122449;245
2023;7;0;23;268,115306122449;65688,25;3,2819727891156463;28,366326530612245;245
2023;7;1;0;191,30867346938774;37496,5;2,374574829931973;24,493622448979593;196
2023;7;1;1;110,82070707070707;21942,5;1,7694585448392555;19,97979797979798;198
2023;7;1;2;57,70854271356784;11484,0;1,3156565656565657;14,410804020100503;199
2023;7;1;3;39,24748743718593;7810,25;0,9549319727891156;11,174623115577889;199
2023;7;1;4;41,10929648241206;8180,75;0,9564297800338409;11,860552763819095;199
2023;7;1;5;67,7225;13544,5;1,0104690117252932;16,18875;200
2023;7;1;6;212,55375;42510,75;2,5280569514237854;24,74;200
2023;7;1;7;537,76625;107553,25;6,428333333333334;29,13;200
2023;7;1;8;727,28125;145456,25;9,621666666666666;28,4075;200
2023;7;1;9;675,8075;135161,5;9,83875;28,12875;200
2023;7;1;10;586,76375;117352,75;7,864166666666666;28,35125;200
2023;7;1;11;580,6369346733668;115546,75;7,296482412060302;28,765075376884422;199
2023;7;1;12;610,665;122133,0;7,4275;28,65625;200
2023;7;1;13;624,65625;124931,25;7,691666666666666;28,78;200
2023;7;1;14;748,79125;149758,25;9,72125;28,94375;200
2023;7;1;15;768,85125;153770,25;9,61625;28,84125;200
2023;7;1;16;673,47125;134694,25;8,429583333333333;28,715;200
2023;7;1;17;668,00625;133601,25;8,003333333333334;28,9275;200
2023;7;1;18;711,475;142295,0;8,715;28,7175;200
2023;7;1;19;686,4275;137285,5;8,83125;28,28875;200
2023;7;1;20;637,56125;127512,25;7,46;28,97375;200
2023;7;1;21;533,6746231155779;106201,25;6,271356783919598;29,525125628140703;199
2023;7;1;22;388,515306122449;76149,0;4,582057823129252;29,866071428571427;196
2023;7;1;23;293,26785714285717;57480,5;3,4910714285714284;28,783163265306122;196
2023;7;2;0;218,31632653061226;42790,0;2,580769230769231;24,975765306122447;196
2023;7;2;1;125,55176767676768;24859,25;2,0253807106598987;20,943181818181817;198
2023;7;2;2;68,26381909547739;13584,5;1,2546296296296295;17,051507537688444;199
2023;7;2;3;44,5475;8909,5;0,9890572390572391;12,57875;200
2023;7;2;4;40,6275;8125,5;0,7927241962774957;12,095;200
2023;7;2;5;62,90875;12581,75;0,9511784511784512;15,4825;200
2023;7;2;6;206,5975;41319,5;2,3115577889447234;25,565;200
2023;7;2;7;536,47375;107294,75;6,225416666666666;29,07625;200
2023;7;2;8;734,82625;146965,25;10,185;28,15875;200
2023;7;2;9;676,29375;135258,75;9,216666666666667;28,58;200
2023;7;2;10;582,9334170854271;116003,75;7,467755443886097;28,576633165829147;199
2023;7;2;11;582,5653266331658;115930,5;7,308626465661642;28,60929648241206;199
2023;7;2;12;605,3525;121070,5;7,613333333333333;28,73125;200
2023;7;2;13;647,7600502512563;128904,25;7,863065326633166;28,94723618090452;199
2023;7;2;14;747,4275;149485,5;9,412916666666666;28,985;200
2023;7;2;15;785,64;157128,0;10,77375;28,16125;200
2023;7;2;16;694,56125;138912,25;8,5775;28,70125;200
2023;7;2;17;677,39;135478,0;8,06625;28,87375;200
2023;7;2;18;722,315;144463,0;8,9025;28,7;200
2023;7;2;19;703,24375;140648,75;8,4375;28,59375;200
2023;7;2;20;645,56875;129113,75;7,6575;28,915;200
2023;7;2;21;547,215;109443,0;6,36625;29,1575;200
2023;7;2;22;408,86224489795916;80137,0;5,031462585034014;29,521683673469386;196
2023;7;2;23;319,1875;62560,75;4,042091836734694;28,4859693877551;196
2023;7;3;0;265,1798469387755;51975,25;3,273504273504274;25,179846938775512;196
2023;7;3;1;159,18527918781726;31359,5;2,4017857142857144;22,70812182741117;197
2023;7;3;2;90,14141414141415;17848,0;1,8678756476683938;18,150252525252526;198
2023;7;3;3;59,32375;11864,75;1,4843485617597292;14,57625;200
2023;7;3;4;54,53375;10906,75;1,2234848484848484;14,28875;200
2023;7;3;5;76,1125;15222,5;1,330820770519263;17,19875;200
2023;7;3;6;216,58;43316,0;2,7279166666666668;25,505;200
2023;7;3;7;524,1275;104825,5;5,8116666666666665;29,385;200
2023;7;3;8;713,09625;142619,25;9,26125;29,1075;200
2023;7;3;9;675,01875;135003,75;8,780416666666666;28,89875;200
2023;7;3;10;579,815;115963,0;7,310833333333334;28,34125;200
2023;7;3;11;593,5375;118707,5;7,41625;28,5425;200
2023;7;3;12;609,33;121866,0;7,511666666666667;28,615;200
2023;7;3;13;641,785175879397;127715,25;8,117252931323282;28,923366834170853;199
2023;7;3;14;745,83;149166,0;9,3625;28,98375;200
2023;7;3;15;768,98375;153796,75;9,727083333333333;28,4425;200
2023;7;3;16;680,395;136079,0;8,38125;28,90875;200
2023;7;3;17;678,7425;135748,5;8,25125;28,7875;200
2023;7;3;18;717,0875;143417,5;9,01375;28,43125;200
2023;7;3;19;707,3475;141469,5;8,986666666666666;28,2275;200
2023;7;3;20;671,87125;134374,25;8,140416666666667;28,86375;200
2023;7;3;21;570,8875;114177,5;6,745;28,89375;200
2023;7;3;22;421,4923469387755;82612,5;5,004251700680272;29,739795918367346;196
2023;7;3;23;328,14923469387753;64317,25;4,245748299319728;28,572704081632654;196
2023;7;4;0;289,1173469387755;56667,0;4,453846153846154;24,841836734693878;196
2023;7;4;1;193,05150753768845;38417,25;3,0054713804713806;22,968592964824122;199
2023;7;4;2;121,735;24347,0;1,9204166666666667;20,32625;200
2023;7;4;3;87,06875;17413,75;1,5476190476190474;17,3575;200
2023;7;4;4;73,00125;14600,25;1,513959390862944;15,67125;200
2023;7;4;5;90,1275;18025,5;1,3425460636515913;17,80125;200
2023;7;4;6;220,435;44087,0;2,6115319865319866;25,47125;200
2023;7;4;7;485,13375;97026,75;5,413316582914573;28,96125;200
2023;7;4;8;633,2925;126658,5;7,48125;29,35125;200
2023;7;4;9;606,21375;121242,75;7,664583333333334;29,1275;200
2023;7;4;10;556,4975;111299,5;7,0425;28,92;200
2023;7;4;11;582,79875;116559,75;7,15375;28,635;200
2023;7;4;12;621,645;124329,0;7,66;28,80875;200
2023;7;4;13;667,5825;133516,5;8,415;28,60875;200
2023;7;4;14;788,56375;157712,75;10,123333333333333;28,47;200
2023;7;4;15;793,10375;158620,75;10,4;28,2575;200
2023;7;4;16;647,31875;129463,75;7,875;28,805;200
2023;7;4;17;629,535;125907,0;7,8775;28,97375;200
2023;7;4;18;626,37875;125275,75;7,6433333333333335;28,80625;200
2023;7;4;19;611,4225;122284,5;7,573333333333334;28,5125;200
2023;7;4;20;614,43125;122886,25;7,15875;28,8725;200
2023;7;4;21;555,275;111055,0;6,512083333333334;28,82125;200
2023;7;4;22;423,97625;84795,25;5,05625;28,71875;200
2023;7;4;23;325,73125;65146,25;3,910416666666667;28,22875;200
2023;7;5;0;322,658;80664,5;3,693;27,266;250
2023;7;5;1;265,5953815261044;66133,25;3,178380187416332;27,205823293172692;249
2023;7;5;2;189,80722891566265;47262,0;2,468206157965194;25,84136546184739;249
2023;7;5;3;145,127;36281,75;2,110433604336043;23,469;250
2023;7;5;4;114,888;28722,0;1,6824596774193548;21,935;250
2023;7;5;5;107,961;26990,25;1,7280701754385963;20,732;250
2023;7;5;6;154,25803212851406;38410,25;2,0103748326639894;23,954819277108435;249
2023;7;5;7;198,63709677419354;49262,0;2,408569500674764;26,393145161290324;248
2023;7;5;8;238,678;59669,5;2,740294511378849;27,158;250
2023;7;5;9;317,498;79374,5;3,4883333333333333;28,419;250
2023;7;5;10;389,319;97329,75;4,409666666666667;28,559;250
2023;7;5;11;454,463;113615,75;5,206333333333333;28,331;250
2023;7;5;12;508,92;127230,0;5,819333333333333;28,469;250
2023;7;5;13;535,211;133802,75;6,111333333333333;28,699;250
2023;7;5;14;528,321;132080,25;5,909;29,127;250
2023;7;5;15;417,925;104481,25;4,641333333333333;29,18;250
2023;7;5;16;355,059;88764,75;3,8676666666666666;28,556;250
2023;7;5;17;397,273;99318,25;4,342;28,086;250
2023;7;5;18;439,4769076305221;109429,75;4,937751004016064;28,329317269076306;249
2023;7;5;19;468,929;117232,25;5,322333333333333;28,405;250
2023;7;5;20;497,456;124364,0;5,844;27,995;250
2023;7;5;21;501,266;125316,5;5,707;27,832;250
2023;7;5;22;431,516;107879,0;4,751333333333333;28,189;250
2023;7;5;23;365,227;91306,75;4,114666666666667;27,943;250
2023;7;6;0;344,5331325301205;85788,75;3,957161981258367;27,53012048192771;249
2023;7;6;1;304,955;76238,75;3,6403333333333334;27,319;250
2023;7;6;2;224,65562248995985;55939,25;2,852074966532798;26,634538152610443;249
2023;7;6;3;163,936;40984,0;2,2283333333333335;23,987;250
2023;7;6;4;128,461;32115,25;1,8513333333333333;22,438;250
2023;7;6;5;110,482;27620,5;1,778231292517007;21,176;250
2023;7;6;6;139,0;34611,0;1,819838056680162;24,11244979919679;249
2023;7;6;7;164,8195564516129;40875,25;2,133940620782726;25,91733870967742;248
2023;7;6;8;171,5120481927711;42706,5;2,041497975708502;26,3714859437751;249
2023;7;6;9;217,88052208835342;54252,25;2,668010752688172;26,8925702811245;249
2023;7;6;10;306,999;76749,75;3,541;27,852;250
2023;7;6;11;405,63;101407,5;4,561333333333333;28,52;250
2023;7;6;12;474,592;118648,0;5,391333333333333;28,233;250
2023;7;6;13;502,656;125664,0;5,623333333333333;28,496;250
2023;7;6;14;497,028;124257,0;5,469333333333333;28,887;250
2023;7;6;15;392,715;98178,75;4,412666666666667;28,722;250
2023;7;6;16;346,59;86647,5;3,799;28,709;250
2023;7;6;17;390,319;97579,75;4,243333333333333;28,768;250
2023;7;6;18;441,143;110285,75;4,823666666666667;28,508;250
2023;7;6;19;474,882;118720,5;5,4446666666666665;28,383;250
2023;7;6;20;485,49;121372,5;5,529333333333333;28,264;250
2023;7;6;21;475,7;118925,0;5,278;28,354;250
2023;7;6;22;417,8760162601626;102797,5;4,771341463414634;28,772357723577237;246
2023;7;6;23;349,01836734693876;85509,5;3,777891156462585;28,627551020408163;245
2023;8;0;0;215,08121827411168;42371,0;2,5487179487179485;25,90482233502538;197
2023;8;0;1;148,46338383838383;29395,75;1,9289965986394557;23,071969696969695;198
2023;8;0;2;108,11363636363636;21406,5;1,6136752136752137;19,93686868686869;198
2023;8;0;3;90,3775;18075,5;1,3223350253807107;17,11625;200
2023;8;0;4;82,99625;16599,25;1,0833333333333335;16,3475;200
2023;8;0;5;98,6475;19729,5;1,0858714043993232;18,76625;200
2023;8;0;6;180,23;36046,0;2,0307239057239057;23,9425;200
2023;8;0;7;346,33875;69267,75;3,6271043771043767;27,88375;200
2023;8;0;8;439,73;87946,0;4,866582491582491;28,495;200
2023;8;0;9;407,7875;81557,5;4,581649831649831;28,31;200
2023;8;0;10;389,6525;77930,5;4,505050505050505;28,54625;200
2023;8;0;11;407,7675879396985;81145,75;4,759306260575296;28,337939698492463;199
2023;8;0;12;433,3989898989899;85813,0;5,250850340136055;28,68686868686869;198
2023;8;0;13;438,77638190954775;87316,5;5,172165820642978;28,554020100502512;199
2023;8;0;14;496,585;99317,0;5,904882154882155;28,64125;200
2023;8;0;15;522,455;104491,0;5,978535353535354;28,59875;200
2023;8;0;16;404,92625;80985,25;4,384680134680134;28,585;200
2023;8;0;17;416,775;83355,0;4,712121212121212;28,34875;200
2023;8;0;18;454,22375;90844,75;5,151094276094276;28,465;200
2023;8;0;19;438,12375;87624,75;5,194865319865319;28,57375;200
2023;8;0;20;418,51125;83702,25;4,8106060606060606;28,5675;200
2023;8;0;21;386,11375;77222,75;4,297558922558922;28,47625;200
2023;8;0;22;315,77030456852793;62206,75;3,4957264957264957;28,79187817258883;197
2023;8;0;23;248,8405612244898;48772,75;2,802245250431779;27,878826530612244;196
2023;8;1;0;196,00306122448978;48020,75;2,314471879286694;25,288775510204083;245
2023;8;1;1;138,4828629032258;34343,75;1,94375;22,813508064516128;248
2023;8;1;2;99,81927710843374;24855,0;1,5709876543209877;19,41164658634538;249
2023;8;1;3;82,91164658634538;20645,0;1,2349726775956282;15,839357429718875;249
2023;8;1;4;79,82530120481928;19876,5;1,08130081300813;16,132530120481928;249
2023;8;1;5;89,82692307692308;22187,25;0,9911564625850341;17,13259109311741;247
2023;8;1;6;174,1244939271255;43008,75;1,7427685950413223;23,987854251012145;247
2023;8;1;7;343,9542682926829;84612,75;3,514344262295082;28,10569105691057;246
2023;8;1;8;441,92004048583;109154,25;4,6952380952380945;28,33400809716599;247
2023;8;1;9;416,598;104149,5;4,89616935483871;28,091;250
2023;8;1;10;398,21;99552,5;4,690188172043011;27,919;250
2023;8;1;11;419,7309236947791;104513,0;4,986167341430499;28,073293172690764;249
2023;8;1;12;442,9628514056225;110297,75;5,266194331983805;28,46586345381526;249
2023;8;1;13;455,81024096385545;113496,75;5,260121457489879;28,430722891566266;249
2023;8;1;14;517,959;129489,75;6,027217741935484;28,52;250
2023;8;1;15;534,646;133661,5;6,026209677419355;28,619;250
2023;8;1;16;425,145;106286,25;4,635752688172043;28,509;250
2023;8;1;17;428,946;107236,5;4,778225806451613;28,631;250
2023;8;1;18;471,376;117844,0;5,321572580645161;28,558;250
2023;8;1;19;457,7640562248996;113983,25;5,284075573549258;28,603413654618475;249
2023;8;1;20;432,52510040160644;107698,75;4,851214574898785;28,626506024096386;249
2023;8;1;21;387,58534136546183;96508,75;4,348178137651822;28,51305220883534;249
2023;8;1;22;329,6928571428571;80774,75;3,7218792866941013;29,364285714285714;245
2023;8;1;23;255,84081632653061;62681,0;2,918724279835391;27,772448979591836;245
2023;8;2;0;199,90714285714284;48977,25;2,3068181818181817;24,91734693877551;245
2023;8;2;1;134,56882591093117;33238,5;1,866326530612245;21,635627530364374;247
2023;8;2;2;92,86740890688259;22938,25;1,3765560165975104;18,008097165991902;247
2023;8;2;3;76,7078313253012;19100,25;1,0426829268292683;14,823293172690763;249
2023;8;2;4;72,231;18057,75;0,9779810298102981;14,373;250
2023;8;2;5;89,828;22457,0;1,1081989247311828;17,376;250
2023;8;2;6;191,245;47811,25;2,069556451612903;24,383;250
2023;8;2;7;379,4;94850,0;3,895497311827957;28,455;250
2023;8;2;8;499,454;124863,5;5,381720430107527;29,29;250
2023;8;2;9;451,68;112920,0;5,20866935483871;28,653;250
2023;8;2;10;423,460685483871;105018,25;4,938685636856369;28,58467741935484;248
2023;8;2;11;439,0967741935484;108896,0;5,3787262872628725;28,251008064516128;248
2023;8;2;12;455,7913306451613;113036,25;5,487466124661247;28,387096774193548;248
2023;8;2;13;471,6038306451613;116957,75;5,531165311653117;28,766129032258064;248
2023;8;2;14;555,8222891566265;138399,75;6,454453441295547;28,710843373493976;249
2023;8;2;15;592,084;148021,0;6,726142473118279;28,891;250
2023;8;2;16;463,306;115826,5;5,140456989247311;28,682;250
2023;8;2;17;463,503;115875,75;5,1875;28,616;250
2023;8;2;18;502,605;125651,25;5,853158602150537;28,528;250
2023;8;2;19;484,867;121216,75;5,694892473118279;28,689;250
2023;8;2;20;453,287;113321,75;5,259744623655914;28,589;250
2023;8;2;21;394,16;98540,0;4,406586021505376;28,604;250
2023;8;2;22;321,3734693877551;78736,5;3,5665294924554183;28,829591836734693;245
2023;8;2;23;260,7857142857143;63892,5;3,042181069958848;28,275510204081634;245
2023;8;3;0;206,73877551020408;50651,0;2,3868312757201644;25,142857142857142;245
2023;8;3;1;141,821;35455,25;1,9290994623655915;21,976;250
2023;8;3;2;99,23286290322581;24609,75;1,5523809523809522;19,206653225806452;248
2023;8;3;3;80,15;20037,5;1,1568027210884355;15,905;250
2023;8;3;4;76,009;19002,25;0,9610215053763441;15,716;250
2023;8;3;5;90,517;22629,25;1,0512820512820513;17,899;250
2023;8;3;6;188,531;47132,75;2,1253360215053765;23,927;250
2023;8;3;7;377,864;94466,0;4,043010752688172;28,788;250
2023;8;3;8;486,509;121627,25;5,513440860215053;28,998;250
2023;8;3;9;445,371;111342,75;5,195900537634408;28,77;250
2023;8;3;10;422,9016064257028;105302,5;4,962887989203779;28,440763052208837;249
2023;8;3;11;428,9343220338983;101228,5;5,0174501424501425;30,05720338983051;236
2023;8;3;12;458,78729838709677;113779,25;5,549119241192412;28,507056451612904;248
2023;8;3;13;473,52923387096774;117435,25;5,488143631436314;28,771169354838708;248
2023;8;3;14;546,0281124497992;135961,0;6,2756410256410255;29,035140562248998;249
2023;8;3;15;591,311;147827,75;6,844086021505376;28,864;250
2023;8;3;16;468,55120481927713;116669,25;5,229757085020243;28,788152610441767;249
2023;8;3;17;468,422;117105,5;5,258400537634408;28,5;250
2023;8;3;18;508,976;127244,0;5,735551075268818;28,764;250
2023;8;3;19;491,028;122757,0;5,6875;28,634;250
2023;8;3;20;460,027;115006,75;5,211357526881721;28,649;250
2023;8;3;21;410,579;102644,75;4,667674731182795;28,764;250
2023;8;3;22;339,94028340080973;83965,25;3,933673469387755;29,004048582995953;247
2023;8;3;23;273,4715447154472;67274,0;3,137636612021858;28,16869918699187;246
2023;8;4;0;200,72448979591837;39342,0;2,423044217687075;25,279336734693878;196
2023;8;4;1;116,79292929292929;23125,0;1,6954314720812182;20,946969696969695;198
2023;8;4;2;68,21733668341709;13575,25;1,2767857142857142;16,810301507537687;199
2023;8;4;3;49,3775;9875,5;1,0439698492462313;13,50125;200
2023;8;4;4;41,78375;8356,75;0,85;12,3025;200
2023;8;4;5;61,22375;12244,75;0,978956228956229;15,23625;200
2023;8;4;6;169,11180904522612;33653,25;1,9049413735343383;23,709798994974875;199
2023;8;4;7;351,66875;70333,75;3,632083333333333;28,12875;200
2023;8;4;8;449,5075;89901,5;4,891666666666667;28,95125;200
2023;8;4;9;412,70375;82540,75;4,7091666666666665;28,315;200
2023;8;4;10;410,4675;82093,5;4,91875;27,445;200
2023;8;4;11;431,1670854271357;85802,25;5,010469011725293;27,756281407035175;199
2023;8;4;12;468,9936868686869;92860,75;5,591750841750842;28,34722222222222;198
2023;8;4;13;495,2294871794872;96569,75;5,694871794871795;28,57179487179487;195
2023;8;4;14;609,03;121806,0;7,12;28,72625;200
2023;8;4;15;594,8813775510204;116596,75;6,159013605442177;29,850765306122447;196
2023;8;4;16;448,7552631578947;85263,5;4,755701754385965;30,730263157894736;190
2023;8;4;17;438,1723684210526;83252,75;4,63640350877193;30,347368421052632;190
2023;8;4;18;458,94736842105266;87200,0;4,792982456140351;30,07236842105263;190
2023;8;4;19;448,03026315789475;85125,75;4,829385964912281;30,357894736842105;190
2023;8;4;20;446,9795081967213;81797,25;4,954462659380692;31,48633879781421;183
2023;8;4;21;416,7551020408163;81684,0;4,450680272108844;29,147959183673468;196
2023;8;4;22;339,46700507614213;66875,0;3,55160744500846;28,601522842639593;197
2023;8;4;23;262,6670918367347;51482,75;2,8477891156462585;28,105867346938776;196
2023;8;5;0;226,995;45399,0;2,847916666666667;26,725;200
2023;8;5;1;164,90051020408163;32320,5;1,9689625850340138;25,664540816326532;196
2023;8;5;2;114,67631578947369;21788,5;1,5167548500881836;24,042105263157893;190
2023;8;5;3;79,71447368421053;15145,75;1,1538120567375887;19,318421052631578;190
2023;8;5;4;68,13552631578948;12945,75;1,0748663101604279;18,726315789473684;190
2023;8;5;5;71,4407894736842;13573,75;1,1070175438596492;19,10921052631579;190
2023;8;5;6;117,17894736842105;22264,0;1,2864035087719299;22,94736842105263;190
2023;8;5;7;156,49739583333334;30047,5;1,9401041666666667;25,69140625;192
2023;8;5;8;180,09390862944161;35478,5;2,175972927241963;25,79187817258883;197
2023;8;5;9;236,475;44930,25;2,4578900709219855;28,106578947368423;190
2023;8;5;10;290,0467032967033;52788,5;3,2023809523809526;30,453296703296704;182
2023;8;5;11;341,731843575419;61170,0;3,7164804469273744;31,115921787709496;179
2023;8;5;12;378,7371134020619;73475,0;4,001718213058419;28,4729381443299;194
2023;8;5;13;385,16;57774,0;4,238888888888889;28,096666666666668;150
2023;8;5;14;390,72875;78145,75;4,35125;28,6225;200
2023;8;5;15;322,43125;64486,25;3,6525;28,60125;200
2023;8;5;16;269,1975;53839,5;3,169583333333333;27,84375;200
2023;8;5;17;291,21125;58242,25;3,437604690117253;27,6025;200
2023;8;5;18;326,5325;65306,5;3,7975;28,0775;200
2023;8;5;19;355,48375;71096,75;4,0720833333333335;27,9375;200
2023;8;5;20;382,65875;76531,75;4,548333333333333;28,36;200
2023;8;5;21;383,555;76711,0;4,486666666666667;28,61625;200
2023;8;5;22;343,40625;68681,25;4,051666666666667;28,19375;200
2023;8;5;23;286,515;57303,0;3,4082491582491583;27,58875;200
2023;8;6;0;258,91875;51783,75;3,116582491582492;26,805;200
2023;8;6;1;210,29625;42059,25;2,6443602693602695;26,13;200
2023;8;6;2;164,905;32981,0;2,1790598290598293;24,84;200
2023;8;6;3;135,7175;27143,5;1,917087542087542;22,66375;200
2023;8;6;4;118,47875;23695,75;1,7049663299663298;20,435;200
2023;8;6;5;111,7;22340,0;1,605218855218855;20,0;200
2023;8;6;6;140,285;28057,0;1,52580372250423;22,89125;200
2023;8;6;7;158,4002525252525;31363,25;1,9833333333333334;24,435606060606062;198
2023;8;6;8;166,5525;33310,5;1,946969696969697;25,47375;200
2023;8;6;9;191,61237373737373;37939,25;2,235969387755102;25,657828282828284;198
2023;8;6;10;242,03;48406,0;2,779040404040404;26,69625;200
2023;8;6;11;302,7525;60550,5;3,4225589225589226;27,295;200
2023;8;6;12;340,88625;68177,25;3,8207070707070705;27,5525;200
2023;8;6;13;360,585;72117,0;3,994949494949495;27,97;200
2023;8;6;14;358,345;71669,0;3,8261784511784516;27,9275;200
2023;8;6;15;311,7725;62354,5;3,525252525252525;27,6425;200
2023;8;6;16;278,7575;55751,5;3,1872895622895623;27,855;200
2023;8;6;17;298,79;59758,0;3,3038720538720536;27,8575;200
2023;8;6;18;331,19625;66239,25;3,7676767676767677;27,87875;200
2023;8;6;19;359,79875;71959,75;4,0256734006734005;28,01;200
2023;8;6;20;376,9175;75383,5;4,247474747474747;28,195;200
2023;8;6;21;381,74875;76349,75;4,396043771043771;28,3225;200
2023;8;6;22;349,61167512690355;68873,5;3,952991452991453;28,77030456852792;197
2023;8;6;23;282,43401015228426;55639,5;3,1354700854700854;28,088832487309645;197
2023;9;0;0;205,72361809045225;40939,0;2,5218855218855216;25,030150753768844;199
2023;9;0;1;102,17587939698493;20333,0;1,7654941373534336;20,56281407035176;199
2023;9;0;2;57,42336683417086;11427,25;1,2440476190476188;16,415829145728644;199
2023;9;0;3;41,455;8291,0;0,9363484087102178;11,99;200
2023;9;0;4;44,22375;8844,75;0,6649831649831649;13,17375;200
2023;9;0;5;71,25625;14251,25;0,9941077441077442;17,8025;200
2023;9;0;6;211,87875;42375,75;2,7248743718592965;24,255;200
2023;9;0;7;544,265;108853,0;7,209798994974874;27,01125;200
2023;9;0;8;770,70875;154141,75;11,69375;26,83625;200
2023;9;0;9;719,6875;143937,5;11,557083333333333;26,92875;200
2023;9;0;10;587,1972361809045;116852,25;8,185929648241206;28,32537688442211;199
2023;9;0;11;580,8655778894472;115592,25;7,698911222780569;28,07035175879397;199
2023;9;0;12;591,7939698492462;117767,0;7,519262981574539;28,334170854271356;199
2023;9;0;13;624,6125;124922,5;8,04;28,5175;200
2023;9;0;14;763,09125;152618,25;10,0575;28,455;200
2023;9;0;15;773,5725;154714,5;10,12;28,28375;200
2023;9;0;16;657,61875;131523,75;8,49;28,5975;200
2023;9;0;17;701,61625;140323,25;9,0575;28,495;200
2023;9;0;18;753,99875;150799,75;10,965;27,93375;200
2023;9;0;19;744,9775;148995,5;10,81125;27,415;200
2023;9;0;20;656,3075;131261,5;7,89125;28,70875;200
2023;9;0;21;543,63625;108727,25;6,318333333333333;29,045;200
2023;9;0;22;371,62125;74324,25;4,500416666666667;29,07125;200
2023;9;0;23;250,52875;50105,75;3,1045833333333333;26,89125;200
2023;9;1;0;161,59375;32318,75;2,2206867671691795;22,61125;200
2023;9;1;1;90,66125;18132,25;1,837962962962963;18,00875;200
2023;9;1;2;55,68875;11137,75;1,4154166666666665;12,75125;200
2023;9;1;3;45,555;9111,0;1,175;10,88125;200
2023;9;1;4;51,495;10299,0;1,0921273031825796;12,225;200
2023;9;1;5;73,545;14709,0;1,2271573604060915;16,53125;200
2023;9;1;6;221,12125;44224,25;2,8556397306397305;24,715;200
2023;9;1;7;581,4;116280,0;7,68;28,29625;200
2023;9;1;8;792,94875;158589,75;12,199583333333333;26,89625;200
2023;9;1;9;722,49375;144498,75;12,7;26,45;200
2023;9;1;10;629,50125;125900,25;9,58625;27,3425;200
2023;9;1;11;597,51375;119502,75;7,719166666666666;28,4225;200
2023;9;1;12;633,92875;126785,75;8,34;28,59125;200
2023;9;1;13;662,0917085427136;131756,25;8,257537688442211;28,930904522613066;199
2023;9;1;14;802,87125;160574,25;10,59375;28,57625;200
2023;9;1;15;794,3875;158877,5;10,56875;28,19625;200
2023;9;1;16;689,43125;137886,25;8,8625;28,59875;200
2023;9;1;17;723,30875;144661,75;9,9625;28,61;200
2023;9;1;18;783,3775;156675,5;12,05125;27,65;200
2023;9;1;19;773,2175;154643,5;11,3025;27,69875;200
2023;9;1;20;704,1425;140828,5;9,03375;28,64;200
2023;9;1;21;573,6875;114737,5;6,6425;29,03;200
2023;9;1;22;387,8894472361809;77190,0;4,567001675041876;29,188442211055275;199
2023;9;1;23;274,6313131313131;54377,0;3,3925549915397633;27,7979797979798;198
2023;9;2;0;186,61868686868686;36950,5;2,2205387205387206;23,428030303030305;198
2023;9;2;1;92,21464646464646;18258,5;1,542517006802721;17,517676767676768;198
2023;9;2;2;52,9786432160804;10542,75;1,3034511784511784;13,938442211055277;199
2023;9;2;3;43,04145728643216;8565,25;1,0511844331641287;11,981155778894472;199
2023;9;2;4;40,68125;8136,25;0,7436868686868687;11,58;200
2023;9;2;5;65,29625;13059,25;1,0593434343434343;15,665;200
2023;9;2;6;219,989898989899;43558,0;2,602693602693603;25,789141414141415;198
2023;9;2;7;575,00125;115000,25;7,495416666666666;28,40125;200
2023;9;2;8;796,70375;159340,75;12,675416666666667;26,925;200
2023;9;2;9;748,71125;149742,25;13,58875;26,17375;200
2023;9;2;10;635,5690954773869;126478,25;9,225711892797321;27,3856783919598;199
2023;9;2;11;597,0904522613065;118821,0;7,654941373534338;28,690954773869347;199
2023;9;2;12;632,97;126594,0;8,16375;28,395;200
2023;9;2;13;678,04;135608,0;8,83125;28,555;200
2023;9;2;14;802,1875;160437,5;11,13625;28,4925;200
2023;9;2;15;800,97;160194,0;11,5875;28,08625;200
2023;9;2;16;710,71875;142143,75;9,80875;28,035;200
2023;9;2;17;745,175;149035,0;9,88875;28,3075;200
2023;9;2;18;805,13125;161026,25;12,04625;27,53;200
2023;9;2;19;783,01875;156603,75;11,5825;27,6;200
2023;9;2;20;719,47625;143895,25;9,39375;28,5075;200
2023;9;2;21;615,87625;123175,25;7,567916666666666;28,69375;200
2023;9;2;22;418,4070351758794;83263,0;4,871859296482412;29,168341708542712;199
2023;9;2;23;304,82070707070704;60354,5;3,52946127946128;28,141414141414142;198
2023;9;3;0;219,91836734693877;43104,0;2,670940170940171;24,520408163265305;196
2023;9;3;1;115,5580808080808;22880,5;1,7131979695431472;19,96590909090909;198
2023;9;3;2;68,1540404040404;13494,5;1,2846869712351947;16,29040404040404;198
2023;9;3;3;51,35732323232323;10168,75;1,151936026936027;13,502525252525253;198
2023;9;3;4;49,00883838383838;9703,75;0,9256410256410257;14,380050505050505;198
2023;9;3;5;75,31155778894473;14987,0;1,058798646362098;17,75;199
2023;9;3;6;223,8525;44770,5;2,737083333333333;26,3125;200
2023;9;3;7;566,94125;113388,25;7,048333333333334;28,715;200
2023;9;3;8;788,6017587939698;156931,75;12,368927973199328;27,473618090452263;199
2023;9;3;9;744,965;148993,0;12,782916666666667;26,64875;200
2023;9;3;10;616,99375;123398,75;8,793333333333333;27,78625;200
2023;9;3;11;610,4775;122095,5;7,83625;28,65875;200
2023;9;3;12;641,8525;128370,5;8,305;28,59625;200
2023;9;3;13;684,50625;136901,25;9,043333333333333;28,66625;200
2023;9;3;14;813,785;162757,0;10,788333333333332;28,6775;200
2023;9;3;15;815,2575;163051,5;10,77375;28,105;200
2023;9;3;16;713,715;142743,0;9,4525;28,455;200
2023;9;3;17;758,27125;151654,25;10,235;28,3675;200
2023;9;3;18;799,02375;159804,75;11,638333333333332;27,62;200
2023;9;3;19;802,30375;160460,75;11,53;27,69375;200
2023;9;3;20;735,9875;147197,5;10,144583333333333;28,3675;200
2023;9;3;21;614,71875;122943,75;7,4;28,80875;200
2023;9;3;22;429,3325;85866,5;5,034166666666667;29,0975;200
2023;9;3;23;328,53768844221105;65379,0;4,09463986599665;28,365577889447238;199
2023;9;4;0;267,8574297188755;66696,5;3,5124831309041835;25,570281124497992;249
2023;9;4;1;181,58232931726909;45214,0;2,427800269905533;23,231927710843372;249
2023;9;4;2;127,124;31781,0;1,8296221322537112;20,115;250
2023;9;4;3;106,383;26595,75;1,4838709677419355;17,971;250
2023;9;4;4;100,604;25151,0;1,2921727395411606;17,311;250
2023;9;4;5;121,034;30258,5;1,5073924731182795;20,915;250
2023;9;4;6;245,037;61259,25;2,869918699186992;26,521;250
2023;9;4;7;500,365;125091,25;6,042338709677419;28,39;250
2023;9;4;8;680,022;170005,5;10,190524193548388;27,871;250
2023;9;4;9;641,008;160252,0;9,798051075268816;27,744;250
2023;9;4;10;564,3574297188756;140525,0;7,75978407557355;28,170682730923694;249
2023;9;4;11;574,6967871485944;143099,5;7,473346828609987;28,436746987951807;249
2023;9;4;12;622,6612903225806;154420,0;8,091061827956988;28,621975806451612;248
2023;9;4;13;697,2158634538152;173606,75;9,60441767068273;28,70983935742972;249
2023;9;4;14;841,545;210386,25;13,103;28,074;250
2023;9;4;15;852,17;213042,5;14,456666666666665;26,886;250
2023;9;4;16;721,887;180471,75;9,818;28,07;250
2023;9;4;17;717,592;179398,0;9,43;28,591;250
2023;9;4;18;722,988;180747,0;10,559;27,691;250
2023;9;4;19;695,475;173868,75;9,715;27,981;250
2023;9;4;20;692,592;173148,0;9,273;28,222;250
2023;9;4;21;622,324;155581,0;7,636;28,4;250
2023;9;4;22;461,993;115498,25;5,575;28,598;250
2023;9;4;23;353,911;88477,75;4,270333333333333;27,995;250
2023;9;5;0;322,073;80518,25;3,664;27,429;250
2023;9;5;1;255,609;63902,25;3,284;26,335;250
2023;9;5;2;184,756;46189,0;2,489290495314592;25,183;250
2023;9;5;3;138,898;34724,5;2,0230352303523036;22,8;250
2023;9;5;4;115,98;28995,0;1,7261424731182795;21,148;250
2023;9;5;5;112,084;28021,0;1,67904953145917;21,338;250
2023;9;5;6;154,817;38704,25;2,0692204301075265;24,513;250
2023;9;5;7;191,084;47771,0;2,3316599732262384;25,786;250
2023;9;5;8;240,636;60159,0;2,7751004016064256;26,884;250
2023;9;5;9;342,6182572614108;82571,0;3,914246196403873;29,46887966804979;241
2023;9;5;10;434,641;108660,25;4,978666666666667;28,827;250
2023;9;5;11;511,176;127794,0;5,8053333333333335;28,531;250
2023;9;5;12;589,037;147259,25;7,194;28,352;250
2023;9;5;13;634,502;158625,5;7,675;28,312;250
2023;9;5;14;660,364;165091,0;7,866;28,649;250
2023;9;5;15;482,497;120624,25;5,355;29,299;250
2023;9;5;16;414,052;103513,0;4,689666666666667;29,019;250
2023;9;5;17;482,309;120577,25;5,578333333333333;28,747;250
2023;9;5;18;545,071;136267,75;6,424666666666667;28,612;250
2023;9;5;19;578,944;144736,0;7,233333333333333;28,391;250
2023;9;5;20;579,878;144969,5;7,248333333333333;28,079;250
2023;9;5;21;561,636;140409,0;7,184;27,927;250
2023;9;5;22;454,662;113665,5;5,748333333333333;28,19;250
2023;9;5;23;375,462;93865,5;4,573666666666667;28,194;250
2023;9;6;0;340,3025;68060,5;3,970416666666667;27,5825;200
2023;9;6;1;277,7025;55540,5;3,462083333333333;27,36125;200
2023;9;6;2;196,38065326633165;39079,75;2,5536013400335005;25,981155778894472;199
2023;9;6;3;150,96125;30192,25;2,1245833333333333;24,06375;200
2023;9;6;4;124,72125;24944,25;2,0303030303030303;21,6225;200
2023;9;6;5;113,2125;22642,5;1,770938023450586;21,27375;200
2023;9;6;6;149,38065326633165;29726,75;1,856175972927242;25,615577889447238;199
2023;9;6;7;164,09390862944161;32326,5;2,0309278350515463;25,81218274111675;197
2023;9;6;8;169,31218274111674;33354,5;1,967005076142132;25,13705583756345;197
2023;9;6;9;213,91708542713567;42569,5;2,5196817420435513;26,31281407035176;199
2023;9;6;10;303,1645728643216;60329,75;3,2952261306532664;27,974874371859297;199
2023;9;6;11;425,05904522613065;84586,75;4,899916247906198;28,337939698492463;199
2023;9;6;12;500,365;100073,0;5,927083333333334;28,1375;200
2023;9;6;13;577,7475;115549,5;6,840833333333333;28,335;200
2023;9;6;14;589,97875;117995,75;7,108333333333333;28,365;200
2023;9;6;15;456,8175;91363,5;5,479166666666666;28,62125;200
2023;9;6;16;396,2650753768844;78856,75;4,642378559463987;28,468592964824122;199
2023;9;6;17;466,1859296482412;92771,0;5,305276381909548;28,482412060301506;199
2023;9;6;18;514,9608585858585;101962,25;6,445707070707071;28,571969696969695;198
2023;9;6;19;518,1482412060302;103111,5;6,243718592964824;28,66457286432161;199
2023;9;6;20;530,8442211055276;105638,0;6,516331658291457;28,741206030150753;199
2023;9;6;21;476,3994974874372;94803,5;5,755443886097152;28,633165829145728;199
2023;9;6;22;350,9675;70193,5;4,17375;28,47125;200
2023;9;6;23;279,4472361809045;55610,0;3,369765494137354;27,57537688442211;199
2023;10;0;0;334,919;83729,75;4,009;25,919;250
2023;10;0;1;258,452;64613,0;3,3456666666666663;22,258;250
2023;10;0;2;227,376;56844,0;2,9873333333333334;19,106;250
2023;10;0;3;218,466;54616,5;2,8653333333333335;18,192;250
2023;10;0;4;217,358;54339,5;2,782797858099063;18,663;250
2023;10;0;5;237,609;59402,25;2,8696666666666664;21,213;250
2023;10;0;6;354,901;88725,25;4,257333333333333;26,668;250
2023;10;0;7;622,13;155532,5;8,123666666666667;28,523;250
2023;10;0;8;791,593;197898,25;12,778333333333334;27,157;250
2023;10;0;9;754,471;188617,75;12,296;27,667;250
2023;10;0;10;661,709;165427,25;8,885666666666665;28,285;250
2023;10;0;11;646,205;161551,25;8,488955823293173;28,41;250
2023;10;0;12;669,733;167433,25;9,033132530120483;28,566;250
2023;10;0;13;685,066;171266,5;9,380522088353414;28,499;250
2023;10;0;14;770,15;192537,5;10,037666666666667;28,563;250
2023;10;0;15;777,859;194464,75;9,974;28,576;250
2023;10;0;16;701,645;175411,25;9,421;28,71;250
2023;10;0;17;753,23;188307,5;10,368;28,408;250
2023;10;0;18;803,69;200922,5;11,775;27,697;250
2023;10;0;19;793,805;198451,25;11,578;27,768;250
2023;10;0;20;701,179;175294,75;8,875;28,548;250
2023;10;0;21;575,16;143790,0;6,824333333333333;28,945;250
2023;10;0;22;423,015;105753,75;4,971666666666667;29,004;250
2023;10;0;23;306,046;76511,5;3,675;27,831;250
2023;10;1;0;225,45481927710844;56138,25;2,8807123655913975;23,78614457831325;249
2023;10;1;1;163,86044176706827;40801,25;2,2935222672064777;19,035140562248998;249
2023;10;1;2;135,43574297188755;33723,5;1,9875672043010753;15,613453815261044;249
2023;10;1;3;125,236;31309,0;1,763;14,135;250
2023;10;1;4;127,852;31963,0;1,709851551956815;14,629;250
2023;10;1;5;151,954;37988,5;1,7323333333333333;18,567;250
2023;10;1;6;286,7740963855422;71406,75;3,296034946236559;26,05421686746988;249
2023;10;1;7;607,2068273092369;151194,5;8,048192771084338;28,38855421686747;249
2023;10;1;8;802,578;200644,5;12,62;26,375;250
2023;10;1;9;746,557;186639,25;13,811333333333334;26,453;250
2023;10;1;10;659,888;164972,0;9,951333333333334;27,098;250
2023;10;1;11;639,5;159875,0;8,425333333333334;27,84;250
2023;10;1;12;657,794;164448,5;8,884666666666666;28,533;250
2023;10;1;13;696,662;174165,5;9,243;28,733;250
2023;10;1;14;789,958;197489,5;10,157;28,643;250
2023;10;1;15;788,184;197046,0;10,291;28,427;250
2023;10;1;16;726,472;181618,0;9,789;28,517;250
2023;10;1;17;766,396;191599,0;11,216666666666667;28,1;250
2023;10;1;18;805,652;201413,0;12,484666666666666;27,588;250
2023;10;1;19;786,333;196583,25;12,571666666666665;27,439;250
2023;10;1;20;752,892;188223,0;10,104666666666667;28,139;250
2023;10;1;21;625,976;156494,0;7,894;28,502;250
2023;10;1;22;458,454;114613,5;5,341333333333333;28,824;250
2023;10;1;23;355,0261044176707;88401,5;4,30087014725569;28,65963855421687;249
2023;10;2;0;284,19692737430165;50871,25;3,42877094972067;26,998603351955307;179
2023;10;2;1;198,34924623115577;39471,5;2,659966499162479;20,055276381909547;199
2023;10;2;2;161,59375;32318,75;2,4087102177554436;17,78625;200
2023;10;2;3;150,6525;30130,5;2,2204166666666665;15,33375;200
2023;10;2;4;150,65125;30130,25;1,9438860971524288;15,985;200
2023;10;2;5;172,44543147208122;33971,75;1,9226495726495727;19,140862944162436;197
2023;10;2;6;300,5558375634518;59209,5;3,2918781725888326;26,4746192893401;197
2023;10;2;7;619,1916243654822;121980,75;7,698815566835872;29,130710659898476;197
2023;10;2;8;800,09375;160018,75;12,560833333333333;26,58875;200
2023;10;2;9;770,274111675127;151744,0;14,340947546531302;26,90228426395939;197
2023;10;2;10;655,3477157360406;129103,5;9,893824027072757;27,79695431472081;197
2023;10;2;11;650,3464467005076;128118,25;8,601522842639595;28,8248730964467;197
2023;10;2;12;668,8266331658291;133096,5;8,992462311557789;28,722361809045225;199
2023;10;2;13;706,5;139180,5;9,598984771573605;28,967005076142133;197
2023;10;2;14;797,2155612244898;156254,25;10,681122448979592;29,207908163265305;196
2023;10;2;15;796,6475;159329,5;10,24;28,40125;200
2023;10;2;16;740,14125;148028,25;9,6575;28,48125;200
2023;10;2;17;776,85875;155371,75;11,22625;28,355;200
2023;10;2;18;812,065;162413,0;13,021666666666668;27,66875;200
2023;10;2;19;796,56375;159312,75;11,705;27,8175;200
2023;10;2;20;743,75625;148751,25;10,511666666666667;28,19125;200
2023;10;2;21;663,678391959799;132072,0;8,336683417085426;28,518844221105528;199
2023;10;2;22;534,38625;106877,25;6,2825;28,72;200
2023;10;2;23;454,235;90847,0;5,445;27,955;200
2023;10;3;0;391,6825;78336,5;4,6691666666666665;25,39875;200
2023;10;3;1;323,30625;64661,25;4,029166666666667;23,33875;200
2023;10;3;2;290,35625;58071,25;3,62;21,99625;200
2023;10;3;3;273,10625;54621,25;3,549413735343384;20,31125;200
2023;10;3;4;271,5575;54311,5;3,3945833333333333;20,145;200
2023;10;3;5;286,145;57229,0;3,36125;22,4125;200
2023;10;3;6;379,0325;75806,5;4,454166666666667;26,93375;200
2023;10;3;7;592,1155778894472;117831,0;7,5;28,1356783919598;199
2023;10;3;8;726,0075;145201,5;11,397083333333333;27,17125;200
2023;10;3;9;727,6017587939698;144792,75;12,192211055276381;27,37437185929648;199
2023;10;3;10;654,9798994974874;130341,0;9,961474036850921;27,85427135678392;199
2023;10;3;11;652,06;130412,0;8,82375;28,2775;200
2023;10;3;12;664,1821608040201;132172,25;9,191792294807371;28,35678391959799;199
2023;10;3;13;698,1645728643216;138934,75;9,649916247906198;28,49497487437186;199
2023;10;3;14;759,46125;151892,25;10,37625;28,22;200
2023;10;3;15;746,38625;149277,25;10,09625;28,24625;200
2023;10;3;16;703,11375;140622,75;9,265;28,32625;200
2023;10;3;17;735,085;147017,0;10,04;28,135;200
2023;10;3;18;752,7325;150546,5;11,47375;27,5775;200
2023;10;3;19;754,04875;150809,75;11,2575;27,425;200
2023;10;3;20;741,37125;148274,25;10,13125;27,8725;200
2023;10;3;21;648,86;129772,0;8,1525;28,3825;200
2023;10;3;22;530,115;106023,0;6,193333333333333;28,77125;200
2023;10;3;23;459,46875;91893,75;5,532916666666666;27,95125;200
2023;10;4;0;403,9775;80795,5;4,753333333333333;25,69625;200
2023;10;4;1;335,18625;67037,25;4,269166666666667;24,18125;200
2023;10;4;2;294,54;58908,0;3,884583333333333;22,01375;200
2023;10;4;3;278,24;55648,0;3,4941373534338362;21,5225;200
2023;10;4;4;274,69375;54938,75;3,4829166666666667;21,575;200
2023;10;4;5;292,1997487437186;58147,75;3,6118090452261304;23,09673366834171;199
2023;10;4;6;381,05904522613065;75830,75;4,75462962962963;27,275125628140703;199
2023;10;4;7;597,87;119574,0;7,35875;28,36625;200
2023;10;4;8;757,1725;151434,5;10,21875;28,295;200
2023;10;4;9;725,37875;145075,75;9,75625;28,575;200
2023;10;4;10;658,6457286432161;131070,5;8,71566164154104;28,608040201005025;199
2023;10;4;11;666,213567839196;132576,5;8,655778894472363;28,57286432160804;199
2023;10;4;12;683,4045226130653;135997,5;8,837939698492463;28,383165829145728;199
2023;10;4;13;730,785;146157,0;9,622083333333334;28,4475;200
2023;10;4;14;817,8075;163561,5;12,0075;27,93375;200
2023;10;4;15;822,28375;164456,75;12,77;27,62125;200
2023;10;4;16;740,325;148065,0;10,905;27,9875;200
2023;10;4;17;756,52125;151304,25;11,2175;28,3525;200
2023;10;4;18;754,0125;150802,5;11,2825;27,47375;200
2023;10;4;19;745,60125;149120,25;10,8025;28,07125;200
2023;10;4;20;738,4875;147697,5;10,74;27,82625;200
2023;10;4;21;697,5725;139514,5;9,5575;27,90625;200
2023;10;4;22;571,26;114252,0;7,3445833333333335;28,595;200
2023;10;4;23;492,48625;98497,25;5,894583333333333;28,7325;200
2023;10;5;0;471,5475;94309,5;5,737916666666666;28,10375;200
2023;10;5;1;429,8475;85969,5;5,2058333333333335;27,8575;200
2023;10;5;2;374,41375;74882,75;4,7378559463986605;26,83375;200
2023;10;5;3;334,6475;66929,5;4,340033500837521;26,035;200
2023;10;5;4;316,5025;63300,5;4,07;24,51875;200
2023;10;5;5;315,58;63116,0;3,9379166666666667;25,05875;200
2023;10;5;6;342,75502512562815;68208,25;4,232412060301508;26,40954773869347;199
2023;10;5;7;364,4007537688442;72515,75;4,419179229480737;27,467336683417084;199
2023;10;5;8;405,1575;81031,5;4,707083333333333;28,01625;200
2023;10;5;9;481,5125;96302,5;5,645416666666666;28,27;200
2023;10;5;10;561,0925;112218,5;6,6575;28,35;200
2023;10;5;11;633,9625;126792,5;7,64625;28,3725;200
2023;10;5;12;685,49125;137098,25;8,53375;28,3;200
2023;10;5;13;711,98625;142397,25;8,965833333333334;28,20625;200
2023;10;5;14;737,21375;147442,75;9,3175;28,1575;200
2023;10;5;15;612,055;122411,0;7,18375;28,53;200
2023;10;5;16;534,9525;106990,5;6,315833333333334;28,705;200
2023;10;5;17;568,46875;113693,75;6,711666666666666;28,50625;200
2023;10;5;18;623,97125;124794,25;7,760833333333334;28,23375;200
2023;10;5;19;673,5;134700,0;9,022916666666667;27,815;200
2023;10;5;20;676,66625;135333,25;9,3025;27,27;200
2023;10;5;21;638,24125;127648,25;8,375;27,68875;200
2023;10;5;22;567,39125;113478,25;7,172916666666667;28,33125;200
2023;10;5;23;513,93875;102787,75;6,3125;28,1125;200
2023;10;6;0;480,45;120112,5;5,836666666666667;27,866;250
2023;10;6;1;425,371;106342,75;5,387;27,748;250
2023;10;6;2;352,326;88081,5;4,622;27,023;250
2023;10;6;3;312,446;78111,5;4,232931726907631;26,085;250
2023;10;6;4;285,908;71477,0;3,7826666666666666;25,679;250
2023;10;6;5;277,52;69380,0;3,5326666666666666;24,722;250
2023;10;6;6;300,67469879518075;74868,0;3,6984605087014724;26,063253012048193;249
2023;10;6;7;309,3504016064257;77028,25;3,664993306559572;27,05823293172691;249
2023;10;6;8;321,747;80436,75;3,8156666666666665;26,633;250
2023;10;6;9;369,923;92480,75;4,5713333333333335;27,699;250
2023;10;6;10;451,095;112773,75;5,234;27,85;250
2023;10;6;11;551,299;137824,75;6,525;28,415;250
2023;10;6;12;615,2;153800,0;7,463666666666667;28,298;250
2023;10;6;13;672,125;168031,25;8,327333333333334;28,299;250
2023;10;6;14;683,283;170820,75;8,444666666666667;28,407;250
2023;10;6;15;572,473;143118,25;6,9286666666666665;28,708;250
2023;10;6;16;518,771;129692,75;6,138;28,548;250
2023;10;6;17;593,542;148385,5;7,037666666666667;28,539;250
2023;10;6;18;632,529;158132,25;7,778333333333333;28,266;250
2023;10;6;19;643,74;160935,0;8,205666666666666;28,108;250
2023;10;6;20;632,693;158173,25;8,6;28,05;250
2023;10;6;21;582,895;145723,75;7,234666666666667;28,361;250
2023;10;6;22;479,776;119944,0;5,689666666666667;28,673;250
2023;10;6;23;408,32;102080,0;4,829986613119144;28,171;250
2023;11;0;0;263,6505102040816;51675,5;3,028359511343804;26,881377551020407;196
2023;11;0;1;192,46827411167513;37916,25;2,462673611111111;24,20431472081218;197
2023;11;0;2;169,9784263959391;33485,75;2,2417534722222223;22,106598984771573;197
2023;11;0;3;161,09137055837564;31735,0;1,9348958333333333;20,44796954314721;197
2023;11;0;4;158,96446700507613;31316,0;1,7139756944444444;20,939086294416242;197
2023;11;0;5;172,73984771573603;34029,75;1,8913612565445026;22,648477157360407;197
2023;11;0;6;282,96319796954316;55743,75;3,236111111111111;26,84771573604061;197
2023;11;0;7;534,5913705583756;105314,5;7,240885416666667;28,304568527918782;197
2023;11;0;8;682,5951776649746;134471,25;10,706163194444445;27,869289340101524;197
2023;11;0;9;657,4073604060914;129509,25;10,407552083333334;28,303299492385786;197
2023;11;0;10;555,244923857868;109383,25;7,759982638888889;28,550761421319798;197
2023;11;0;11;547,0076142131979;107760,5;7,221354166666667;28,7246192893401;197
2023;11;0;12;569,516581632653;111625,25;7,531849912739965;28,817602040816325;196
2023;11;0;13;594,0076530612245;116425,5;8,046247818499127;28,725765306122447;196
2023;11;0;14;673,952806122449;132094,75;9,014397905759163;28,76530612244898;196
2023;11;0;15;663,8125;130107,25;8,794502617801047;28,788265306122447;196
2023;11;0;16;624,2755102040817;122358,0;8,151832460732985;28,614795918367346;196
2023;11;0;17;659,9132653061224;129343,0;9,575916230366492;28,292091836734695;196
2023;11;0;18;681,2525510204082;133525,5;10,115183246073299;28,056122448979593;196
2023;11;0;19;665,9604591836735;130528,25;9,510471204188482;28,232142857142858;196
2023;11;0;20;596,8813775510204;116988,75;7,25261780104712;28,665816326530614;196
2023;11;0;21;496,1301020408163;97241,5;5,945026178010472;28,996173469387756;196
2023;11;0;22;380,5650510204082;74590,75;4,680628272251309;28,345663265306122;196
2023;11;0;23;296,11340206185565;57446,0;3,7830687830687832;27,912371134020617;194
2023;11;1;0;237,43814432989691;46063,0;3,240740740740741;25,95360824742268;194
2023;11;1;1;178,11082474226805;34553,5;2,539450354609929;23,521907216494846;194
2023;11;1;2;154,73589743589744;30173,5;2,0008771929824563;20,837179487179487;195
2023;11;1;3;147,25384615384615;28714,5;1,7942982456140353;19,35;195
2023;11;1;4;148,23717948717947;28906,25;1,6785714285714286;19,81282051282051;195
2023;11;1;5;166,84566326530611;32701,75;1,7286212914485166;22,635204081632654;196
2023;11;1;6;275,23724489795916;53946,5;3,2914485165794063;27,503826530612244;196
2023;11;1;7;534,829081632653;104826,5;6,968586387434555;28,5;196
2023;11;1;8;685,1836734693877;134296,0;11,002181500872599;27,526785714285715;196
2023;11;1;9;744,516581632653;145925,25;12,242772108843539;27,503826530612244;196
2023;11;1;10;646,1134020618557;125346,0;9,848367697594501;28,114690721649485;194
2023;11;1;11;613,6211340206186;119042,5;8,067439862542955;29,887886597938145;194
2023;11;1;12;632,2923076923076;123297,0;8,237179487179487;29,607692307692307;195
2023;11;1;13;667,6141025641026;130184,75;8,696581196581196;29,497435897435896;195
2023;11;1;14;763,9234693877551;149729,0;9,894132653061224;29,511479591836736;196
2023;11;1;15;765,8022959183673;150097,25;10,17219387755102;29,320153061224488;196
2023;11;1;16;693,8367346938776;135992,0;9,006377551020408;29,466836734693878;196
2023;11;1;17;748,641581632653;146733,75;10,487244897959183;28,841836734693878;196
2023;11;1;18;783,9387755102041;153652,0;12,201530612244898;28,224489795918366;196
2023;11;1;19;782,218112244898;153314,75;12,107142857142858;28,042091836734695;196
2023;11;1;20;701,7219387755102;137537,5;9,181122448979592;29,0765306122449;196
2023;11;1;21;579,7780612244898;113636,5;7,036564625850341;29,846938775510203;196
2023;11;1;22;421,3061224489796;82576,0;4,684948979591836;29,956632653061224;196
2023;11;1;23;338,10076530612247;66267,75;4,069727891156463;29,053571428571427;196
2023;11;2;0;273,5294715447154;67288,25;3,4;26,489837398373982;246
2023;11;2;1;184,9339430894309;45493,75;2,3755102040816327;22,758130081300813;246
2023;11;2;2;148,52134146341464;36536,25;1,9258130081300813;19,722560975609756;246
2023;11;2;3;130,96951219512195;32218,5;1,7384823848238484;17,788617886178862;246
2023;11;2;4;127,58943089430895;31387,0;1,5619918699186992;16,828252032520325;246
2023;11;2;5;141,2022357723577;34735,75;1,6122448979591837;20,201219512195124;246
2023;11;2;6;253,09146341463415;62260,5;2,9989795918367346;26,297764227642276;246
2023;11;2;7;515,1788617886178;126734,0;6,698509485094851;28,3119918699187;246
2023;11;2;8;644,8455284552846;158632,0;9,802168021680217;27,20731707317073;246
2023;11;2;9;646,9247967479674;159143,5;10,515243902439025;27,860772357723576;246
2023;11;2;10;579,280487804878;142503,0;8,195121951219512;28,841463414634145;246
2023;11;2;11;591,3485772357724;145471,75;7,571815718157182;29,0630081300813;246
2023;11;2;12;618,5;152151,0;8,176151761517614;29,244918699186993;246
2023;11;2;13;672,189024390244;165358,5;9,1659891598916;29,323170731707318;246
2023;11;2;14;741,8475609756098;182494,5;9,591802168021681;29,340447154471544;246
2023;11;2;15;708,2286585365854;174224,25;8,797764227642276;29,43089430894309;246
2023;11;2;16;655,420731707317;161233,5;8,250677506775068;29,353658536585368;246
2023;11;2;17;704,1565040650406;173222,5;9,507791327913278;29,004065040650406;246
2023;11;2;18;745,5162601626016;183397,0;11,358739837398375;28,017276422764226;246
2023;11;2;19;723,75;177318,75;11,056122448979592;27,976530612244897;245
2023;11;2;20;672,437242798354;163402,25;8,859053497942387;29,04320987654321;243
2023;11;2;21;558,7591463414634;137454,75;6,408536585365853;29,63109756097561;246
2023;11;2;22;413,5315040650407;101728,75;4,631436314363143;29,677845528455286;246
2023;11;2;23;343,7164634146341;84554,25;4,128231292517007;28,857723577235774;246
2023;11;3;0;272,530487804878;67042,5;3,1256775067750677;25,66260162601626;246
2023;11;3;1;183,84146341463415;45225,0;2,323809523809524;23,071138211382113;246
2023;11;3;2;135,89532520325204;33430,25;1,8595238095238094;19,184959349593495;246
2023;11;3;3;120,5640243902439;29658,75;1,703017832647462;17,678861788617887;246
2023;11;3;4;116,21341463414635;28588,5;1,4139455782312926;17,056910569105693;246
2023;11;3;5;135,08943089430895;33232,0;1,575880758807588;19,73780487804878;246
2023;11;3;6;251,9461382113821;61978,75;2,9813685636856366;26,849593495934958;246
2023;11;3;7;521,7672764227642;128354,75;6,587398373983739;28,82520325203252;246
2023;11;3;8;666,2621951219512;163900,5;9,835704607046072;28,08130081300813;246
2023;11;3;9;645,2316326530612;158081,75;10,320408163265306;27,777551020408165;245
2023;11;3;10;579,180894308943;142478,5;7,919715447154472;28,735772357723576;246
2023;11;3;11;585,2235772357724;143965,0;7,303523035230352;29,213414634146343;246
2023;11;3;12;623,5389344262295;152143,5;7,765368852459017;29,498975409836067;244
2023;11;3;13;656,3204081632653;160798,5;8,196598639455782;29,473469387755102;245
2023;11;3;14;717,3617886178862;176471,0;9,536246612466124;29,503048780487806;246
2023;11;3;15;702,7743902439024;172882,5;9,472560975609756;29,0640243902439;246
2023;11;3;16;654,765368852459;159762,75;8,56045081967213;29,25409836065574;244
2023;11;3;17;697,1608606557377;170107,25;9,767418032786885;29,110655737704917;244
2023;11;3;18;737,3811475409836;179921,0;11,674180327868852;28,903688524590162;244
2023;11;3;19;721,5420081967213;176056,25;11,273565573770492;28,42622950819672;244
2023;11;3;20;654,6280737704918;159729,25;8,801229508196721;29,15676229508197;244
2023;11;3;21;562,364837398374;138341,75;6,6287262872628725;29,617886178861788;246
2023;11;3;22;423,3673469387755;103725,0;4,747619047619048;29,712244897959184;245
2023;11;3;23;342,0193089430894;84136,75;4,197831978319783;28,753048780487806;246
2023;11;4;0;232,12944162436548;45729,5;3,1941624365482233;24,758883248730964;197
2023;11;4;1;139,11802030456852;27406,25;1,874788494077834;20,634517766497463;197
2023;11;4;2;83,01395939086295;16353,75;1,4409013605442178;16,803299492385786;197
2023;11;4;3;63,57142857142857;12460,0;1,1666666666666665;14,446428571428571;196
2023;11;4;4;59,473214285714285;11656,75;1,1904761904761905;14,848214285714286;196
2023;11;4;5;81,42219387755102;15958,75;1,2362542955326459;18,075255102040817;196
2023;11;4;6;219,38520408163265;42999,5;2,9585470085470083;26,649234693877553;196
2023;11;4;7;552,6466836734694;108318,75;7,085470085470086;29,28061224489796;196
2023;11;4;8;741,155612244898;145266,5;9,695578231292517;30,1390306122449;196
2023;11;4;9;690,8711734693877;135410,75;9,607142857142858;29,801020408163264;196
2023;11;4;10;608,905612244898;119345,5;8,533163265306122;29,831632653061224;196
2023;11;4;11;630,0333333333333;122856,5;8,243589743589743;29,637179487179488;195
2023;11;4;12;666,4974358974359;129967,0;9,271794871794873;29,735897435897435;195
2023;11;4;13;730,6357868020305;143935,25;9,930203045685278;29,413705583756347;197
2023;11;4;14;839,6802030456853;165417,0;12,138324873096447;28,766497461928935;197
2023;11;4;15;845,4340101522843;166550,5;13,491116751269036;27,8248730964467;197
2023;11;4;16;753,3223350253808;148404,5;10,879441624365482;28,289340101522843;197
2023;11;4;17;766,8502538071066;151069,5;11,224619289340101;28,908629441624367;197
2023;11;4;18;772,9149746192893;152264,25;11,884517766497462;28,395939086294415;197
2023;11;4;19;739,4631979695431;145674,25;11,777918781725889;27,32741116751269;197
2023;11;4;20;710,6065989847716;139989,5;10,847292724196278;27,65228426395939;197
2023;11;4;21;638,8781725888325;125859,0;8,47969543147208;28,968274111675125;197
2023;11;4;22;476,6040609137056;93891,0;6,025380710659898;29,43020304568528;197
2023;11;4;23;385,8654822335025;76015,5;4,798223350253807;28,823604060913706;197
2023;11;5;0;364,13578680203045;71734,75;4,511421319796955;28,75507614213198;197
2023;11;5;1;313,63832487309645;61786,75;4,204737732656515;27,34010152284264;197
2023;11;5;2;246,16624365482232;48494,75;3,214467005076142;25,615482233502537;197
2023;11;5;3;205,6510152284264;40513,25;3,032571912013536;24,598984771573605;197
2023;11;5;4;187,33248730964468;36904,5;2,438775510204082;23,717005076142133;197
2023;11;5;5;185,81725888324874;36606,0;2,3456632653061225;23,272842639593907;197
2023;11;5;6;222,54719387755102;43619,25;2,8448129251700682;26,118622448979593;196
2023;11;5;7;253,23341836734693;49633,75;2,901709401709402;27,70280612244898;196
2023;11;5;8;302,81218274111677;59654,0;3,41015625;28,19796954314721;197
2023;11;5;9;384,3680203045685;75720,5;4,384982638888888;28,656091370558375;197
2023;11;5;10;471,8946700507614;92963,25;5,62109375;28,76015228426396;197
2023;11;5;11;533,0291878172588;105006,75;6,526041666666667;28,43274111675127;197
2023;11;5;12;578,6941624365483;114002,75;7,239583333333333;28,445431472081218;197
2023;11;5;13;610,6890862944163;120305,75;7,826822916666667;28,472081218274113;197
2023;11;5;14;615,2753807106599;121209,25;8,291666666666666;27,84771573604061;197
2023;11;5;15;503,25634517766497;99141,5;5,924479166666667;28,68781725888325;197
2023;11;5;16;434,1763959390863;85532,75;4,950086805555555;28,876903553299492;197
2023;11;5;17;493,7258883248731;97264,0;5,80078125;28,715736040609137;197
2023;11;5;18;558,9454314720812;110112,25;7,012586805555556;28,59263959390863;197
2023;11;5;19;574,6687817258884;113209,75;7,697916666666667;28,091370558375633;197
2023;11;5;20;560,9923857868021;110515,5;7,9140625;27,799492385786802;197
2023;11;5;21;505,5304568527919;99589,5;6,297743055555556;28,356598984771573;197
2023;11;5;22;434,1979695431472;85537,0;5,1796875;28,43020304568528;197
2023;11;5;23;384,8769035532995;75820,75;4,752170138888888;28,222081218274113;197
2023;11;6;0;390,9479695431472;77016,75;5,013020833333333;28,379441624365484;197
2023;11;6;1;330,84517766497464;65176,5;4,131944444444445;27,939086294416242;197
2023;11;6;2;271,8362944162437;53551,75;3,533595113438045;27,25;197
2023;11;6;3;237,09010152284264;46706,75;2,9483506944444446;26,205583756345177;197
2023;11;6;4;215,5697969543147;42467,25;2,805121527777778;25,508883248730964;197
2023;11;6;5;205,36548223350255;40457,0;2,5846354166666665;25,15228426395939;197
2023;11;6;6;226,8997461928934;44699,25;2,526475694444444;26,293147208121827;197
2023;11;6;7;238,76153846153846;46558,5;2,5379188712522045;27,247435897435896;195
2023;11;6;8;254,89030612244898;49958,5;2,8307155322862125;27,209183673469386;196
2023;11;6;9;309,8115384615385;60413,25;3,74780701754386;28,161538461538463;195
2023;11;6;10;397,59438775510205;77928,5;4,824607329842932;28,542091836734695;196
2023;11;6;11;483,95558375634516;95339,25;5,62109375;28,31218274111675;197
2023;11;6;12;528,3274111675127;104080,5;6,670572916666667;28,205583756345177;197
2023;11;6;13;572,9606598984772;112873,25;6,884982638888889;28,17766497461929;197
2023;11;6;14;596,4276649746192;117496,25;7,325520833333333;28,027918781725887;197
2023;11;6;15;479,1078680203046;94384,25;5,489583333333333;28,606598984771573;197
2023;11;6;16;443,4708121827411;87363,75;5,11328125;28,64720812182741;197
2023;11;6;17;518,3172588832488;102108,5;5,943142361111111;28,678934010152282;197
2023;11;6;18;558,8845177664974;110100,25;7,0625;28,380710659898476;197
2023;11;6;19;546,6916243654822;107698,25;6,984375;28,43274111675127;197
2023;11;6;20;514,9314720812183;101441,5;6,32421875;28,5253807106599;197
2023;11;6;21;462,2093908629442;91055,25;5,358940972222222;28,620558375634516;197
2023;11;6;22;375,1700507614213;73908,5;4,243055555555555;28,799492385786802;197
2023;11;6;23;315,6992385786802;62192,75;3,754340277777778;28,027918781725887;197
2023;12;0;0;409,1530612244898;80194,0;4,121173469387755;28,878826530612244;196
2023;12;0;1;405,6875;79514,75;4,2104591836734695;29,0;196
2023;12;0;2;363,6798469387755;71281,25;3,774234693877551;29,04719387755102;196
2023;12;0;3;316,83035714285717;62098,75;3,315051020408163;28,089285714285715;196
2023;12;0;4;294,5905612244898;57739,75;2,9417517006802725;27,309948979591837;196
2023;12;0;5;297,0833333333333;57931,25;2,957264957264957;26,391025641025642;195
2023;12;0;6;347,3397435897436;67731,25;3,669230769230769;27,651282051282053;195
2023;12;0;7;454,7897435897436;88684,0;5,491025641025641;28,434615384615384;195
2023;12;0;8;547,1578947368421;103960,0;7,448684210526316;28,53421052631579;190
2023;12;0;9;543,6075268817204;101111,0;7,497759856630824;28,724462365591396;186
2023;12;0;10;497,84893048128345;93097,75;6,662655971479501;29,21524064171123;187
2023;12;0;11;516,822192513369;96645,75;6,343582887700535;30,169786096256683;187
2023;12;0;12;549,1911764705883;102698,75;7,017825311942959;30,31149732620321;187
2023;12;0;13;608,9375;119351,75;7,465561224489796;29,028061224489797;196
2023;12;0;14;658,8826530612245;129141,0;8,343962585034014;29,182397959183675;196
2023;12;0;15;558,6632653061224;109498,0;6,94047619047619;29,137755102040817;196
2023;12;0;16;532,3686224489796;104344,25;6,4623931623931625;28,9234693877551;196
2023;12;0;17;591,8890306122449;116010,25;7,415391156462586;29,288265306122447;196
2023;12;0;18;644,3354591836735;126289,75;8,756377551020408;29,178571428571427;196
2023;12;0;19;657,7002551020408;128909,25;9,16156462585034;28,926020408163264;196
2023;12;0;20;621,3341836734694;121781,5;7,666666666666667;28,867346938775512;196
2023;12;0;21;546,1811224489796;107051,5;6,20280612244898;28,880102040816325;196
2023;12;0;22;459,4323979591837;90048,75;5,085034013605442;29,2984693877551;196
2023;12;0;23;395,76020408163265;77569,0;4,365811965811966;28,607142857142858;196
2023;12;1;0;351,859693877551;68964,5;3,5620748299319724;27,340561224489797;196
2023;12;1;1;307,2270408163265;60216,5;3,4591836734693877;26,284438775510203;196
2023;12;1;2;288,5063775510204;56547,25;3,0816326530612246;25,565051020408163;196
2023;12;1;3;280,6479591836735;55007,0;2,9383503401360542;24,521683673469386;196
2023;12;1;4;280,0063775510204;54881,25;2,7419217687074826;24,496173469387756;196
2023;12;1;5;292,702806122449;57369,75;2,960034013605442;25,846938775510203;196
2023;12;1;6;361,7040816326531;70894,0;3,9464285714285716;28,125;196
2023;12;1;7;516,5727040816327;101248,25;6,476190476190475;29,207908163265305;196
2023;12;1;8;624,0216836734694;122308,25;8,372448979591837;29,17219387755102;196
2023;12;1;9;625,390306122449;122576,5;9,348639455782312;29,26658163265306;196
2023;12;1;10;589,4298469387755;115528,25;8,298469387755102;29,220663265306122;196
2023;12;1;11;611,3622448979592;119827,0;8,204081632653061;29,066326530612244;196
2023;12;1;12;635,1798469387755;124495,25;8,335884353741497;29,153061224489797;196
2023;12;1;13;650,2155612244898;127442,25;8,822704081632653;29,142857142857142;196
2023;12;1;14;691,3252551020408;135499,75;9,1875;29,224489795918366;196
2023;12;1;15;655,5140306122449;128480,75;8,51998299319728;29,227040816326532;196
2023;12;1;16;622,5038265306123;122010,75;7,659438775510204;29,247448979591837;196
2023;12;1;17;661,0892857142857;129573,5;8,813775510204081;29,052295918367346;196
2023;12;1;18;678,4349489795918;132973,25;9,756377551020408;29,03061224489796;196
2023;12;1;19;664,4936224489796;130240,75;9,654336734693878;28,855867346938776;196
2023;12;1;20;635,4413265306123;124546,5;8,466836734693878;29,12372448979592;196
2023;12;1;21;564,6275510204082;110667,0;6,607142857142857;29,260204081632654;196
2023;12;1;22;479,5165816326531;93985,25;5,398384353741497;29,32908163265306;196
2023;12;1;23;425,10714285714283;83321,0;4,824404761904762;28,852040816326532;196
2023;12;2;0;390,1683673469388;76473,0;3,9468537414965987;27,46938775510204;196
2023;12;2;1;334,4834183673469;65558,75;3,703231292517007;26,762755102040817;196
2023;12;2;2;302,375;59265,5;3,3363095238095237;25,241071428571427;196
2023;12;2;3;290,6811224489796;56973,5;3,122874149659864;25,211734693877553;196
2023;12;2;4;287,2334183673469;56297,75;2,95875850340136;24,901785714285715;196
2023;12;2;5;297,35714285714283;58282,0;3,0;25,331632653061224;196
2023;12;2;6;359,0012755102041;70364,25;3,9255952380952377;28,49872448979592;196
2023;12;2;7;479,5573979591837;93993,25;5,607692307692307;29,257653061224488;196
2023;12;2;8;561,4375;110041,75;7,344387755102041;29,133928571428573;196
2023;12;2;9;583,3890306122449;114344,25;7,883928571428571;29,181122448979593;196
2023;12;2;10;572,8724489795918;112283,0;7,788265306122449;29,238520408163264;196
2023;12;2;11;606,9859693877551;118969,25;7,9375;29,003826530612244;196
2023;12;2;12;630,2793367346939;123534,75;8,25;29,146683673469386;196
2023;12;2;13;655,8520408163265;128547,0;8,67219387755102;29,100765306122447;196
2023;12;2;14;699,4604591836735;137094,25;9,35076530612245;29,081632653061224;196
2023;12;2;15;656,2448979591836;128624,0;8,582908163265307;29,112244897959183;196
2023;12;2;16;612,7742346938776;120103,75;7,514030612244898;29,275510204081634;196
2023;12;2;17;662,5331632653061;129856,5;9,03061224489796;28,762755102040817;196
2023;12;2;18;701,265228426396;138149,25;10,593908629441625;28,242385786802032;197
2023;12;2;19;689,4746192893401;135826,5;10,323604060913706;28,1002538071066;197
2023;12;2;20;649,2880710659898;127909,75;9,317258883248732;28,70431472081218;197
2023;12;2;21;572,7220812182741;112826,25;7,048223350253807;29,196700507614214;197
2023;12;2;22;467,1319796954315;92025,0;5,228426395939087;29,365482233502537;197
2023;12;2;23;403,002538071066;79391,5;4,6713197969543145;28,521573604060915;197
2023;12;3;0;360,71065989847716;71060,0;3,8515228426395938;26,691624365482234;197
2023;12;3;1;284,98857868020303;56142,75;3,2563451776649748;25,205583756345177;197
2023;12;3;2;243,06091370558374;47883,0;2,8202199661590526;23,553299492385786;197
2023;12;3;3;223,07741116751268;43946,25;2,574404761904762;21,75;197
2023;12;3;4;220,8210659898477;43501,75;2,401282051282051;21,762690355329948;197
2023;12;3;5;232,75888324873097;45853,5;2,3553299492385786;23,279187817258883;197
2023;12;3;6;313,5561224489796;61457,0;3,550170068027211;27,62627551020408;196
2023;12;3;7;492,76395939086296;97074,5;5,7360406091370555;29,124365482233504;197
2023;12;3;8;597,7474619289341;117756,25;7,397631133671743;29,168781725888326;197
2023;12;3;9;604,2246192893401;119032,25;8,021996615905245;29,263959390862944;197
2023;12;3;10;580,5215736040609;114362,75;7,76015228426396;28,91243654822335;197
2023;12;3;11;612,3769035532995;120638,25;7,695008460236887;28,941624365482234;197
2023;12;3;12;642,0710659898477;126488,0;8,366751269035532;29,01522842639594;197
2023;12;3;13;660,1865482233502;130056,75;8,73730964467005;28,978426395939085;197
2023;12;3;14;709,3312182741116;139738,25;9,308375634517766;29,14467005076142;197
2023;12;3;15;672,4137055837564;132465,5;8,58756345177665;29,05710659898477;197
2023;12;3;16;621,0913705583756;122355,0;7,751269035532995;29,253807106598984;197
2023;12;3;17;669,1637055837564;131825,25;9,07233502538071;29,064720812182742;197
2023;12;3;18;717,8401015228426;141414,5;10,073604060913706;28,59517766497462;197
2023;12;3;19;701,6078680203045;138216,75;10,784263959390863;28,038071065989847;197
2023;12;3;20;652,6700507614213;128576,0;9,3248730964467;28,738578680203045;197
2023;12;3;21;585,1167512690355;115268,0;7,572335025380711;29,19796954314721;197
2023;12;3;22;483,01395939086296;95153,75;5,888324873096447;29,300761421319798;197
2023;12;3;23;405,83502538071065;79949,5;5,0;28,710659898477157;197
2023;12;4;0;387,6656504065041;95365,75;4,160907859078591;28,1859756097561;246
2023;12;4;1;326,150406504065;80233,0;3,502710027100271;27,023373983739837;246
2023;12;4;2;284,8434959349593;70071,5;3,284214092140921;25,609756097560975;246
2023;12;4;3;265,150406504065;65227,0;2,9942411924119243;25,252032520325205;246
2023;12;4;4;258,9420731707317;63699,75;2,864965986394558;24,71239837398374;246
2023;12;4;5;266,2266260162602;65491,75;2,815040650406504;24,991869918699187;246
2023;12;4;6;335,3587398373984;82498,25;3,674457994579946;27,69410569105691;246
2023;12;4;7;478,10714285714283;117136,25;5,614625850340135;29,09387755102041;245
2023;12;4;8;568,5416666666666;139861,25;7,0060975609756095;29,25609756097561;246
2023;12;4;9;570,1142857142858;139678,0;7,37108843537415;29,362244897959183;245
2023;12;4;10;563,4278455284552;138603,25;7,3932926829268295;29,288617886178862;246
2023;12;4;11;600,6626016260162;147763,0;7,6189024390243905;29,077235772357724;246
2023;12;4;12;633,6392276422764;155875,25;8,213414634146341;29,08130081300813;246
2023;12;4;13;668,0711382113822;164345,5;9,21239837398374;28,910569105691057;246
2023;12;4;14;713,1158536585366;175426,5;10,296747967479675;28,536585365853657;246
2023;12;4;15;677,969512195122;166780,5;9,585365853658537;28,97052845528455;246
2023;12;4;16;604,7540650406504;148769,5;7,704268292682927;29,229674796747968;246
2023;12;4;17;634,5325203252032;156095,0;8,46951219512195;29,059959349593495;246
2023;12;4;18;650,7865853658536;160093,5;8,678861788617887;29,00609756097561;246
2023;12;4;19;649,150406504065;159691,0;9,015243902439025;28,585365853658537;246
2023;12;4;20;629,9461382113822;154966,75;8,661585365853659;28,98170731707317;246
2023;12;4;21;594,375;146216,25;7,50440379403794;29,066056910569106;246
2023;12;4;22;505,5599593495935;124367,75;5,963075880758808;29,132113821138212;246
2023;12;4;23;437,0924796747967;107524,75;5,07689701897019;28,880081300813007;246
2023;12;5;0;424,8455284552846;104512,0;4,810636856368564;28,478658536585368;246
2023;12;5;1;389,0416666666667;95704,25;4,476287262872629;28,339430894308943;246
2023;12;5;2;335,1280487804878;82441,5;3,879742547425474;27,139227642276424;246
2023;12;5;3;306,0294715447154;75283,25;3,6987704918032787;27,116869918699187;246
2023;12;5;4;288,3861788617886;70943,0;3,451360544217687;26,14329268292683;246
2023;12;5;5;282,1768292682927;69415,5;3,2891156462585034;26,132113821138212;246
2023;12;5;6;304,9298780487805;75012,75;3,4289115646258503;27,125;246
2023;12;5;7;324,91530612244895;79604,25;3,593197278911565;28,443877551020407;245
2023;12;5;8;345,6727642276423;85035,5;3,5748644986449865;28,34349593495935;246
2023;12;5;9;405,07448979591834;99243,25;4,321768707482993;29,238775510204082;245
2023;12;5;10;484,7256097560976;119242,5;5,4891598915989155;29,152439024390244;246
2023;12;5;11;554,4806910569106;136402,25;6,428523035230352;29,103658536585368;246
2023;12;5;12;595,82418699187;146572,75;7,196138211382114;29,108739837398375;246
2023;12;5;13;621,444105691057;152875,25;7,709349593495935;29,152439024390244;246
2023;12;5;14;629,3861788617886;154829,0;7,790989159891598;29,1239837398374;246
2023;12;5;15;529,6290650406504;130288,75;6,228658536585366;29,295731707317074;246
2023;12;5;16;484,6361788617886;119220,5;5,390243902439025;29,246951219512194;246
2023;12;5;17;529,4917695473251;128666,5;5,658436213991769;29,51028806584362;243
2023;12;5;18;570,3559670781893;138596,5;6,628600823045267;29,26440329218107;243
2023;12;5;19;591,261316872428;143676,5;7,075102880658436;29,300411522633745;243
2023;12;5;20;581,1172839506173;141211,5;7,020919067215363;29,24897119341564;243
2023;12;5;21;550,9434156378601;133879,25;6,203703703703703;29,622427983539094;243
2023;12;5;22;494,43106995884773;120146,75;5,4139231824417005;29,378600823045268;243
2023;12;5;23;434,9104938271605;105683,25;4,827503429355281;29,31584362139918;243
2023;12;6;0;416,52366255144034;101215,25;4,754458161865569;28,986625514403293;243
2023;12;6;1;366,5205761316872;89064,5;4,218449931412894;28,317901234567902;243
2023;12;6;2;323,6460905349794;78646,0;3,6594352617079893;27,488683127572017;243
2023;12;6;3;293,7973251028807;71392,75;3,3676268861454046;26,093621399176953;243
2023;12;6;4;277,4701646090535;67425,25;3,324074074074074;25,29320987654321;243
2023;12;6;5;271,19650205761315;65900,75;3,006172839506173;25,051440329218106;243
2023;12;6;6;292,8070539419087;70566,5;2,914246196403873;27,16908713692946;241
2023;12;6;7;304,5703781512605;72487,75;3,139705882352941;28,400210084033613;238
2023;12;6;8;305,05833333333334;73214,0;3,126388888888889;27,664583333333333;240
2023;12;6;9;337,5342323651452;81345,75;3,356154910096819;28,966804979253112;241
2023;12;6;10;398,15061475409834;97148,75;4,125341530054645;29,11577868852459;244
2023;12;6;11;477,2857142857143;116935,0;5,1676870748299315;29,079591836734693;245
2023;12;6;12;538,5071428571429;131934,25;5,981632653061224;29,214285714285715;245
2023;12;6;13;571,3091836734694;139970,75;6,486054421768707;29,422448979591838;245
2023;12;6;14;568,45;139270,25;6,481292517006803;29,488775510204082;245
2023;12;6;15;488,47438524590166;119187,75;5,399590163934426;29,642418032786885;244
2023;12;6;16;457,8438775510204;112171,75;4,9911564625850335;29,435714285714287;245
2023;12;6;17;510,7530612244898;125134,5;5,734353741496599;29,32857142857143;245
2023;12;6;18;545,1897959183674;133571,5;6,279591836734694;29,327551020408162;245
2023;12;6;19;581,0163265306122;142349,0;6,828231292517007;29,144897959183673;245
2023;12;6;20;608,5367346938775;149091,5;7,496598639455782;28,739795918367346;245
2023;12;6;21;490,71020408163264;120224,0;5,690476190476191;29,242857142857144;245
2023;12;6;22;364,72119341563786;88627,25;4,024348422496571;28,551440329218106;243
2023;12;6;23;344,265306122449;84345,0;3,7816326530612243;28,16938775510204;245
2024;1;0;0;162,3201219512195;39930,75;1,96866391184573;24,959349593495936;246
2024;1;0;1;191,40853658536585;47086,5;2,543914246196404;23,109756097560975;246
2024;1;0;2;166,8628048780488;41048,25;2,257638888888889;20,91768292682927;246
2024;1;0;3;110,29065040650407;27131,5;1,59331955922865;18,333333333333332;246
2024;1;0;4;91,96443089430895;22623,25;1,209710743801653;18,459349593495936;246
2024;1;0;5;98,625;24261,75;1,2961432506887054;20,321138211382113;246
2024;1;0;6;201,02642276422765;49452,5;2,5963648834019204;26,446138211382113;246
2024;1;0;7;457,4369918699187;112529,5;6,182098765432099;28,392276422764226;246
2024;1;0;8;588,4989837398374;144770,75;8,810857538035961;27,901422764227643;246
2024;1;0;9;543,7337398373984;133758,5;8,70233196159122;27,766260162601625;246
2024;1;0;10;439,1656504065041;108034,75;6,18278463648834;28,46747967479675;246
2024;1;0;11;443,1412601626016;109012,75;5,9842249657064475;28,576219512195124;246
2024;1;0;12;480,1849593495935;118125,5;6,365013774104683;28,784552845528456;246
2024;1;0;13;530,4186991869918;130483,0;6,90877914951989;29,3760162601626;246
2024;1;0;14;633,1697154471544;155759,75;7,946502057613169;29,633130081300813;246
2024;1;0;15;594,55081300813;146259,5;7,651234567901234;29,471544715447155;246
2024;1;0;16;533,0396341463414;131127,75;6,738683127572016;29,272357723577237;246
2024;1;0;17;594,920731707317;146350,5;8,052469135802468;29,21239837398374;246
2024;1;0;18;647,5131578947369;159935,75;9,449112021857925;28,64574898785425;247
2024;1;0;19;634,119918699187;155993,5;8,960905349794238;28,658536585365855;246
2024;1;0;20;550,8099593495934;135499,25;6,787037037037037;29,222560975609756;246
2024;1;0;21;437,1656504065041;107542,75;5,171810699588478;29,503048780487806;246
2024;1;0;22;318,479674796748;78346,0;3,7938957475994513;29,385162601626018;246
2024;1;0;23;224,0;55104,0;2,847736625514403;27,26930894308943;246
2024;1;1;0;148,79268292682926;36603,0;2,015905947441217;24,027439024390244;246
2024;1;1;1;93,20630081300813;22928,75;1,5829875518672198;19,56910569105691;246
2024;1;1;2;70,95833333333333;17455,75;1,1104252400548695;15,892276422764228;246
2024;1;1;3;62,165650406504064;15292,75;1,0;14,320121951219512;246
2024;1;1;4;64,30081300813008;15818,0;0,8309228650137741;14,909552845528456;246
2024;1;1;5;87,63719512195122;21558,75;1,0510416666666667;18,6239837398374;246
2024;1;1;6;210,010162601626;51662,5;2,6433470507544583;26,114837398373982;246
2024;1;1;7;499,994918699187;122998,75;6,6241426611796985;28,89430894308943;246
2024;1;1;8;659,290650406504;162185,5;9,953360768175582;28,471544715447155;246
2024;1;1;9;626,819105691057;154197,5;10,151577503429356;28,5;246
2024;1;1;10;531,2256097560976;130681,5;7,835733882030178;28,932926829268293;246
2024;1;1;11;533,2723577235772;131185,0;7,400205761316872;28,943089430894307;246
2024;1;1;12;559,390243902439;137610,0;7,526748971193416;29,009146341463413;246
2024;1;1;13;589,1443089430894;144929,5;7,951989026063099;29,23678861788618;246
2024;1;1;14;681,5813008130082;167669,0;8,862139917695472;29,568089430894307;246
2024;1;1;15;654,42581300813;160988,75;8,261316872427983;29,553861788617887;246
2024;1;1;16;595,3882113821138;146465,5;7,93724279835391;29,459349593495936;246
2024;1;1;17;653,6341463414634;160794,0;9,882716049382717;28,591463414634145;246
2024;1;1;18;692,8770325203252;170447,75;10,017489711934155;28,806910569105693;246
2024;1;1;19;661,7794715447154;162797,75;9,498971193415638;28,615853658536587;246
2024;1;1;20;588,8150406504066;144848,5;7,460562414266119;29,36382113821138;246
2024;1;1;21;481,6382113821138;118483,0;5,740397805212621;29,821138211382113;246
2024;1;1;22;351,5335365853659;86477,25;4,247599451303155;29,79979674796748;246
2024;1;1;23;251,109756097561;61773,0;3,11076817558299;28,619918699186993;246
2024;1;2;0;179,0071138211382;44035,75;2,2911522633744856;24,54369918699187;246
2024;1;2;1;111,14227642276423;27341,0;1,7155647382920112;19,396341463414632;246
2024;1;2;2;85,9420731707317;21141,75;1,4125172890733058;17,234756097560975;246
2024;1;2;3;74,73678861788618;18385,25;1,0421810699588476;15,083333333333334;246
2024;1;2;4;73,9329268292683;18187,5;0,8899305555555556;15,15650406504065;246
2024;1;2;5;94,90345528455285;23346,25;1,129286694101509;18,85670731707317;246
2024;1;2;6;211,64430894308944;52064,5;2,337791495198903;25,759146341463413;246
2024;1;2;7;498,3048780487805;122583,0;6,625514403292181;28,795731707317074;246
2024;1;2;8;659,290650406504;162185,5;9,680727023319616;28,295731707317074;246
2024;1;2;9;640,7418699186992;157622,5;10,277091906721537;28,176829268292682;246
2024;1;2;10;549,724593495935;135232,25;7,828532235939643;28,994918699186993;246
2024;1;2;11;546,1534552845528;134353,75;7,185528120713306;29,103658536585368;246
2024;1;2;12;577,5965447154472;142088,75;7,69238683127572;29,265243902439025;246
2024;1;2;13;600,30081300813;147674,0;8,054526748971194;29,222560975609756;246
2024;1;2;14;724,4908536585366;178224,75;9,764227642276422;29,333333333333332;246
2024;1;2;15;738,4786585365854;181665,75;9,604674796747968;29,390243902439025;246
2024;1;2;16;675,769387755102;165563,5;8,537414965986393;29,73673469387755;245
2024;1;2;17;711,9704081632653;174432,75;9,643197278911565;29,168367346938776;245
2024;1;2;18;751,3892276422764;184841,75;10,615853658536585;27,95630081300813;246
2024;1;2;19;732,1331300813008;180104,75;10,930555555555555;27,991869918699187;246
2024;1;2;20;643,5538617886178;158314,25;8,142276422764228;28,96239837398374;246
2024;1;2;21;517,6514227642276;127342,25;6,288956639566395;29,516260162601625;246
2024;1;2;22;378,9471544715447;93221,0;4,76050135501355;28,901422764227643;246
2024;1;2;23;275,5934959349593;67796,0;3,426829268292683;27,54369918699187;246
2024;1;3;0;192,15688775510205;37662,75;2,542091836734694;24,943877551020407;196
2024;1;3;1;110,39795918367346;21638,0;1,6704931972789117;19,098214285714285;196
2024;1;3;2;69,28954081632654;13580,75;1,1318027210884354;15,118622448979592;196
2024;1;3;3;52,75637755102041;10340,25;0,9528061224489796;11,770408163265307;196
2024;1;3;4;52,64540816326531;10318,5;0,772108843537415;11,377551020408163;196
2024;1;3;5;74,5420918367347;14610,25;1,0390893470790379;16,246173469387756;196
2024;1;3;6;202,67729591836735;39724,75;2,4420103092783507;25,628826530612244;196
2024;1;3;7;512,4910714285714;100448,25;6,226495726495727;28,590561224489797;196
2024;1;3;8;677,8482142857143;132858,25;9,48001700680272;29,105867346938776;196
2024;1;3;9;670,7953367875648;129463,5;9,303108808290155;29,076424870466322;193
2024;1;3;10;588,8201530612245;115408,75;7,971938775510204;29,007653061224488;196
2024;1;3;11;597,9307692307692;116596,5;7,623931623931624;29,58974358974359;195
2024;1;3;12;625,1846153846154;121911,0;8,205982905982907;29,55897435897436;195
2024;1;3;13;658,9692307692308;128499,0;8,530341880341881;29,766666666666666;195
2024;1;3;14;750,8628205128205;146418,25;10,08974358974359;29,752564102564104;195
2024;1;3;15;730,0076923076923;142351,5;9,659829059829061;29,625641025641027;195
2024;1;3;16;667,398717948718;130142,75;8,7;29,6;195
2024;1;3;17;728,2066326530612;142728,5;10,714285714285714;29,177295918367346;196
2024;1;3;18;766,3022959183673;150195,25;11,514030612244898;28,399234693877553;196
2024;1;3;19;763,6116751269036;150431,5;11,439086294416244;27,89467005076142;197
2024;1;3;20;674,9260204081633;132285,5;10,25297619047619;28,336734693877553;196
2024;1;3;21;549,0739795918367;107618,5;7,303571428571429;29,028061224489797;196
2024;1;3;22;391,5280612244898;76739,5;4,58843537414966;29,864795918367346;196
2024;1;3;23;288,9732142857143;56638,75;3,7006802721088436;28,723214285714285;196
2024;1;4;0;233,95280612244898;45854,75;2,7629533678756477;26,14158163265306;196
2024;1;4;1;157,27551020408163;30826,0;2,1312607944732296;23,401785714285715;196
2024;1;4;2;109,78954081632654;21518,75;1,7764756944444444;20,150510204081634;196
2024;1;4;3;91,92091836734694;18016,5;1,3797743055555556;18,317602040816325;196
2024;1;4;4;87,62627551020408;17174,75;1,1705933682373473;18,09438775510204;196
2024;1;4;5;106,51147959183673;20876,25;1,5600172711571674;20,380102040816325;196
2024;1;4;6;212,7219387755102;41693,5;2,806857638888889;25,803571428571427;196
2024;1;4;7;444,9770408163265;87215,5;6,069948186528498;28,90561224489796;196
2024;1;4;8;582,6262755102041;114194,75;8,645077720207254;28,691326530612244;196
2024;1;4;9;581,6807692307692;113427,75;8,846354166666666;29,41794871794872;195
2024;1;4;10;514,4706632653061;100836,25;7,582037996545768;28,903061224489797;196
2024;1;4;11;541,5982142857143;106153,25;7,523316062176166;29,035714285714285;196
2024;1;4;12;581,390306122449;113952,5;8,123056994818652;28,960459183673468;196
2024;1;4;13;634,3711734693877;124336,75;9,490932642487047;28,838010204081634;196
2024;1;4;14;732,0829081632653;143488,25;11,16839378238342;28,70280612244898;196
2024;1;4;15;725,0727040816327;142114,25;11,378670120898102;28,3265306122449;196
2024;1;4;16;620,0267857142857;121525,25;8,89119170984456;28,786989795918366;196
2024;1;4;17;626,9387755102041;122880,0;9,617875647668393;29,34311224489796;196
2024;1;4;18;629,7257653061224;123426,25;9,914507772020725;29,193877551020407;196
2024;1;4;19;600,984693877551;117793,0;9,667098445595855;28,892857142857142;196
2024;1;4;20;582,0344387755102;114078,75;8,946459412780657;29,039540816326532;196
2024;1;4;21;524,7396373056995;101274,75;6,661842105263158;29,770725388601036;193
2024;1;4;22;406,7423469387755;79721,5;5,474525043177892;29,403061224489797;196
2024;1;4;23;322,88392857142856;63285,25;4,493523316062176;29,002551020408163;196
2024;1;5;0;293,07512953367876;56563,5;3,4350877192982456;28,764248704663213;193
2024;1;5;1;241,69041450777203;46646,25;2,9798245614035084;27,724093264248705;193
2024;1;5;2;182,51295336787564;35225,0;2,4394736842105265;26,795336787564768;193
2024;1;5;3;143,51295336787564;27698,0;2,0445326278659612;23,14378238341969;193
2024;1;5;4;132,41450777202073;25556,0;1,7039473684210527;23,564766839378237;193
2024;1;5;5;121,8160621761658;23510,5;1,47663139329806;22,261658031088082;193
2024;1;5;6;158,57253886010363;30604,5;1,7675438596491226;26,010362694300518;193
2024;1;5;7;175,828125;33759,0;2,083774250440917;27,3515625;192
2024;1;5;8;204,5440414507772;39477,0;2,2271929824561405;27,376943005181346;193
2024;1;5;9;279,9468911917098;54029,75;3,1419753086419755;28,682642487046632;193
2024;1;5;10;378,87176165803106;73122,25;4,10701754385965;29,72020725388601;193
2024;1;5;11;448,1476683937824;86492,5;5,205701754385965;29,602331606217618;193
2024;1;5;12;533,3044041450777;102927,75;6,060964912280701;29,79015544041451;193
2024;1;5;13;607,8225388601036;117309,75;7,675;29,672279792746114;193
2024;1;5;14;642,2111398963731;123946,75;8,647368421052631;29,594559585492227;193
2024;1;5;15;453,7357512953368;87571,0;5,2105263157894735;29,952072538860104;193
2024;1;5;16;393,44170984455957;75934,25;4,318421052631579;29,96502590673575;193
2024;1;5;17;483,5688775510204;94779,5;5,810880829015544;29,301020408163264;196
2024;1;5;18;556,6313775510204;109099,75;6,944300518134715;28,9515306122449;196
2024;1;5;19;573,0586734693877;112319,5;7,7854058721934365;28,526785714285715;196
2024;1;5;20;552,6900510204082;108327,25;7,495250431778929;28,488520408163264;196
2024;1;5;21;502,6875;98526,75;6,245250431778929;29,237244897959183;196
2024;1;5;22;405,33673469387753;79446,0;5,063039723661485;29,127551020408163;196
2024;1;5;23;332,8316326530612;65235,0;4,228842832469775;28,778061224489797;196
2024;1;6;0;327,7704081632653;64243,0;3,959412780656304;28,556122448979593;196
2024;1;6;1;259,6020408163265;50882,0;3,363715277777778;28,096938775510203;196
2024;1;6;2;192,82142857142858;37793,0;2,696027633851468;25,84438775510204;196
2024;1;6;3;156,29719387755102;30634,25;2,2587260034904015;23,524234693877553;196
2024;1;6;4;134,18494897959184;26300,25;2,032986111111111;22,646683673469386;196
2024;1;6;5;128,25382653061226;25137,75;2,052245250431779;23,32780612244898;196
2024;1;6;6;156,94974226804123;30448,25;2,0340314136125652;25,67139175257732;194
2024;1;6;7;169,30994897959184;33184,75;2,2653508771929824;26,59311224489796;196
2024;1;6;8;171,49744897959184;33613,5;2,0613126079447324;26,62372448979592;196
2024;1;6;9;221,27551020408163;43370,0;2,5859240069084626;27,649234693877553;196
2024;1;6;10;312,67602040816325;61284,5;3,7158894645941274;28,854591836734695;196
2024;1;6;11;419,07397959183675;82138,5;4,8644214162348876;29,292091836734695;196
2024;1;6;12;489,2984693877551;95902,5;5,610103626943006;29,283163265306122;196
2024;1;6;13;560,9515306122449;109946,5;6,454231433506045;29,304846938775512;196
2024;1;6;14;585,8908629441624;115420,5;7,296391752577319;29,20431472081218;197
2024;1;6;15;458,21065989847716;90267,5;5,480240549828179;29,544416243654823;197
2024;1;6;16;394,1586294416244;77649,25;4,501718213058419;29,28680203045685;197
2024;1;6;17;461,3172588832487;90879,5;5,296391752577319;29,048223350253807;197
2024;1;6;18;505,4187817258883;99567,5;6,243986254295533;29,210659898477157;197
2024;1;6;19;537,730964467005;105933,0;6,829037800687285;28,880710659898476;197
2024;1;6;20;487,21065989847716;95980,5;6,400343642611684;29,038071065989847;197
2024;1;6;21;397,53553299492387;78314,5;4,741838487972508;29,106598984771573;197
2024;1;6;22;317,9010152284264;62626,5;3,625;28,488578680203045;197
2024;1;6;23;238,997461928934;47082,5;2,870274914089347;27,83502538071066;197
2024;2;0;0;202,87562814070353;40372,25;2,4593802345058626;24,964824120603016;199
2024;2;0;1;102,13316582914572;20324,5;1,5452622673434857;20,554020100502512;199
2024;2;0;2;69,06155778894473;13743,25;1,388609715242881;15,876884422110553;199
2024;2;0;3;57,58793969849246;11460,0;0,8484087102177555;12,46105527638191;199
2024;2;0;4;59,21859296482412;11784,5;0,8184523809523809;13,243718592964823;199
2024;2;0;5;84,47125;16894,25;1,025;18,52375;200
2024;2;0;6;232,1825;46436,5;2,643097643097643;26,48;200
2024;2;0;7;566,60125;113320,25;6,98375;28,02375;200
2024;2;0;8;786,65125;157330,25;11,93875;27,435;200
2024;2;0;9;762,5375;152507,5;10,870833333333332;28,30375;200
2024;2;0;10;597,3370786516854;106326,0;7,86938202247191;32,337078651685395;178
2024;2;0;11;589,5956375838927;87849,75;7,635906040268456;29,100671140939596;149
2024;2;0;12;599,4594594594595;88720,0;7,793355855855856;29,449324324324323;148
2024;2;0;13;630,4145728643216;125452,5;8,089195979899497;29,257537688442213;199
2024;2;0;14;764,88625;152977,25;9,29;29,19125;200
2024;2;0;15;776,06125;155212,25;9,274583333333334;29,03;200
2024;2;0;16;691,3975;138279,5;8,53625;29,03625;200
2024;2;0;17;743,28625;148657,25;9,71875;29,04625;200
2024;2;0;18;779,14625;155829,25;10,4975;28,3425;200
2024;2;0;19;758,8875;151777,5;9,852083333333333;28,28625;200
2024;2;0;20;661,87625;132375,25;7,699583333333334;28,92875;200
2024;2;0;21;515,6975;103139,5;5,677083333333334;29,455;200
2024;2;0;22;367,32875;73465,75;4,070416666666667;29,38375;200
2024;2;0;23;245,59625;49119,25;2,8720833333333333;27,65375;200
2024;2;1;0;153,7625;30752,5;2,0016750418760467;20,64375;200
2024;2;1;1;83,2025;16640,5;1,4932998324958124;16,45875;200
2024;2;1;2;50,89125;10178,25;1,2010050251256281;11,5425;200
2024;2;1;3;43,925;8785,0;0,8391666666666667;10,69;200
2024;2;1;4;47,73375;9546,75;0,7597292724196277;11,3475;200
2024;2;1;5;73,70625;14741,25;1,042929292929293;16,38625;200
2024;2;1;6;227,205;45441,0;2,525;25,57;200
2024;2;1;7;596,9225;119384,5;7,714583333333334;27,89625;200
2024;2;1;8;812,52125;162504,25;12,59;27,29375;200
2024;2;1;9;774,0225;154804,5;12,994166666666667;27,775;200
2024;2;1;10;634,64375;126928,75;8,949583333333333;28,6425;200
2024;2;1;11;616,61375;123322,75;8,010416666666666;28,80375;200
2024;2;1;12;623,4875;124697,5;8,450833333333334;29,03125;200
2024;2;1;13;658,005;131601,0;8,720833333333333;29,0675;200
2024;2;1;14;776,4525;155290,5;10,112083333333334;29,19875;200
2024;2;1;15;777,71;155542,0;10,0125;29,0075;200
2024;2;1;16;714,8825;142976,5;9,2075;29,1075;200
2024;2;1;17;750,3625;150072,5;10,60125;28,59125;200
2024;2;1;18;790,02875;158005,75;11,355;28,4275;200
2024;2;1;19;784,785;156957,0;10,915;28,32625;200
2024;2;1;20;707,685;141537,0;8,9075;28,98125;200
2024;2;1;21;555,2775;111055,5;6,524583333333334;29,3525;200
2024;2;1;22;376,7875;75357,5;4,550833333333333;29,52125;200
2024;2;1;23;273,5675;54713,5;3,376666666666667;27,875;200
2024;2;2;0;170,1025;34020,5;2,4593908629441623;21,1875;200
2024;2;2;1;87,46625;17493,25;1,4476549413735342;16,30625;200
2024;2;2;2;57,28125;11456,25;1,1768707482993197;12,5525;200
2024;2;2;3;48,035;9607,0;0,8956228956228957;10,47625;200
2024;2;2;4;49,58;9916,0;0,72625;9,83625;200
2024;2;2;5;72,1825;14436,5;0,945142378559464;16,06875;200
2024;2;2;6;225,9775;45195,5;2,6055276381909547;25,27125;200
2024;2;2;7;597,51;119502,0;7,692083333333334;28,53125;200
2024;2;2;8;777,36375;155472,75;12,59375;26,72625;200
2024;2;2;9;739,57875;147915,75;12,711666666666668;27,25875;200
2024;2;2;10;599,17;119834,0;8,44;28,47625;200
2024;2;2;11;581,56375;116312,75;8,14375;28,45;200
2024;2;2;12;602,9572864321608;119988,5;7,800251256281407;28,89070351758794;199
2024;2;2;13;638,4633838383838;126415,75;8,397727272727273;29,002525252525253;198
2024;2;2;14;776,855527638191;154594,25;9,836683417085426;29,14070351758794;199
2024;2;2;15;783,554292929293;155143,75;10,047979797979798;28,997474747474747;198
2024;2;2;16;703,6909547738693;140034,5;9,211892797319933;28,496231155778894;199
2024;2;2;17;764,0879396984925;152053,5;10,925879396984925;27,968592964824122;199
2024;2;2;18;788,6225;157724,5;12,22125;27,275;200
2024;2;2;19;783,64;156728,0;12,17375;27,425;200
2024;2;2;20;721,4775;144295,5;9,725;28,34;200
2024;2;2;21;574,2225;114844,5;6,895833333333334;29,11;200
2024;2;2;22;395,72625;79145,25;4,517916666666667;29,19;200
2024;2;2;23;294,37375;58874,75;3,475;27,70125;200
2024;2;3;0;218,783;54695,75;2,7746666666666666;24,082;250
2024;2;3;1;116,115;29028,75;1,7346666666666668;18,883;250
2024;2;3;2;71,849;17962,25;1,3135876840696117;14,855;250
2024;2;3;3;55,765;13941,25;1,2182860998650473;11,684;250
2024;2;3;4;56,158;14039,5;0,8914650537634409;12,285;250
2024;2;3;5;81,059;20264,75;1,1261713520749665;17,153;250
2024;2;3;6;228,355;57088,75;2,5216666666666665;25,691;250
2024;2;3;7;595,59;148897,5;7,349;28,787;250
2024;2;3;8;782,8004032258065;194134,5;11,560147849462364;28,424395161290324;248
2024;2;3;9;744,392;186098,0;11,06;28,486;250
2024;2;3;10;621,39859437751;154728,25;8,511044176706827;29,050200803212853;249
2024;2;3;11;620,0642570281125;154396,0;8,040160642570282;28,76004016064257;249
2024;2;3;12;630,1556224899598;156908,75;8,275435073627845;29,05421686746988;249
2024;2;3;13;676,7489959839357;168510,5;8,553547523427042;28,990963855421686;249
2024;2;3;14;784,0773092369478;195235,25;10,23293172690763;29,19578313253012;249
2024;2;3;15;769,987;192496,75;10,104;28,81;250
2024;2;3;16;709,399;177349,75;9,273;28,617;250
2024;2;3;17;758,721;189680,25;10,284;28,766;250
2024;2;3;18;805,248;201312,0;11,676;27,793;250
2024;2;3;19;795,459;198864,75;11,104;27,692;250
2024;2;3;20;735,304;183826,0;9,756;28,303;250
2024;2;3;21;592,616;148154,0;7,121666666666667;29,095;250
2024;2;3;22;444,68522267206475;109837,25;5,130229419703104;29,48076923076923;247
2024;2;3;23;368,6331300813008;90683,75;4,283536585365853;28,23882113821138;246
2024;2;4;0;322,81852791878174;63595,25;3,6273265651438242;25,55203045685279;197
2024;2;4;1;242,60913705583755;47794,0;2,79906937394247;23,257614213197968;197
2024;2;4;2;201,81472081218274;39757,5;2,30484693877551;20,82233502538071;197
2024;2;4;3;189,7233502538071;37375,5;2,3384094754653133;19,14213197969543;197
2024;2;4;4;185,91198979591837;36438,75;2,0799145299145296;19,12372448979592;196
2024;2;4;5;205,57780612244898;40293,25;2,2793367346938775;22,118622448979593;196
2024;2;4;6;314,90816326530614;61722,0;3,372874149659864;26,866071428571427;196
2024;2;4;7;573,4923469387755;112404,5;6,4519557823129245;29,502551020408163;196
2024;2;4;8;707,3731155778894;140767,25;9,609296482412061;28,65452261306533;199
2024;2;4;9;699,8907035175879;139278,25;9,333752093802346;29,139447236180903;199
2024;2;4;10;613,1218592964824;122011,25;7,894053601340034;28,84673366834171;199
2024;2;4;11;630,3103015075377;125431,75;7,984924623115578;28,762562814070353;199
2024;2;4;12;653,8379396984925;130113,75;8,309463986599665;28,680904522613066;199
2024;2;4;13;705,8693467336683;140468,0;9,167085427135678;28,865577889447238;199
2024;2;4;14;822,0025125628141;163578,5;12,185929648241206;28,502512562814072;199
2024;2;4;15;820,3329145728643;163246,25;12,874371859296483;27,58668341708543;199
2024;2;4;16;706,06625;141213,25;10,771666666666668;27,5475;200
2024;2;4;17;730,78875;146157,75;10,315;28,1875;200
2024;2;4;18;737,895;147579,0;10,17875;28,08;200
2024;2;4;19;712,88875;142577,75;9,825;28,085;200
2024;2;4;20;711,485;142297,0;9,735;27,815;200
2024;2;4;21;624,43125;124886,25;7,682916666666666;28,85625;200
2024;2;4;22;468,8025;93760,5;5,535833333333334;29,10625;200
2024;2;4;23;371,80375;74360,75;4,5095833333333335;28,3725;200
2024;2;5;0;351,34125;70268,25;4,232916666666667;27,875;200
2024;2;5;1;283,52625;56705,25;3,73625;26,69;200
2024;2;5;2;212,545;42509,0;2,902083333333333;25,26625;200
2024;2;5;3;165,735;33147,0;2,2225;23,50125;200
2024;2;5;4;145,04875;29009,75;2,0079564489112225;20,82625;200
2024;2;5;5;140,93125;28186,25;1,9015151515151516;21,7975;200
2024;2;5;6;185,07412060301507;36829,75;2,4302030456852792;25,193467336683415;199
2024;2;5;7;209,04125;41808,25;2,8143939393939394;27,0825;200
2024;2;5;8;258,9775;51795,5;2,967083333333333;27,87125;200
2024;2;5;9;369,82875;73965,75;4,077051926298157;28,4425;200
2024;2;5;10;487,57035175879395;97026,5;5,4451423785594635;28,92713567839196;199
2024;2;5;11;567,3737373737374;112340,0;6,485690235690236;28,910353535353536;198
2024;2;5;12;629,6035353535353;124661,5;7,602693602693602;28,747474747474747;198
2024;2;5;13;695,8077889447236;138465,75;8,987437185929648;28,540201005025125;199
2024;2;5;14;716,1407035175879;142512,0;9,363065326633166;28,231155778894472;199
2024;2;5;15;532,0741206030151;105882,75;6,0385259631490795;29,094221105527637;199
2024;2;5;16;455,315;91063,0;5,413333333333334;28,5875;200
2024;2;5;17;542,18;108436,0;6,48625;28,6975;200
2024;2;5;18;601,3325;120266,5;7,572916666666666;28,575;200
2024;2;5;19;612,94625;122589,25;8,1425;27,99375;200
2024;2;5;20;621,38375;124276,75;8,59125;27,81;200
2024;2;5;21;584,68375;116936,75;7,6345833333333335;28,40875;200
2024;2;5;22;473,335;94667,0;6,2179166666666665;28,4775;200
2024;2;5;23;390,0475;78009,5;5,2058333333333335;28,02125;200
2024;2;6;0;373,66125;74732,25;5,164166666666667;27,79125;200
2024;2;6;1;302,35;60470,0;4,430485762144054;26,575;200
2024;2;6;2;228,3575;45671,5;3,387083333333333;26,30125;200
2024;2;6;3;178,97;35794,0;2,8575;24,84625;200
2024;2;6;4;148,8675;29773,5;2,658333333333333;21,3125;200
2024;2;6;5;143,2725;28654,5;2,3549069373942473;22,7375;200
2024;2;6;6;170,81186868686868;33820,75;2,446969696969697;24,568181818181817;198
2024;2;6;7;186,56281407035175;37126,0;2,3345896147403686;26,84673366834171;199
2024;2;6;8;193,95875;38791,75;2,5345117845117846;26,04375;200
2024;2;6;9;261,07286432160805;51953,5;3,315745393634841;27,394472361809044;199
2024;2;6;10;359,03768844221105;71448,5;4,371212121212121;28,3178391959799;199
2024;2;6;11;493,1625;98632,5;6,1525;28,57625;200
2024;2;6;12;569,641959798995;113358,75;7,421691792294808;28,29145728643216;199
2024;2;6;13;629,5816582914573;125286,75;8,158710217755443;27,668341708542712;199
2024;2;6;14;674,3819095477387;134202,0;8,593802345058627;28,295226130653266;199
2024;2;6;15;497,428391959799;98988,25;6,0;29,081658291457288;199
2024;2;6;16;452,6645728643216;90080,25;5,317001675041876;29,14824120603015;199
2024;2;6;17;561,5816582914573;111754,75;6,316164154103853;28,886934673366834;199
2024;2;6;18;597,9258793969849;118987,25;7,050670016750418;28,984924623115578;199
2024;2;6;19;605,6092964824121;120516,25;7,222361809045226;28,90452261306533;199
2024;2;6;20;579,3643216080402;115293,5;6,880234505862647;28,886934673366834;199
2024;2;6;21;482,54396984924625;96026,25;5,6126465661641545;29,087939698492463;199
2024;2;6;22;355,22738693467335;70690,25;3,9849246231155777;28,866834170854272;199
2024;2;6;23;291,31658291457285;57972,0;3,5251256281407035;27,95854271356784;199
2024;3;0;0;187,95875;37591,75;2,24625;23,45875;200
2024;3;0;1;107,08125;21416,25;1,535;19,35875;200
2024;3;0;2;74,66125;14932,25;1,0963149078726968;15,6025;200
2024;3;0;3;62,85875;12571,75;0,9141666666666667;12,7525;200
2024;3;0;4;63,69625;12739,25;0,83375;13,585;200
2024;3;0;5;79,24625;15849,25;1,0092592592592593;17,435;200
2024;3;0;6;219,08375;43816,75;2,5275;26,2475;200
2024;3;0;7;558,46125;111692,25;7,349166666666666;28,3425;200
2024;3;0;8;716,34875;143269,75;10,3675;28,3025;200
2024;3;0;9;692,42875;138485,75;10,571666666666667;28,1325;200
2024;3;0;10;584,53625;116907,25;8,295833333333334;28,70125;200
2024;3;0;11;572,08;114416,0;7,7625;28,765;200
2024;3;0;12;608,9975;121799,5;7,892916666666666;28,95375;200
2024;3;0;13;628,9095477386935;125153,0;8,146984924623116;29,047738693467338;199
2024;3;0;14;723,1075;144621,5;9,595;29,26;200
2024;3;0;15;735,8969849246231;146443,5;9,379396984924623;29,5678391959799;199
2024;3;0;16;674,4597989949749;134217,5;8,60678391959799;29,34170854271357;199
2024;3;0;17;714,0992462311558;142105,75;9,399916247906198;29,162060301507537;199
2024;3;0;18;754,9723618090452;150239,5;10,882328308207706;28,72613065326633;199
2024;3;0;19;726,3052763819095;144534,75;9,17964824120603;28,97110552763819;199
2024;3;0;20;633,8178391959799;126129,75;7,440117252931323;29,297738693467338;199
2024;3;0;21;505,29522613065325;100553,75;5,702261306532663;29,652010050251256;199
2024;3;0;22;354,3994974874372;70525,5;4,108877721943048;29,180904522613066;199
2024;3;0;23;228,04396984924622;45380,75;2,6994949494949494;26,722361809045225;199
2024;3;1;0;152,0753768844221;30263,0;1,9835858585858586;21,600502512562816;199
2024;3;1;1;81,6608040201005;16250,5;1,543609671848014;16,684673366834172;199
2024;3;1;2;50,1608040201005;9982,0;1,2466499162479063;12,233668341708542;199
2024;3;1;3;42,7035175879397;8498,0;0,8973063973063973;10,78140703517588;199
2024;3;1;4;46,835427135678394;9320,25;0,8303722504230119;11,918341708542714;199
2024;3;1;5;67,88316582914572;13508,75;1,1023688663282571;16,076633165829147;199
2024;3;1;6;219,2751256281407;43635,75;2,718013468013468;24,042713567839197;199
2024;3;1;7;544,8291457286432;108421,0;7,369346733668341;26,853015075376884;199
2024;3;1;8;719,0188442211055;143084,75;11,388609715242882;26,829145728643216;199
2024;3;1;9;701,6243718592965;139623,25;11,414572864321608;27,241206030150753;199
2024;3;1;10;595,98625;119197,25;8,634583333333333;27,7;200
2024;3;1;11;583,9925;116798,5;8,212730318257956;27,92375;200
2024;3;1;12;603,6218592964824;120120,75;8,190656565656566;28,37562814070352;199
2024;3;1;13;647,1859296482412;128790,0;8,912037037037036;28,350502512562816;199
2024;3;1;14;732,35125;146470,25;9,68718592964824;28,93;200
2024;3;1;15;738,42;147684,0;9,380653266331658;29,0225;200
2024;3;1;16;680,33625;136067,25;8,74036850921273;29,3175;200
2024;3;1;17;738,28875;147657,75;10,175879396984925;28,44875;200
2024;3;1;18;787,35375;157470,75;11,27889447236181;28,14625;200
2024;3;1;19;764,73875;152947,75;11,543969849246231;27,8925;200
2024;3;1;20;669,2;133840,0;8,433417085427136;28,31625;200
2024;3;1;21;541,23625;108247,25;6,6126465661641545;28,4925;200
2024;3;1;22;375,2675;75053,5;4,326666666666667;28,90375;200
2024;3;1;23;267,39125;53478,25;3,220416666666667;27,56875;200
2024;3;2;0;195,71875;39143,75;2,5399831649831652;22,075;200
2024;3;2;1;99,075;19815,0;1,6863484087102176;17,16375;200
2024;3;2;2;59,95125;11990,25;1,1898148148148149;13,85;200
2024;3;2;3;47,31375;9462,75;0,9318181818181818;11,3975;200
2024;3;2;4;48,18;9636,0;0,7765151515151515;11,54375;200
2024;3;2;5;71,58125;14316,25;1,0067340067340067;16,1075;200
2024;3;2;6;217,14625;43429,25;2,5506700167504186;26,00625;200
2024;3;2;7;539,515;107903,0;6,697390572390572;27,58375;200
2024;3;2;8;715,3743718592965;142359,5;10,713804713804715;27,58668341708543;199
2024;3;2;9;706,1;141220,0;11,924166666666668;27,6325;200
2024;3;2;10;604,0175;120803,5;8,794166666666666;28,3225;200
2024;3;2;11;594,15125;118830,25;8,270416666666666;28,78125;200
2024;3;2;12;625,3819095477387;124451,0;8,64530988274707;28,928391959798994;199
2024;3;2;13;672,2927135678392;133786,25;9,021356783919598;29,08040201005025;199
2024;3;2;14;772,42;154484,0;9,88375;29,07875;200
2024;3;2;15;767,64;153528,0;10,00375;28,87875;200
2024;3;2;16;700,43875;140087,75;9,03875;29,16875;200
2024;3;2;17;729,3475;145869,5;10,0475;28,775;200
2024;3;2;18;761,2775;152255,5;10,615;28,3575;200
2024;3;2;19;753,48125;150696,25;10,23625;28,1025;200
2024;3;2;20;693,095;138619,0;8,9525;28,825;200
2024;3;2;21;549,95125;109990,25;6,390833333333334;29,06625;200
2024;3;2;22;397,0375;79407,5;4,525416666666667;29,565;200
2024;3;2;23;309,49;61898,0;3,73625;27,01625;200
2024;3;3;0;241,51125;48302,25;2,770938023450586;23,9225;200
2024;3;3;1;138,7725;27754,5;1,7458333333333333;21,0225;200
2024;3;3;2;92,99375;18598,75;1,4731993299832498;17,35;200
2024;3;3;3;77,34125;15468,25;1,1817789291882554;14,90375;200
2024;3;3;4;73,59;14718,0;1,0084602368866329;14,76125;200
2024;3;3;5;92,535;18507,0;1,06523569023569;17,40625;200
2024;3;3;6;224,9125;44982,5;2,316077441077441;25,86375;200
2024;3;3;7;508,43875;101687,75;5,931818181818182;28,365;200
2024;3;3;8;667,83;133566,0;9,540833333333333;27,95625;200
2024;3;3;9;659,34375;131868,75;9,81030150753769;27,96875;200
2024;3;3;10;553,745;110749,0;7,456228956228956;28,13625;200
2024;3;3;11;567,57625;113515,25;7,074583333333334;28,63;200
2024;3;3;12;593,095;118619,0;7,180416666666666;28,8625;200
2024;3;3;13;628,32125;125664,25;7,8254166666666665;28,83125;200
2024;3;3;14;706,1625;141232,5;8,8775;28,85875;200
2024;3;3;15;694,88375;138976,75;8,493333333333334;29,045;200
2024;3;3;16;640,68;128136,0;8,705808080808081;28,96125;200
2024;3;3;17;675,96875;135193,75;9,07125;28,54;200
2024;3;3;18;714,955;142991,0;10,652083333333332;27,83;200
2024;3;3;19;705,75625;141151,25;10,476130653266331;28,0525;200
2024;3;3;20;660,30375;132060,75;8,269166666666667;28,20375;200
2024;3;3;21;539,75375;107950,75;6,395;28,73625;200
2024;3;3;22;406,14125;81228,25;4,745833333333334;28,4225;200
2024;3;3;23;329,8756544502618;63006,25;3,8089005235602094;29,12041884816754;191
2024;3;4;0;243,61947791164658;60661,25;3,2022357723577235;25,34136546184739;249
2024;3;4;1;140,113;35028,25;2,1263333333333336;21,365;250
2024;3;4;2;92,161;23040,25;1,6491935483870968;18,129;250
2024;3;4;3;68,703;17175,75;1,4193333333333333;15,129;250
2024;3;4;4;62,401;15600,25;1,396;15,037;250
2024;3;4;5;80,339;20084,75;1,4784075573549256;17,739;250
2024;3;4;6;201,139;50284,75;2,6440620782726048;24,349;250
2024;3;4;7;459,45180722891564;114403,5;6,09005376344086;27,643574297188756;249
2024;3;4;8;605,5532128514056;150782,75;8,72614247311828;27,98995983935743;249
2024;3;4;9;575,7018072289156;143349,75;8,487951807228916;27,99397590361446;249
2024;3;4;10;529,02;132255,0;7,497333333333333;28,238;250
2024;3;4;11;546,624;136656,0;7,611;28,104;250
2024;3;4;12;592,749;148187,25;8,230333333333334;28,517;250
2024;3;4;13;637,898;159474,5;8,963666666666667;28,289;250
2024;3;4;14;747,618;186904,5;10,709;28,317;250
2024;3;4;15;734,415;183603,75;11,185666666666666;27,382;250
2024;3;4;16;633,988;158497,0;8,795333333333334;28,111;250
2024;3;4;17;659,4707661290323;163548,75;8,991263440860216;28,800403225806452;248
2024;3;4;18;661,832;165458,0;8,827;28,425;250
2024;3;4;19;642,834;160708,5;9,007;28,054;250
2024;3;4;20;645,194;161298,5;9,479;27,6;250
2024;3;4;21;574,355;143588,75;7,681666666666667;28,523;250
2024;3;4;22;430,891;107722,75;5,107;28,064;250
2024;3;4;23;340,678;85169,5;4,162666666666667;27,896;250
2024;3;5;0;312,8427947598253;71641,0;3,5848082595870205;29,87008733624454;229
2024;3;5;1;246,306;61576,5;2,9533333333333336;26,283;250
2024;3;5;2;174,169;43542,25;2,531;24,875;250
2024;3;5;3;133,738;33434,5;2,029014844804318;22,024;250
2024;3;5;4;114,726;28681,5;1,7015582655826558;21,127;250
2024;3;5;5;111,873;27968,25;1,6155913978494625;20,708;250
2024;3;5;6;156,3995983935743;38943,5;2,034805890227577;24,764056224899598;249
2024;3;5;7;188,55342741935485;46761,25;2,3518145161290325;25,913306451612904;248
2024;3;5;8;239,576;59894,0;2,6305220883534135;27,704;250
2024;3;5;9;328,826;82206,5;3,7170698924731185;28,131;250
2024;3;5;10;422,131;105532,75;4,935333333333333;28,452;250
2024;3;5;11;508,963;127240,75;6,007666666666667;28,039;250
2024;3;5;12;562,444;140611,0;6,864333333333333;28,037;250
2024;3;5;13;619,273;154818,25;7,746666666666667;28,327;250
2024;3;5;14;647,129;161782,25;8,217;28,73;250
2024;3;5;15;481,085;120271,25;5,689666666666667;28,966;250
2024;3;5;16;408,613;102153,25;4,745666666666667;28,959;250
2024;3;5;17;475,918;118979,5;5,544666666666667;28,652;250
2024;3;5;18;544,032;136008,0;6,895;28,369;250
2024;3;5;19;567,588;141897,0;7,339;28,198;250
2024;3;5;20;574,566;143641,5;7,874;27,988;250
2024;3;5;21;516,009;129002,25;6,513666666666667;28,175;250
2024;3;5;22;429,216;107304,0;5,359666666666667;28,544;250
2024;3;5;23;360,029;90007,25;4,673666666666667;28,242;250
2024;3;6;0;340,141;85035,25;4,417;27,848;250
2024;3;6;1;261,004;65251,0;3,6443333333333334;26,958;250
2024;3;6;2;197,19875;39439,75;3,003333333333333;25,655;200
2024;3;6;3;148,1662895927602;32744,75;2,754524886877828;21,300904977375566;221
2024;3;6;4;125,339;31334,75;2,1912955465587043;22,965;250
2024;3;6;5;113,816;28454,0;2,031713900134953;22,675;250
2024;3;6;6;147,319;36829,75;2,0863575268817205;25,101;250
2024;3;6;7;167,15587044534414;41287,5;2,2950542005420056;26,608299595141702;247
2024;3;6;8;176,00202429149797;43472,5;2,4520408163265306;26,101214574898787;247
2024;3;6;9;221,30722891566265;55105,5;2,987231182795699;26,944779116465863;249
2024;3;6;10;321,892;80473,0;3,9467871485943773;28,06;250
2024;3;6;11;433,811;108452,75;5,728915662650603;28,045;250
2024;3;6;12;510,05;127512,5;6,875502008032129;28,512;250
2024;3;6;13;576,224;144056,0;7,282666666666667;28,333;250
2024;3;6;14;610,081;152520,25;7,786;28,256;250
2024;3;6;15;460,242;115060,5;5,853666666666667;28,406;250
2024;3;6;16;421,978;105494,5;5,715666666666667;28,352;250
2024;3;6;17;500,279;125069,75;6,375;28,315;250
2024;3;6;18;543,224;135806,0;7,130333333333333;28,368;250
2024;3;6;19;537,571;134392,75;7,103333333333333;28,114;250
2024;3;6;20;542,361;135590,25;6,911333333333333;28,148;250
2024;3;6;21;488,608;122152,0;6,017333333333333;28,437;250
2024;3;6;22;366,919;91729,75;4,218666666666667;28,367;250
2024;3;6;23;284,906;71226,5;3,5266666666666664;27,231;250
2024;4;0;0;348,42105263157896;86060,0;4,287909836065574;28,657894736842106;247
2024;4;0;1;256,551;64137,75;3,294871794871795;25,052;250
2024;4;0;2;224,874;56218,5;2,970867208672087;23,137;250
2024;4;0;3;214,334;53583,5;2,743927125506073;21,842;250
2024;4;0;4;207,307;51826,75;2,5711875843454792;21,295;250
2024;4;0;5;224,875;56218,75;2,7825940860215055;23,496;250
2024;4;0;6;322,462;80615,5;3,7298387096774195;27,181;250
2024;4;0;7;552,544;138136,0;7,244623655913979;29,577;250
2024;4;0;8;698,518;174629,5;10,382728494623656;29,104;250
2024;4;0;9;682,358;170589,5;10,929435483870968;28,891;250
2024;4;0;10;601,071;150267,75;8,493951612903226;29,527;250
2024;4;0;11;598,972;149743,0;7,7627175368139225;29,533;250
2024;4;0;12;621,688;155422,0;7,826305220883534;29,321;250
2024;4;0;13;646,851;161712,75;8,20281124497992;29,27;250
2024;4;0;14;724,486;181121,5;9,334002677376171;29,532;250
2024;4;0;15;728,371;182092,75;8,8714859437751;29,885;250
2024;4;0;16;666,349;166587,25;8,441767068273093;29,798;250
2024;4;0;17;708,066;177016,5;9,451807228915662;29,719;250
2024;4;0;18;750,082;187520,5;11,024096385542169;29,294;250
2024;4;0;19;747,795;186948,75;10,106425702811245;29,467;250
2024;4;0;20;673,846;168461,5;8,126506024096386;30,081;250
2024;4;0;21;557,197;139299,25;6,463855421686747;30,442;250
2024;4;0;22;433,864;108466,0;4,977242302543507;30,237;250
2024;4;0;23;325,199;81299,75;3,8356760374832666;29,445;250
2024;4;1;0;247,049;61762,25;2,95127688172043;24,042;250
2024;4;1;1;180,497;45124,25;2,387432795698925;20,371;250
2024;4;1;2;150,46;37615,0;2,137884872824632;17,971;250
2024;4;1;3;142,071;35517,75;1,8918010752688172;16,356;250
2024;4;1;4;143,985;35996,25;1,7224462365591398;16,777;250
2024;4;1;5;158,838;39709,5;1,8068942436412316;19,248;250
2024;4;1;6;279,3413654618474;69556,0;3,0718623481781377;27,27409638554217;249
2024;4;1;7;578,039;144509,75;7,150602409638554;29,194;250
2024;4;1;8;760,312;190078,0;11,519076305220883;28,74;250
2024;4;1;9;742,825;185706,25;12,58433734939759;28,598;250
2024;4;1;10;640,95;160237,5;9,67536813922356;28,798;250
2024;4;1;11;624,566;156141,5;8,319611780455155;29,82;250
2024;4;1;12;644,071;161017,75;8,56425702811245;29,806;250
2024;4;1;13;668,846;167211,5;8,709;29,715;250
2024;4;1;14;767,747;191936,75;9,943;29,686;250
2024;4;1;15;780,9;195225,0;9,972666666666665;29,332;250
2024;4;1;16;721,7319277108434;179711,25;9,337349397590362;29,938755020080322;249
2024;4;1;17;755,896;188974,0;10,002;29,56;250
2024;4;1;18;788,238;197059,5;10,92;29,064;250
2024;4;1;19;774,59;193647,5;10,927;28,562;250
2024;4;1;20;724,425;181106,25;8,946;29,479;250
2024;4;1;21;592,824;148206,0;6,686;30,08;250
2024;4;1;22;444,863;111215,75;4,8116666666666665;29,983;250
2024;4;1;23;372,715;93178,75;4,150201612903226;29,042;250
2024;4;2;0;330,8854748603352;59228,5;3,4519774011299433;30,094972067039105;179
2024;4;2;1;220,79375;44158,75;2,4795833333333333;23,29625;200
2024;4;2;2;179,80125;35960,25;2,29606365159129;19,51875;200
2024;4;2;3;169,56625;33913,25;1,8604166666666666;18,6875;200
2024;4;2;4;164,37125;32874,25;1,804857621440536;18,055;200
2024;4;2;5;181,15625;36231,25;1,93375;20,55625;200
2024;4;2;6;292,92375;58584,75;3,007916666666667;27,12125;200
2024;4;2;7;589,96125;117992,25;7,07875;29,37625;200
2024;4;2;8;762,39125;152478,25;11,99875;28,5375;200
2024;4;2;9;752,55;150510,0;12,4925;28,48625;200
2024;4;2;10;669,2125;133842,5;9,470416666666667;28,855;200
2024;4;2;11;635,00125;127000,25;8,00375;29,89875;200
2024;4;2;12;652,41125;130482,25;8,15375;30,3225;200
2024;4;2;13;685,95375;137190,75;8,499166666666666;30,09375;200
2024;4;2;14;771,05;154210,0;9,5825;30,30875;200
2024;4;2;15;768,62125;153724,25;9,34;30,27125;200
2024;4;2;16;709,985;141997,0;8,915833333333333;30,20125;200
2024;4;2;17;748,3175;149663,5;10,825833333333332;29,875;200
2024;4;2;18;789,5325;157906,5;12,27375;28,83625;200
2024;4;2;19;785,575;157115,0;11,61875;28,57;200
2024;4;2;20;727,94625;145589,25;9,14875;29,54;200
2024;4;2;21;614,2;122840,0;7,17375;30,035;200
2024;4;2;22;473,01875;94603,75;5,34125;29,9375;200
2024;4;2;23;380,0775;76015,5;4,240833333333333;29,73;200
2024;4;3;0;325,0575;65011,5;3,5775;27,10875;200
2024;4;3;1;226,45625;45291,25;2,5220833333333332;24,48375;200
2024;4;3;2;185,22625;37045,25;2,289763113367174;20,65;200
2024;4;3;3;170,67375;34134,75;2,125213675213675;19,15625;200
2024;4;3;4;164,475;32895,0;1,7811447811447811;19,23625;200
2024;4;3;5;177,95125;35590,25;1,8493265993265995;21,2125;200
2024;4;3;6;270,505;54101,0;3,052517361111111;26,7725;200
2024;4;3;7;504,5525;100910,5;6,579427083333333;28,175;200
2024;4;3;8;670,5975;134119,5;11,021267361111112;27,54625;200
2024;4;3;9;660,85875;132171,75;12,164496527777779;26,82;200
2024;4;3;10;569,9775;113995,5;8,94140625;27,1675;200
2024;4;3;11;548,0175;109603,5;7,710069444444444;28,09875;200
2024;4;3;12;573,11875;114623,75;7,75;28,05;200
2024;4;3;13;654,93;130986,0;8,63;29,83625;200
2024;4;3;14;755,33375;151066,75;9,894472361809045;30,19375;200
2024;4;3;15;751,79;150358,0;9,998324958123954;30,0575;200
2024;4;3;16;705,74625;141149,25;9,722361809045227;29,915;200
2024;4;3;17;746,89;149378,0;10,405778894472363;30,15375;200
2024;4;3;18;776,98125;155396,25;11,399916247906198;29,3875;200
2024;4;3;19;774,9225;154984,5;11,188442211055277;29,39625;200
2024;4;3;20;727,39875;145479,75;9,199748743718592;30,3525;200
2024;4;3;21;643,855;128771,0;7,663316582914573;30,72125;200
2024;4;3;22;504,29625;100859,25;5,850921273031825;30,61125;200
2024;4;3;23;413,44625;82689,25;4,892378559463987;30,225;200
2024;4;4;0;361,2625;72252,5;4,317420435510887;27,16875;200
2024;4;4;1;267,11125;53422,25;3,162897822445561;25,70625;200
2024;4;4;2;218,345;43669,0;2,8375634517766497;23,66875;200
2024;4;4;3;196,535;39307,0;2,503384094754653;20,65;200
2024;4;4;4;187,495;37499,0;2,363065326633166;20,08;200
2024;4;4;5;201,61125;40322,25;2,446817420435511;22,34625;200
2024;4;4;6;301,31625;60263,25;3,478643216080402;27,79625;200
2024;4;4;7;560,0125;112002,5;6,927554438860971;30,2675;200
2024;4;4;8;732,77375;146554,75;9,449748743718592;30,4875;200
2024;4;4;9;710,4725;142094,5;10,017587939698492;30,47;200
2024;4;4;10;633,05;126610,0;8,25251256281407;30,5025;200
2024;4;4;11;634,1275;126825,5;8,278056951423785;30,2375;200
2024;4;4;12;659,4175;131883,5;8,646984924623116;30,42375;200
2024;4;4;13;702,195;140439,0;9,208123953098827;30,36125;200
2024;4;4;14;804,87875;160975,75;11,891959798994975;30,1425;200
2024;4;4;15;804,48375;160896,75;13,22110552763819;29,18875;200
2024;4;4;16;730,30125;146060,25;10,75;29,65625;200
2024;4;4;17;741,81875;148363,75;10,71356783919598;30,09125;200
2024;4;4;18;734,62;146924,0;10,984924623115578;29,35125;200
2024;4;4;19;711,3257575757576;140842,5;9,678510998307953;30,04419191919192;198
2024;4;4;20;699,0075757575758;138403,5;10,035532994923859;29,53787878787879;198
2024;4;4;21;660,1325;132026,5;8,193467336683417;30,0475;200
2024;4;4;22;546,26625;109253,25;6,47319932998325;30,6;200
2024;4;4;23;447,22;89444,0;5,14070351758794;30,5725;200
2024;4;5;0;431,0;86200,0;4,998324958123953;30,155;200
2024;4;5;1;374,65125;74930,25;4,5879396984924625;29,545;200
2024;4;5;2;307,4775;61495,5;3,972361809045226;28,845;200
2024;4;5;3;260,2275;52045,5;3,3086264656616415;27,48625;200
2024;4;5;4;239,7975;47959,5;3,1348408710217757;25,5025;200
2024;4;5;5;233,18375;46636,75;2,9857621440536013;25,92875;200
2024;4;5;6;268,2211055276382;53376,0;3,1923400673400675;28,04145728643216;199
2024;4;5;7;294,1775;58835,5;3,457286432160804;29,41375;200
2024;4;5;8;346,41125;69282,25;3,778056951423786;29,8725;200
2024;4;5;9;442,45625;88491,25;4,9794807370184255;30,40625;200
2024;4;5;10;529,665;105933,0;6,022613065326633;30,4825;200
2024;4;5;11;604,48125;120896,25;6,986180904522613;30,47625;200
2024;4;5;12;655,4425;131088,5;7,924623115577889;30,31375;200
2024;4;5;13;689,15;137830,0;8,734924623115578;29,77625;200
2024;4;5;14;694,585;138917,0;8,800670016750418;29,88625;200
2024;4;5;15;567,335;113467,0;6,530150753768845;30,6125;200
2024;4;5;16;496,7575;99351,5;5,732412060301508;30,39375;200
2024;4;5;17;563,4625;112692,5;6,5619765494137345;30,315;200
2024;4;5;18;610,22;122044,0;7,02680067001675;30,295;200
2024;4;5;19;627,975;125595,0;7,706867671691793;30,0825;200
2024;4;5;20;636,4325;127286,5;8,175879396984925;29,76125;200
2024;4;5;21;617,10375;123420,75;7,742462311557789;30,4675;200
2024;4;5;22;558,17875;111635,75;6,773031825795645;30,465;200
2024;4;5;23;476,32625;95265,25;5,853015075376884;30,08;200
2024;4;6;0;459,83;91966,0;5,982830820770519;30,0425;200
2024;4;6;1;402,62875;80525,75;4,957705192629816;29,8725;200
2024;4;6;2;323,58875;64717,75;4,2793132328308205;28,98875;200
2024;4;6;3;278,18875;55637,75;3,5542929292929295;27,9375;200
2024;4;6;4;251,4875;50297,5;3,33502538071066;26,15125;200
2024;4;6;5;241,42;48284,0;3,140151515151515;26,26;200
2024;4;6;6;263,9535175879397;52526,75;3,1136363636363638;28,251256281407034;199
2024;4;6;7;276,8253768844221;55088,25;3,1954314720812182;29,383165829145728;199
2024;4;6;8;289,7462121212121;57369,75;3,4519557823129254;29,633838383838384;198
2024;4;6;9;330,1395939086294;65037,5;4,05484693877551;28,45939086294416;197
2024;4;6;10;411,6802030456853;81101,0;4,780612244897959;28,873096446700508;197
2024;4;6;11;498,58502538071065;98221,25;5,74702380952381;28,968274111675125;197
2024;4;6;12;560,7462311557789;111588,5;6,733585858585859;28,25502512562814;199
2024;4;6;13;609,9671717171717;120773,5;7,723773265651438;28,078282828282827;198
2024;4;6;14;620,4145728643216;123462,5;7,811447811447811;27,775125628140703;199
2024;4;6;15;532,6494974874372;105997,25;6,3716329966329965;29,242462311557787;199
2024;4;6;16;488,15875;97631,75;5,669179229480737;30,5125;200
2024;4;6;17;560,35125;112070,25;6,4128978224455615;30,32375;200
2024;4;6;18;594,9725;118994,5;6,865159128978225;30,29;200
2024;4;6;19;594,595;118919,0;7,103956228956228;30,0825;200
2024;4;6;20;602,735;120547,0;7,494107744107744;30,01;200
2024;4;6;21;568,42;113684,0;6,982323232323233;30,12375;200
2024;4;6;22;478,6325;95726,5;5,631734006734006;30,25;200
2024;4;6;23;422,07875;84415,75;4,997053872053872;30,0925;200
2024;5;0;0;225,77949438202248;40188,75;2,3717228464419478;27,55056179775281;178
2024;5;0;1;131,595;26319,0;1,8995833333333334;21,19875;200
2024;5;0;2;72,98125;14596,25;1,3063973063973064;16,79625;200
2024;5;0;3;51,4575;10291,5;1,0012626262626263;12,73;200
2024;5;0;4;45,81;9162,0;0,7814070351758794;11,64375;200
2024;5;0;5;69,38;13876,0;1,0120833333333332;15,9875;200
2024;5;0;6;210,12;42024,0;2,4604166666666667;25,41625;200
2024;5;0;7;565,62625;113125,25;7,20625;29,08125;200
2024;5;0;8;788,3957286432161;156890,75;11,788107202680068;27,805276381909547;199
2024;5;0;9;746,62125;149324,25;12,382747068676716;27,12375;200
2024;5;0;10;630,7801507537688;125525,25;8,853433835845896;28,35175879396985;199
2024;5;0;11;603,5314070351759;120102,75;8,028056951423785;28,756281407035175;199
2024;5;0;12;626,4334170854271;124660,25;8,337939698492463;28,801507537688444;199
2024;5;0;13;653,7474747474747;129442,0;8,503787878787879;28,838383838383837;198
2024;5;0;14;759,69625;151939,25;9,75;28,75625;200
2024;5;0;15;773,92125;154784,25;9,512083333333333;28,45625;200
2024;5;0;16;710,4325;142086,5;9,2375;28,6725;200
2024;5;0;17;755,04625;151009,25;10,184583333333334;28,69375;200
2024;5;0;18;795,8475;159169,5;11,17875;28,0425;200
2024;5;0;19;786,7097989949749;156555,25;10,797738693467336;28,155778894472363;199
2024;5;0;20;686,7275;137345,5;8,10125;28,535;200
2024;5;0;21;561,3075;112261,5;6,3925;29,50125;200
2024;5;0;22;403,5251256281407;80301,5;4,539782244556114;29,639447236180903;199
2024;5;0;23;287,88875;57577,75;3,3954166666666667;28,185;200
2024;5;1;0;188,6731843575419;33772,5;2,247191011235955;25,135474860335197;179
2024;5;1;1;105,865;21173,0;1,5905245346869712;18,64875;200
2024;5;1;2;57,53125;11506,25;1,1591289782244556;14,37125;200
2024;5;1;3;43,76875;8753,75;0,8525963149078727;11,42125;200
2024;5;1;4;44,40125;8880,25;0,6930485762144053;11,465;200
2024;5;1;5;68,64625;13729,25;0,932998324958124;16,1;200
2024;5;1;6;208,7625;41752,5;2,36125;25,69375;200
2024;5;1;7;573,8975;114779,5;7,26875;28,78875;200
2024;5;1;8;780,17375;156034,75;12,306666666666667;27,31;200
2024;5;1;9;742,48875;148497,75;14,862083333333333;25,84375;200
2024;5;1;10;659,2198492462312;131184,75;9,79606365159129;27,394472361809044;199
2024;5;1;11;616,6143216080402;122706,25;8,304438860971525;28,667085427135678;199
2024;5;1;12;643,0464824120603;127966,25;8,836683417085426;29,025125628140703;199
2024;5;1;13;682,0025125628141;135718,5;8,814489112227806;28,87437185929648;199
2024;5;1;14;783,975;156795,0;10,12375;28,67625;200
2024;5;1;15;787,48375;157496,75;10,64375;27,93875;200
2024;5;1;16;720,37;144074,0;10,09875;28,22625;200
2024;5;1;17;768,6575;153731,5;10,73;28,01375;200
2024;5;1;18;812,265;162453,0;13,0425;27,30375;200
2024;5;1;19;811,78875;162357,75;12,83625;26,70375;200
2024;5;1;20;756,6846733668342;150580,25;10,271775544388609;27,959798994974875;199
2024;5;1;21;611,4475;122289,5;7,315;29,03875;200
2024;5;1;22;443,11375;88622,75;5,321666666666666;29,2225;200
2024;5;1;23;333,18375;66636,75;4,13125;28,525;200
2024;5;2;0;251,22816593886463;57531,25;3,2521929824561404;28,343886462882097;229
2024;5;2;1;171,693;42923,25;2,3678045515394914;22,384;250
2024;5;2;2;113,28;28320,0;1,959005376344086;18,64;250
2024;5;2;3;93,905;23476,25;1,5311244979919678;16,749;250
2024;5;2;4;68,711;17177,75;1,2866263440860215;15,108;250
2024;5;2;5;73,743;18435,75;1,0243333333333333;16,704;250
2024;5;2;6;178,75401606425703;44509,75;1,9993279569892473;24,21385542168675;249
2024;5;2;7;435,4347389558233;108423,25;5,395917001338688;28,8785140562249;249
2024;5;2;8;582,287;145571,75;8,937666666666667;27,582;250
2024;5;2;9;578,686;144671,5;10,214;26,624;250
2024;5;2;10;556,472;139118,0;8,065;27,252;250
2024;5;2;11;576,148;144037,0;7,132;28,437;250
2024;5;2;12;603,7178714859438;150325,75;8,204453441295547;28,47690763052209;249
2024;5;2;13;629,022;157255,5;8,87231182795699;28,031;250
2024;5;2;14;697,222;174305,5;9,444666666666667;28,316;250
2024;5;2;15;671,123;167780,75;8,772333333333334;28,502;250
2024;5;2;16;600,24;150060,0;7,756666666666667;28,732;250
2024;5;2;17;651,902;162975,5;8,741;28,439;250
2024;5;2;18;705,096;176274,0;10,67;27,546;250
2024;5;2;19;698,7730923694779;173994,5;10,42536813922356;27,339357429718877;249
2024;5;2;20;649,7580321285141;161789,75;8,303547523427042;28,380522088353413;249
2024;5;2;21;558,0140562248996;138945,5;6,387215528781794;29,133534136546185;249
2024;5;2;22;425,859;106464,75;4,712333333333333;29,233;250
2024;5;2;23;344,15020161290323;85349,25;4,002352150537635;28,907258064516128;248
2024;5;3;0;300,79276315789474;68580,75;3,3663729809104255;28,212719298245613;228
2024;5;3;1;187,04495614035088;42646,25;2,290748898678414;25,54385964912281;228
2024;5;3;2;108,47278225806451;26901,25;1,5991902834008098;19,820564516129032;248
2024;5;3;3;74,8132530120482;18628,5;1,3075635876840694;15,890562248995984;249
2024;5;3;4;65,5632530120482;16325,25;0,9454484605087015;14,186746987951807;249
2024;5;3;5;84,888;21222,0;1,2637215528781796;17,796;250
2024;5;3;6;196,05722891566265;48818,25;2,1497975708502026;25,086345381526105;249
2024;5;3;7;487,99397590361446;121510,5;5,636546184738956;28,53413654618474;249
2024;5;3;8;676,895;169223,75;9,292666666666666;27,797;250
2024;5;3;9;665,274;166318,5;10,864;27,248;250
2024;5;3;10;586,6987951807229;146088,0;8,502008032128513;27,896586345381525;249
2024;5;3;11;588,9698795180723;146653,5;7,367469879518072;28,667670682730925;249
2024;5;3;12;612,3383534136547;152472,25;7,886880856760374;28,440763052208837;249
2024;5;3;13;650,9919678714859;162097,0;8,19912985274431;28,690763052208837;249
2024;5;3;14;724,7218875502008;180455,75;9,335676037483267;28,45883534136546;249
2024;5;3;15;713,572;178393,0;9,240666666666666;28,272;250
2024;5;3;16;665,968;166492,0;8,524333333333335;28,451;250
2024;5;3;17;714,318;178579,5;9,986;28,464;250
2024;5;3;18;755,82;188955,0;11,071666666666665;27,426;250
2024;5;3;19;744,676;186169,0;10,406333333333334;27,464;250
2024;5;3;20;690,107;172526,75;8,868;28,063;250
2024;5;3;21;608,6804979253112;146692,0;6,967496542185339;30,15560165975104;241
2024;5;3;22;466,238;116559,5;5,312666666666667;29,073;250
2024;5;3;23;362,224;90556,0;4,197;28,725;250
2024;5;4;0;297,00545851528386;68014,25;3,6842105263157894;26,728165938864628;229
2024;5;4;1;191,1986899563319;43784,5;2,4203216374269005;23,829694323144103;229
2024;5;4;2;112,378;28094,5;1,7123655913978495;17,707;250
2024;5;4;3;83,92842323651452;20226,75;1,2642956764295676;15,571576763485478;241
2024;5;4;4;74,67219917012449;17996,0;1,1576011157601116;14,87344398340249;241
2024;5;4;5;92,81016597510373;22367,25;1,3573919107391912;17,786307053941908;241
2024;5;4;6;213,06535269709545;51348,75;2,5;26,62033195020747;241
2024;5;4;7;499,9408713692946;120485,75;5,663554633471646;29,988589211618258;241
2024;5;4;8;691,3866396761133;170772,5;8,827935222672064;29,558704453441294;247
2024;5;4;9;664,818;166204,5;9,050333333333334;28,699;250
2024;5;4;10;611,291;152822,75;7,866666666666667;28,492;250
2024;5;4;11;618,4457831325301;153993,0;7,890227576974565;28,349397590361445;249
2024;5;4;12;652,7178714859438;162526,75;8,41231593038822;28,40562248995984;249
2024;5;4;13;694,3654618473896;172897,0;9,013052208835342;28,359437751004016;249
2024;5;4;14;813,51;203377,5;12,013;27,895;250
2024;5;4;15;803,033;200758,25;12,651;26,892;250
2024;5;4;16;719,748;179937,0;11,069;26,956;250
2024;5;4;17;740,116;185029,0;10,917333333333334;27,448;250
2024;5;4;18;736,137;184034,25;11,032;27,54;250
2024;5;4;19;712,432;178108,0;10,583;27,622;250
2024;5;4;20;687,849;171962,25;9,641;27,677;250
2024;5;4;21;643,354;160838,5;8,261666666666667;28,364;250
2024;5;4;22;522,624;130656,0;6,472666666666667;28,424;250
2024;5;4;23;399,632;99908,0;4,783333333333333;28,663;250
2024;5;5;0;366,0013966480447;65514,25;4,182584269662922;31,928770949720672;179
2024;5;5;1;290,63375;58126,75;3,742916666666667;26,81625;200
2024;5;5;2;214,79;42958,0;3,158333333333333;26,5;200
2024;5;5;3;162,22125;32444,25;2,3985690235690234;23,94;200
2024;5;5;4;128,36;25672,0;1,9699661590524533;22,09875;200
2024;5;5;5;111,86625;22373,25;1,8015075376884422;21,8275;200
2024;5;5;6;148,9625;29792,5;2,09375;24,86625;200
2024;5;5;7;194,38625;38877,25;2,3941666666666666;25,9725;200
2024;5;5;8;246,82125;49364,25;2,814070351758794;27,3375;200
2024;5;5;9;356,725;71345,0;4,060833333333333;28,395;200
2024;5;5;10;475,17125;95034,25;5,471666666666667;28,63125;200
2024;5;5;11;564,89875;112979,75;6,43;28,30375;200
2024;5;5;12;617,8875;123577,5;7,32125;28,27875;200
2024;5;5;13;662,1475;132429,5;7,924166666666666;28,20125;200
2024;5;5;14;680,285;136057,0;8,7125;27,9725;200
2024;5;5;15;534,24625;106849,25;5,988333333333333;28,53375;200
2024;5;5;16;425,0325;85006,5;4,85375;28,74375;200
2024;5;5;17;509,01;101802,0;5,899166666666666;28,52375;200
2024;5;5;18;591,93625;118387,25;7,276666666666666;28,33625;200
2024;5;5;19;611,8115577889447;121750,5;7,296482412060302;28,314070351758794;199
2024;5;5;20;613,85;122770,0;7,83375;27,98875;200
2024;5;5;21;597,52875;119505,75;7,339583333333334;28,30125;200
2024;5;5;22;531,144472361809;105697,75;6,092964824120603;28,497487437185928;199
2024;5;5;23;438,55125;87710,25;5,36625;28,50125;200
2024;5;6;0;441,39125;88278,25;5,3125;28,47125;200
2024;5;6;1;346,00125;69200,25;4,225416666666667;27,7475;200
2024;5;6;2;247,62875;49525,75;3,21625;26,96875;200
2024;5;6;3;195,3025;39060,5;2,6683417085427137;25,965;200
2024;5;6;4;141,8;28360,0;2,053601340033501;23,5775;200
2024;5;6;5;115,2;23040,0;1,6954166666666666;21,61;200
2024;5;6;6;142,90577889447235;28438,25;1,7625628140703518;24,20603015075377;199
2024;5;6;7;171,3421717171717;33925,75;1,9398148148148147;26,467171717171716;198
2024;5;6;8;189,78140703517587;37766,5;2,1687604690117253;25,930904522613066;199
2024;5;6;9;250,11375;50022,75;2,992916666666667;26,85375;200
2024;5;6;10;357,13375;71426,75;3,9595833333333332;27,4225;200
2024;5;6;11;481,91625;96383,25;5,5633333333333335;27,53;200
2024;5;6;12;555,61625;111123,25;6,474874371859296;27,93625;200
2024;5;6;13;630,46125;126092,25;7,7525;28,1875;200
2024;5;6;14;665,1256281407035;132360,0;7,816582914572864;28,425879396984925;199
2024;5;6;15;527,59375;105518,75;6,024166666666666;28,75;200
2024;5;6;16;447,34125;89468,25;5,23;28,535;200
2024;5;6;17;544,3530150753769;108326,25;6,450167504187604;28,522613065326635;199
2024;5;6;18;603,115;120623,0;7,660416666666666;27,9125;200
2024;5;6;19;611,4375;122287,5;7,34625;28,5075;200
2024;5;6;20;584,62;116924,0;7,172083333333334;28,95;200
2024;5;6;21;554,09125;110818,25;6,55;28,7275;200
2024;5;6;22;457,13693467336685;90970,25;4,989530988274707;29,209798994974875;199
2024;5;6;23;326,83793969849245;65040,75;3,7738693467336684;28,32286432160804;199
2024;6;0;0;244,335;48867,0;2,807083333333333;26,55875;200
2024;6;0;1;144,53;28906,0;2,018006700167504;23,77125;200
2024;6;0;2;80,91;16182,0;1,3806532663316582;19,06375;200
2024;6;0;3;57,4775;11495,5;1,0091666666666665;14,9075;200
2024;6;0;4;51,735;10347,0;0,8135521885521886;13,68125;200
2024;6;0;5;71,80125;14360,25;0,9276649746192893;18,11625;200
2024;6;0;6;217,58875;43517,75;2,6365159128978224;25,52875;200
2024;6;0;7;569,965;113993,0;6,950833333333334;28,28375;200
2024;6;0;8;757,55375;151510,75;11,634583333333332;26,99625;200
2024;6;0;9;717,435;143487,0;12,7075;26,25;200
2024;6;0;10;610,7725;122154,5;8,5575;27,4;200
2024;6;0;11;597,52;119504,0;8,02375;28,0175;200
2024;6;0;12;627,88375;125576,75;7,93125;28,63125;200
2024;6;0;13;659,315;131863,0;8,52375;28,67875;200
2024;6;0;14;771,83625;154367,25;10,22875;29,0475;200
2024;6;0;15;771,90125;154380,25;10,30375;28,18375;200
2024;6;0;16;694,15625;138831,25;8,7025;28,46875;200
2024;6;0;17;723,275;144655,0;8,99;28,5175;200
2024;6;0;18;747,3975;149479,5;9,72110552763819;28,40625;200
2024;6;0;19;741,525;148305,0;9,732412060301508;28,29375;200
2024;6;0;20;666,54875;133309,75;8,071608040201005;28,83;200
2024;6;0;21;554,2425;110848,5;6,244974874371859;29,21625;200
2024;6;0;22;425,20125;85040,25;4,763400335008375;29,17;200
2024;6;0;23;332,39375;66478,75;3,7931323283082077;28,0625;200
2024;6;1;0;252,40125;50480,25;2,9579124579124576;24,49125;200
2024;6;1;1;177,63375;35526,75;2,3616751269035534;22,08;200
2024;6;1;2;137,46375;27492,75;1,8923785594639866;18,505;200
2024;6;1;3;122,07375;24414,75;1,746212121212121;16,84875;200
2024;6;1;4;121,645;24329,0;1,6224747474747474;17,04625;200
2024;6;1;5;141,295;28259,0;1,6821608040201006;19,605;200
2024;6;1;6;267,3825;53476,5;2,890284757118928;26,24625;200
2024;6;1;7;578,2525;115650,5;7,2868509212730315;28,39875;200
2024;6;1;8;750,04;150008,0;11,890284757118927;27,13;200
2024;6;1;9;722,97125;144594,25;12,611390284757118;26,4575;200
2024;6;1;10;626,77875;125355,75;9,097989949748744;27,6575;200
2024;6;1;11;621,2688442211055;123632,5;7,842171717171717;28,599246231155778;199
2024;6;1;12;640,8266331658291;127524,5;8,345117845117844;28,655778894472363;199
2024;6;1;13;674,96375;134992,75;8,814070351758794;28,665;200
2024;6;1;14;762,73375;152546,75;10,630653266331658;28,465;200
2024;6;1;15;766,27875;153255,75;9,767587939698492;28,53875;200
2024;6;1;16;707,594696969697;140103,75;9,01269035532995;28,727272727272727;198
2024;6;1;17;724,8040201005025;144236,0;9,590452261306533;28,560301507537687;199
2024;6;1;18;807,39;161478,0;11,035;27,9025;200
2024;6;1;19;789,81625;157963,25;10,3875;27,7475;200
2024;6;1;20;719,3354591836735;140989,75;8,698979591836734;29,039540816326532;196
2024;6;1;21;590,3248730964467;116294,0;6,797800338409476;29,568527918781726;197
2024;6;1;22;434,4936868686869;86029,75;4,977693602693603;29,258838383838384;198
2024;6;1;23;334,5353535353535;66238,0;4,029040404040404;28,6010101010101;198
2024;6;2;0;253,5189393939394;50196,75;3,1426767676767677;24,588383838383837;198
2024;6;2;1;145,5669191919192;28822,25;2,045875420875421;19,897727272727273;198
2024;6;2;2;83,78787878787878;16590,0;1,474326599326599;15,684343434343434;198
2024;6;2;3;65,61489898989899;12991,75;1,2104377104377104;13,2739898989899;198
2024;6;2;4;63,217171717171716;12517,0;1,1725589225589226;13,795454545454545;198
2024;6;2;5;81,93813131313131;16223,75;1,2251683501683501;16,819444444444443;198
2024;6;2;6;222,60406091370558;43853,0;2,6581196581196584;25,385786802030456;197
2024;6;2;7;588,020202020202;116428,0;7,1952861952861955;28,91287878787879;198
2024;6;2;8;780,7828282828283;154595,0;12,13594276094276;27,439393939393938;198
2024;6;2;9;749,4469696969697;148390,5;12,919612794612796;27,10479797979798;198
2024;6;2;10;633,07875;126615,75;9,25;27,675;200
2024;6;2;11;619,5527638190955;123291,0;8,210636515912897;28,42713567839196;199
2024;6;2;12;654,4525;130890,5;8,20125;28,64625;200
2024;6;2;13;687,92625;137585,25;8,72375;28,56;200
2024;6;2;14;786,25875;157251,75;10,48;28,45375;200
2024;6;2;15;779,3525;155870,5;9,98625;28,385;200
2024;6;2;16;717,1425;143428,5;9,024166666666666;28,44375;200
2024;6;2;17;754,1947236180905;150084,75;9,600502512562814;28,54396984924623;199
2024;6;2;18;805,555;161111,0;10,80875;28,0275;200
2024;6;2;19;798,40125;159680,25;10,70625;27,955;200
2024;6;2;20;733,6525;146730,5;9,1675;28,825;200
2024;6;2;21;598,45625;119691,25;6,85375;29,25875;200
2024;6;2;22;456,3325;91266,5;5,04625;29,09125;200
2024;6;2;23;350,8225;70164,5;4,1554166666666665;28,69125;200
2024;6;3;0;267,62;53524,0;3,518006700167504;25,925;200
2024;6;3;1;160,4925;32098,5;2,0729166666666665;22,7425;200
2024;6;3;2;92,43125;18486,25;1,5256734006734005;18,4525;200
2024;6;3;3;64,69625;12939,25;1,2043147208121827;15,2825;200
2024;6;3;4;60,39625;12079,25;0,9321608040201005;14,4725;200
2024;6;3;5;78,40125;15680,25;1,11625;17,38375;200
2024;6;3;6;214,44625;42889,25;2,4229166666666666;25,2725;200
2024;6;3;7;559,14625;111829,25;6,700167504187604;28,78875;200
2024;6;3;8;777,985;155597,0;11,314583333333333;27,8275;200
2024;6;3;9;745,251256281407;148305,0;12,05820770519263;27,996231155778894;199
2024;6;3;10;649,5954773869347;129269,5;8,956867671691793;28,17462311557789;199
2024;6;3;11;637,11625;127423,25;8,17875;28,0125;200
2024;6;3;12;656,5577889447236;130655,0;8,535175879396984;28,34170854271357;199
2024;6;3;13;679,1482412060302;135150,5;9,034757118927974;28,298994974874372;199
2024;6;3;14;786,9511173184358;140864,25;10,277932960893855;31,772346368715084;179
2024;6;3;15;808,325;161665,0;11,023333333333333;28,08375;200
2024;6;3;16;738,7525;147750,5;9,62125;28,115;200
2024;6;3;17;750,6275;150125,5;10,3525;28,22;200
2024;6;3;18;793,7425;158748,5;10,699583333333333;27,89;200
2024;6;3;19;786,1725;157234,5;10,975;27,45625;200
2024;6;3;20;735,56875;147113,75;9,57625;27,76;200
2024;6;3;21;647,7125;129542,5;7,73375;28,41625;200
2024;6;3;22;493,22;98644,0;5,6;28,8;200
2024;6;3;23;407,0775;81415,5;4,962916666666667;28,37875;200
2024;6;4;0;359,83875;71967,75;4,66;26,33625;200
2024;6;4;1;259,7425;51948,5;3,274166666666667;24,44375;200
2024;6;4;2;195,535;39107,0;2,621859296482412;22,64625;200
2024;6;4;3;167,2525;33450,5;2,4266666666666667;20,055;200
2024;6;4;4;156,91375;31382,75;2,228643216080402;19,3475;200
2024;6;4;5;164,3325;32866,5;2,1458333333333335;21,305;200
2024;6;4;6;273,60125;54720,25;3,265416666666667;26,155;200
2024;6;4;7;536,71;107342,0;6,221666666666667;28,9325;200
2024;6;4;8;702,5375;140507,5;8,87;28,845;200
2024;6;4;9;696,9325;139386,5;9,312916666666666;28,6475;200
2024;6;4;10;615,38875;123077,75;8,24625;28,2625;200
2024;6;4;11;628,4836683417085;125068,25;8,020519262981574;28,149497487437184;199
2024;6;4;12;669,1193467336683;133154,75;8,84003350083752;28,53391959798995;199
2024;6;4;13;720,2399497487437;143327,75;9,724036850921273;28,310301507537687;199
2024;6;4;14;846,1218592964824;168378,25;12,85678391959799;27,96356783919598;199
2024;6;4;15;862,8718592964824;171711,5;13,79606365159129;26,306532663316585;199
2024;6;4;16;746,3015075376884;148514,0;10,06281407035176;27,384422110552762;199
2024;6;4;17;739,1344221105528;147087,75;9,753768844221106;28,482412060301506;199
2024;6;4;18;738,1381909547739;146889,5;10,041457286432161;27,701005025125628;199
2024;6;4;19;717,713567839196;142825,0;10,523869346733669;27,90326633165829;199
2024;6;4;20;728,0163316582915;144875,25;10,172110552763819;28,066582914572866;199
2024;6;4;21;646,3002512562814;128613,75;8,077889447236181;28,45603015075377;199
2024;6;4;22;498,2964824120603;99161,0;6,073701842546064;28,73994974874372;199
2024;6;4;23;386,1709183673469;75689,5;4,523384353741497;28,742346938775512;196
2024;6;5;0;378,3932926829268;93084,75;4,1998644986449865;28,525406504065042;246
2024;6;5;1;311,109756097561;76533,0;3,5613143631436315;28,173780487804876;246
2024;6;5;2;218,47052845528455;53743,75;2,759823848238482;26,695121951219512;246
2024;6;5;3;154,1229674796748;37914,25;1,9630758807588076;24,78760162601626;246
2024;6;5;4;122,09552845528455;30035,5;1,5948979591836734;22,85569105691057;246
2024;6;5;5;116,72865853658537;28715,25;1,596938775510204;21,79979674796748;246
2024;6;5;6;162,65955284552845;40014,25;1,8456284153005464;25,608739837398375;246
2024;6;5;7;212,16565040650406;52192,75;2,325880758807588;27,514227642276424;246
2024;6;5;8;274,5447154471545;67538,0;3,018970189701897;27,976626016260163;246
2024;6;5;9;367,400406504065;90380,5;4,039972899728998;28,754065040650406;246
2024;6;5;10;461,8296370967742;114533,75;5,431451612903226;28,998991935483872;248
2024;6;5;11;551,8293172690763;137405,5;6,591030789825971;28,47690763052209;249
2024;6;5;12;617,8925702811244;153855,25;7,158299866131192;28,46586345381526;249
2024;6;5;13;652,7078313253012;162524,25;7,783132530120482;28,433734939759034;249
2024;6;5;14;670,4548192771084;166943,25;7,705488621151272;28,63755020080321;249
2024;6;5;15;514,027108433735;127992,75;5,707496653279786;28,95682730923695;249
2024;6;5;16;422,0833333333333;105098,75;4,736947791164659;28,86244979919679;249
2024;6;5;17;490,12048192771084;122040,0;5,594042838018742;28,934738955823292;249
2024;6;5;18;544,3955823293172;135554,5;6,279116465863454;28,3785140562249;249
2024;6;5;19;555,6807228915662;138364,5;6,62483266398929;28,352409638554217;249
2024;6;5;20;591,4738955823293;147277,0;7,382530120481928;28,272088353413654;249
2024;6;5;21;526,741935483871;130632,0;6,420362903225806;28,697580645161292;248
2024;6;5;22;442,01807228915663;110062,5;5,211512717536814;28,548192771084338;249
2024;6;5;23;386,09939759036143;96138,75;4,585676037483266;28,28012048192771;249
2024;6;6;0;427,16064257028114;106363,0;5,176706827309237;28,27008032128514;249
2024;6;6;1;342,3453815261044;85244,0;4,174029451137884;27,902610441767067;249
2024;6;6;2;240,11746987951807;59789,25;2,97958500669344;27,234939759036145;249
2024;6;6;3;174,7941767068273;43523,75;2,353413654618474;25,48293172690763;249
2024;6;6;4;141,55522088353413;35247,25;2,002016129032258;23,373493975903614;249
2024;6;6;5;119,64859437751004;29792,5;1,7891566265060241;22,75;249
2024;6;6;6;156,68072289156626;39013,5;1,9089692101740294;25,502008032128515;249
2024;6;6;7;181,05645161290323;44902,0;2,1565860215053765;26,712701612903224;248
2024;6;6;8;190,14616935483872;47156,25;2,185222672064777;26,34576612903226;248
2024;6;6;9;252,789156626506;62944,5;2,742302543507363;26,84437751004016;249
2024;6;6;10;352,281124497992;87718,0;3,882864792503347;27,602409638554217;249
2024;6;6;11;466,77008032128515;116225,75;5,618808567603748;27,699799196787147;249
2024;6;6;12;562,4116465863453;140040,5;6,43574297188755;28,377510040160644;249
2024;6;6;13;613,4718875502008;152754,5;7,022757697456493;28,47590361445783;249
2024;6;6;14;626,6777108433735;156042,75;6,8798527443105755;28,71385542168675;249
2024;6;6;15;481,38253012048193;119864,25;5,354417670682731;29,113453815261042;249
2024;6;6;16;417,3022088353414;103908,25;4,704149933065596;28,854417670682732;249
2024;6;6;17;510,11345381526104;127018,25;5,649598393574297;28,518072289156628;249
2024;6;6;18;569,0873493975904;141702,75;6,5;28,647590361445783;249
2024;6;6;19;572,4508032128514;142540,25;6,511044176706827;28,531124497991968;249
2024;6;6;20;582,7570281124498;145106,5;7,072958500669344;28,53614457831325;249
2024;6;6;21;548,187751004016;136498,75;6,536144578313253;28,67269076305221;249
2024;6;6;22;452,14156626506025;112583,25;4,970548862115128;28,752008032128515;249
2024;6;6;23;346,50602409638554;86280,0;3,846720214190094;28,347389558232933;249
2024;7;0;0;342,996887966805;82662,25;4,11030428769018;24,681535269709542;241
2024;7;0;1;228,7292531120332;55123,75;2,954356846473029;22,978215767634854;241
2024;7;0;2;160,60373443983403;38705,5;2,460069444444444;19,772821576763487;241
2024;7;0;3;137,0103734439834;33019,5;2,1697786998616873;18,783195020746888;241
2024;7;0;4;127,39419087136929;30702,0;1,980902777777778;18,466804979253112;241
2024;7;0;5;145,15352697095435;34982,0;2,1163194444444446;19,82676348547718;241
2024;7;0;6;263,9035269709544;63600,75;3,2911479944674964;25,904564315352697;241
2024;7;0;7;528,8350622406639;127449,25;6,1078838174273855;29,164937759336098;241
2024;7;0;8;669,6732365145228;161391,25;9,308333333333334;28,58402489626556;241
2024;7;0;9;637,4823651452282;153633,25;9,358921161825727;28,78941908713693;241
2024;7;0;10;578,597510373444;139442,0;7,984094052558783;28,644190871369293;241
2024;7;0;11;578,8298755186722;139498,0;7,334716459197788;28,522821576763487;241
2024;7;0;12;600,893153526971;144815,25;7,893153526970955;28,603734439834025;241
2024;7;0;13;620,0228215767635;149425,5;7,95850622406639;28,817427385892117;241
2024;7;0;14;712,7665975103735;171776,75;9,16701244813278;29,022821576763487;241
2024;7;0;15;746,4740663900415;179900,25;9,4149377593361;28,40560165975104;241
2024;7;0;16;651,448132780083;156999,0;8,535269709543568;28,524896265560166;241
2024;7;0;17;649,054979253112;156422,25;8,298755186721992;29,366182572614107;241
2024;7;0;18;688,1307053941908;165839,5;8,83091286307054;28,95020746887967;241
2024;7;0;19;680,8879668049792;164094,0;8,37344398340249;29,186721991701244;241
2024;7;0;20;619,5435684647302;149310,0;7,2254495159059475;29,53112033195021;241
2024;7;0;21;512,9636929460581;123624,25;6,073651452282157;29,59439834024896;241
2024;7;0;22;382,3143153526971;92137,75;4,596818810511756;29,264522821576765;241
2024;7;0;23;289,6773858921162;69812,25;3,524896265560166;27,696058091286307;241
2024;7;1;0;221,17738589211618;53303,75;2,766319444444444;24,08817427385892;241
2024;7;1;1;144,90041493775934;34921,0;2,2746527777777774;20,783195020746888;241
2024;7;1;2;87,01763485477179;20971,25;1,5155601659751037;16,145228215767634;241
2024;7;1;3;65,18775933609959;15710,25;1,2278699861687414;12,877593360995851;241
2024;7;1;4;62,65041493775934;15098,75;1,0525587828492393;12,87344398340249;241
2024;7;1;5;83,00207468879668;20003,5;1,15625;15,78630705394191;241
2024;7;1;6;214,45228215767634;51683,0;2,460235131396957;25,263485477178424;241
2024;7;1;7;521,4190871369294;125662,0;6,172916666666667;29,276970954356848;241
2024;7;1;8;706,2302904564316;170201,5;9,676348547717842;28,83713692946058;241
2024;7;1;9;658,926652892562;159460,25;9,962121212121213;28,487603305785125;242
2024;7;1;10;592,319214876033;143341,25;7,879476584022038;28,760330578512395;242
2024;7;1;11;595,547520661157;144122,5;7,353994490358127;28,956611570247933;242
2024;7;1;12;612,6177685950413;148253,5;7,875;28,871900826446282;242
2024;7;1;13;629,1098326359833;150357,25;8,081241283124129;29,105648535564853;239
2024;7;1;14;748,6809623430962;178934,75;9,722803347280335;29,274058577405857;239
2024;7;1;15;770,8626033057851;186548,75;10,465909090909092;28,60123966942149;242
2024;7;1;16;682,8398760330579;165247,25;8,955578512396695;28,615702479338843;242
2024;7;1;17;665,4566115702479;161040,5;8,835743801652892;28,600206611570247;242
2024;7;1;18;708,4287190082645;171439,75;9,338842975206612;28,649793388429753;242
2024;7;1;19;695,3987603305785;168286,5;8,993801652892563;28,641528925619834;242
2024;7;1;20;642,8646694214876;155573,25;8,205578512396695;29,079545454545453;242
2024;7;1;21;531,1301652892562;128533,5;6,429752066115703;29,451446280991735;242
2024;7;1;22;378,8863636363636;91690,5;4,4772727272727275;28,703512396694215;242
2024;7;1;23;301,20764462809916;72892,25;3,6019283746556474;27,22623966942149;242
2024;7;2;0;255,8388429752066;61913,0;3,032713498622589;24,419421487603305;242
2024;7;2;1;156,9979338842975;37993,5;2,313194444444444;22,480371900826448;242
2024;7;2;2;88,89256198347107;21512,0;1,4700413223140496;17,956611570247933;242
2024;7;2;3;60,239669421487605;14578,0;1,21866391184573;13,625;242
2024;7;2;4;53,19214876033058;12872,5;1,1666666666666667;12,78099173553719;242
2024;7;2;5;70,86776859504133;17150,0;1,253472222222222;16,510330578512395;242
2024;7;2;6;201,67665289256198;48805,75;2,5459889349930847;25,16115702479339;242
2024;7;2;7;514,9121900826447;124608,75;6,362603305785124;29,079545454545453;242
2024;7;2;8;684,3026859504132;165601,25;9,529269972451791;29,007231404958677;242
2024;7;2;9;647,5247933884298;156701,0;9,567148760330578;28,72210743801653;242
2024;7;2;10;584,1518595041322;141364,75;8,058884297520661;28,59607438016529;242
2024;7;2;11;587,8925619834711;142270,0;7,925275482093665;28,755165289256198;242
2024;7;2;12;604,2035123966942;146217,25;8,368112947658402;28,90289256198347;242
2024;7;2;13;634,100622406639;152818,25;8,532157676348548;29,21473029045643;241
2024;7;2;14;755,1286307053942;181986,0;9,947095435684647;29,07261410788382;241
2024;7;2;15;777,3010416666667;186552,25;10,686458333333333;28,553125;240
2024;7;2;16;690,5836820083682;165049,5;8,951534170153417;29,072175732217573;239
2024;7;2;17;674,8598326359833;161291,5;8,739539748953975;28,98326359832636;239
2024;7;2;18;699,0962343096235;167084,0;9,390167364016737;28,5418410041841;239
2024;7;2;19;687,8184647302904;165764,25;9,715421853388658;28,12136929460581;241
2024;7;2;20;646,7520746887967;155867,25;8,46161825726141;28,566390041493776;241
2024;7;2;21;558,0570539419087;134491,75;7,034232365145228;29,4097510373444;241
2024;7;2;22;444,1161825726141;107032,0;5,494467496542185;29,119294605809127;241
2024;7;2;23;364,25829875518673;87786,25;4,614107883817427;28,67323651452282;241
2024;7;3;0;340,1731770833333;65313,25;4,799479166666667;26,575520833333332;192
2024;7;3;1;251,98697916666666;48381,5;3,4657118055555554;24,463541666666668;192
2024;7;3;2;190,35677083333334;36548,5;2,8389756944444446;22,486979166666668;192
2024;7;3;3;158,79166666666666;30488,0;2,3871527777777777;19,809895833333332;192
2024;7;3;4;148,95052083333334;28598,5;2,237413194444444;18,0703125;192
2024;7;3;5;164,88151041666666;31657,25;2,399650959860384;20,360677083333332;192
2024;7;3;6;255,1910994764398;48741,5;3,201570680628272;25,413612565445025;191
2024;7;3;7;459,1041666666667;88148,0;5,373263888888889;28,412760416666668;192
2024;7;3;8;574,0013020833334;110208,25;7,900607638888889;28,194010416666668;192
2024;7;3;9;583,0872395833334;111952,75;7,980034722222222;28,74609375;192
2024;7;3;10;546,91796875;105008,25;7,509982638888889;28,971354166666668;192
2024;7;3;11;559,2486979166666;107375,75;7,442274305555556;28,876302083333332;192
2024;7;3;12;586,7317708333334;112652,5;7,764322916666667;28,955729166666668;192
2024;7;3;13;599,6015625;115123,5;7,930989583333333;29,045572916666668;192
2024;7;3;14;667,51953125;128163,75;8,881944444444445;29,236979166666668;192
2024;7;3;15;663,3033854166666;127354,25;8,811631944444445;28,743489583333332;192
2024;7;3;16;593,38671875;113930,25;7,7265625;28,809895833333332;192
2024;7;3;17;605,03515625;116166,75;7,858506944444444;28,873697916666668;192
2024;7;3;18;625,3828125;120073,5;8,703993055555555;28,790364583333332;192
2024;7;3;19;633,0143229166666;121538,75;8,469618055555555;28,18359375;192
2024;7;3;20;621,7734375;119380,5;8,078534031413612;28,569010416666668;192
2024;7;3;21;545,125;104664,0;6,504774305555556;29,459635416666668;192
2024;7;3;22;443,4205729166667;85136,75;5,322916666666667;29,397135416666668;192
2024;7;3;23;377,6510416666667;72509,0;4,489583333333333;29,1796875;192
2024;7;4;0;335,6614583333333;64447,0;3,8997395833333335;27,063802083333332;192
2024;7;4;1;242,015625;46467,0;3,369357638888889;24,84765625;192
2024;7;4;2;186,95703125;35895,75;2,7862129144851657;23,05859375;192
2024;7;4;3;164,63151041666666;31609,25;2,479824561403509;20,837239583333332;192
2024;7;4;4;153,5625;29484,0;2,5292321116928447;19,537760416666668;192
2024;7;4;5;167,71744791666666;32201,75;2,4629144851657943;21,377604166666668;192
2024;7;4;6;259,9583333333333;49912,0;3,3055555555555554;26,470052083333332;192
2024;7;4;7;459,3580729166667;88196,75;5,164496527777778;29,46484375;192
2024;7;4;8;590,3697916666666;113351,0;7,391493055555556;28,997395833333332;192
2024;7;4;9;585,171875;112353,0;7,765625;28,876302083333332;192
2024;7;4;10;556,8346354166666;106912,25;7,451822916666667;28,65234375;192
2024;7;4;11;574,5833333333334;110320,0;7,497395833333333;28,446614583333332;192
2024;7;4;12;609,4192708333334;117008,5;7,984375;28,513020833333332;192
2024;7;4;13;646,05078125;124041,75;8,432291666666666;28,60546875;192
2024;7;4;14;733,09375;140754,0;9,834635416666666;28,505208333333332;192
2024;7;4;15;731,21484375;140393,25;9,7109375;28,213541666666668;192
2024;7;4;16;625,7161458333334;120137,5;8,105902777777777;28,36328125;192
2024;7;4;17;615,00390625;118080,75;7,673177083333333;28,59765625;192
2024;7;4;18;604,2408854166666;116014,25;7,455729166666667;28,576822916666668;192
2024;7;4;19;583,609375;112053,0;7,12109375;28,841145833333332;192
2024;7;4;20;583,0364583333334;111943,0;7,210503472222222;28,873697916666668;192
2024;7;4;21;550,6989528795812;105183,5;6,7486910994764395;29,19764397905759;191
2024;7;4;22;447,2174479166667;85865,75;5,51171875;28,9765625;192
2024;7;4;23;367,59765625;70578,75;4,682725694444445;28,506510416666668;192
2024;7;5;0;364,3782722513089;69596,25;4,306719022687609;28,1217277486911;191
2024;7;5;1;307,30104712041884;58694,5;3,9236474694589876;27,778795811518325;191
2024;7;5;2;242,73958333333334;46606,0;3,201388888888889;26,756510416666668;192
2024;7;5;3;205,81380208333334;39516,25;2,835503472222222;24,795572916666668;192
2024;7;5;4;183,35546875;35204,25;2,784722222222222;21,8359375;192
2024;7;5;5;182,28515625;34998,75;2,7239583333333335;22,65625;192
2024;7;5;6;217,30657894736842;41288,25;3,076278659611993;25,12763157894737;190
2024;7;5;7;256,3232984293194;48957,75;3,4205933682373475;26,81675392670157;191
2024;7;5;8;294,3190104166667;56509,25;3,568576388888889;26,720052083333332;192
2024;7;5;9;358,7630208333333;68882,5;4,262152777777778;27,350260416666668;192
2024;7;5;10;427,1770833333333;82018,0;5,127604166666667;27,584635416666668;192
2024;7;5;11;486,44921875;93398,25;5,635850694444444;27,48046875;192
2024;7;5;12;531,6354166666666;102074,0;6,403645833333333;27,5703125;192
2024;7;5;13;539,8502604166666;103651,25;6,7109375;27,438802083333332;192
2024;7;5;14;545,2669270833334;104691,25;6,400607638888889;27,532552083333332;192
2024;7;5;15;452,0989583333333;86803,0;5,141059027777778;27,985677083333332;192
2024;7;5;16;398,4817708333333;76508,5;4,858940972222222;26,5390625;192
2024;7;5;17;420,953125;80823,0;5,166232638888888;27,2734375;192
2024;7;5;18;445,671875;85569,0;5,368489583333333;27,809895833333332;192
2024;7;5;19;473,0234375;90820,5;5,661458333333333;27,9609375;192
2024;7;5;20;509,2018229166667;97766,75;6,029947916666667;28,3515625;192
2024;7;5;21;490,75390625;94224,75;5,77734375;28,576822916666668;192
2024;7;5;22;432,81640625;83100,75;5,187065972222222;28,690104166666668;192
2024;7;5;23;376,9947916666667;72383,0;4,612847222222222;27,97265625;192
2024;7;6;0;387,3880208333333;74378,5;4,747395833333333;28,140625;192
2024;7;6;1;360,7604166666667;69266,0;4,618055555555555;27,890625;192
2024;7;6;2;280,8671875;53926,5;3,851128472222222;26,971354166666668;192
2024;7;6;3;228,34375;43842,0;3,231239092495637;25,321614583333332;192
2024;7;6;4;194,3671875;37318,5;2,9752604166666665;23,4375;192
2024;7;6;5;183,70052083333334;35270,5;2,995659722222222;22,49609375;192
2024;7;6;6;209,65968586387436;40045,0;3,0711169284467714;24,773560209424083;191
2024;7;6;7;236,54342105263157;44943,25;3,2179824561403505;26,628947368421052;190
2024;7;6;8;240,84765625;46242,75;3,3268229166666665;25,640625;192
2024;7;6;9;278,3874345549738;53172,0;3,582024432809773;26,884816753926703;191
2024;7;6;10;355,0403645833333;68167,75;4,609375;27,76171875;192
2024;7;6;11;422,2552083333333;81073,0;5,741319444444444;27,69921875;192
2024;7;6;12;480,1640625;92191,5;6,673177083333333;27,8984375;192
2024;7;6;13;516,12109375;99095,25;6,754774305555556;28,12890625;192
2024;7;6;14;515,7578125;99025,5;6,596354166666667;28,641927083333332;192
2024;7;6;15;437,375;83976,0;5,483940972222222;28,68359375;192
2024;7;6;16;390,3932291666667;74955,5;4,848958333333333;28,27734375;192
2024;7;6;17;426,0494791666667;81801,5;5,0859375;28,466145833333332;192
2024;7;6;18;465,1171875;89302,5;5,312065972222222;28,721354166666668;192
2024;7;6;19;499,5611979166667;95915,75;5,717447916666667;28,81640625;192
2024;7;6;20;532,3971354166666;102220,25;6,340277777777778;28,834635416666668;192
2024;7;6;21;499,1692708333333;95840,5;5,772135416666667;28,932291666666668;192
2024;7;6;22;425,2760416666667;81653,0;5,120659722222222;28,756510416666668;192
2024;7;6;23;376,24609375;72239,25;4,378038194444445;27,286458333333332;192
2024;8;0;0;235,95;41291,25;2,4995238095238097;27,03857142857143;175
2024;8;0;1;135,62714285714284;23734,75;1,7585714285714287;22,024285714285714;175
2024;8;0;2;77,7332474226804;15080,25;1,282383419689119;15,713917525773196;194
2024;8;0;3;60,36658031088083;11650,75;1,0457685664939549;13,686528497409327;193
2024;8;0;4;53,998684210526314;10259,75;0,6459435626102292;11,781578947368422;190
2024;8;0;5;73,68552631578947;14000,25;0,7640350877192982;15,651315789473685;190
2024;8;0;6;178,7171052631579;33956,25;1,7197368421052632;24,08157894736842;190
2024;8;0;7;388,94605263157894;73899,75;3,616228070175439;29,267105263157895;190
2024;8;0;8;502,2526315789474;95428,0;5,206578947368421;30,569736842105264;190
2024;8;0;9;465,1619170984456;89776,25;5,180915371329879;29,523316062176164;193
2024;8;0;10;442,54274611398966;85410,75;4,959844559585492;29,123056994818654;193
2024;8;0;11;463,1619170984456;89390,25;5,318221070811745;29,34715025906736;193
2024;8;0;12;471,6940104166667;90565,25;5,781684027777778;29,6328125;192
2024;8;0;13;490,0598958333333;94091,5;5,625868055555556;29,802083333333332;192
2024;8;0;14;555,5492227979274;107221,0;6,428756476683938;30,1360103626943;193
2024;8;0;15;587,110103626943;113312,25;6,65112262521589;29,95077720207254;193
2024;8;0;16;473,52979274611397;91391,25;5,190846286701209;29,82901554404145;193
2024;8;0;17;446,20725388601034;86118,0;5,132124352331606;29,89637305699482;193
2024;8;0;18;495,64896373056996;95660,25;5,678756476683938;29,82383419689119;193
2024;8;0;19;478,92875647668393;92433,25;5,3592400690846285;29,932642487046632;193
2024;8;0;20;449,7888601036269;86809,25;5,090673575129534;29,462435233160623;193
2024;8;0;21;397,3445595854922;76687,5;4,317789291882557;29,730569948186528;193
2024;8;0;22;335,4158031088083;64735,25;3,6316925734024177;29,511658031088082;193
2024;8;0;23;254,49481865284974;49117,5;3,0302245250431783;27,58419689119171;193
2024;8;1;0;182,22150259067357;35168,75;2,2249568221070812;21,940414507772022;193
2024;8;1;1;106,07642487046633;20472,75;1,5890052356020943;17,3639896373057;193
2024;8;1;2;74,57772020725389;14393,5;1,122829861111111;14,075129533678757;193
2024;8;1;3;61,08419689119171;11789,25;0,953125;11,30699481865285;193
2024;8;1;4;59,55181347150259;11493,5;0,8091537132987909;11,244818652849741;193
2024;8;1;5;75,46243523316062;14564,25;0,9368421052631579;14,068652849740932;193
2024;8;1;6;176,74739583333334;33935,5;1,9511343804537522;23,328125;192
2024;8;1;7;394,76554404145077;76189,75;4,125215889464594;29,129533678756477;193
2024;8;1;8;516,8924870466321;99760,25;5,618307426597582;30,182642487046632;193
2024;8;1;9;466,7150259067358;90076,0;5,172711571675302;29,76683937823834;193
2024;8;1;10;443,3736979166667;85127,75;5,194444444444445;29,71484375;192
2024;8;1;11;454,8502604166667;87331,25;5,302083333333333;29,510416666666668;192
2024;8;1;12;475,7161458333333;91337,5;5,641059027777778;29,57421875;192
2024;8;1;13;487,8424479166667;93665,75;5,671440972222222;29,447916666666668;192
2024;8;1;14;565,041450777202;109053,0;6,399827288428325;29,911917098445596;193
2024;8;1;15;599,5544041450777;115714,0;6,435233160621761;30,14896373056995;193
2024;8;1;16;488,84715025906735;94347,5;5,446027633851467;29,89119170984456;193
2024;8;1;17;476,89248704663214;92040,25;5,577288428324698;29,89896373056995;193
2024;8;1;18;510,2759067357513;98483,25;5,9477547495682215;29,800518134715027;193
2024;8;1;19;500,57253886010363;96610,5;5,483592400690846;29,92098445595855;193
2024;8;1;20;468,9507772020725;90507,5;5,189119170984456;29,89637305699482;193
2024;8;1;21;430,64507772020727;83114,5;4,7210708117443865;30,047927461139896;193
2024;8;1;22;363,3264248704663;70122,0;3,821243523316062;29,88860103626943;193
2024;8;1;23;298,64896373056996;57639,25;3,2085492227979273;28,71761658031088;193
2024;8;2;0;260,0545977011494;45249,5;2,6960784313725488;27,719827586206897;174
2024;8;2;1;169,20725388601036;32657,0;2,0772884283246977;21,38860103626943;193
2024;8;2;2;131,1360103626943;25309,25;1,7808159722222223;18,273316062176164;193
2024;8;2;3;115,85751295336787;22360,5;1,4520725388601037;15,931347150259068;193
2024;8;2;4;112,37694300518135;21688,75;1,31433506044905;15,7720207253886;193
2024;8;2;5;126,33678756476684;24383,0;1,4727979274611398;17,366580310880828;193
2024;8;2;6;212,2461139896373;40963,5;2,3031088082901556;25,5;193
2024;8;2;7;398,3238341968912;76876,5;4,016839378238342;29,317357512953368;193
2024;8;2;8;498,7642487046632;96261,5;5,21545768566494;30,102331606217618;193
2024;8;2;9;472,42875647668393;91178,75;5,182642487046632;29,69300518134715;193
2024;8;2;10;443,9007731958763;86116,75;5,3019759450171815;29,29381443298969;194
2024;8;2;11;464,15592783505156;90046,25;5,494415807560138;29,2680412371134;194
2024;8;2;12;488,2087628865979;94712,5;5,814003436426117;29,52963917525773;194
2024;8;2;13;499,01159793814435;96808,25;5,826030927835052;29,37757731958763;194
2024;8;2;14;576,4072164948453;111823,0;6,760309278350515;29,716494845360824;194
2024;8;2;15;596,2255154639175;115667,75;6,948453608247423;29,664948453608247;194
2024;8;2;16;486,51159793814435;94383,25;5,440292096219932;29,936855670103093;194
2024;8;2;17;481,9716494845361;93502,5;5,215635738831615;29,337628865979383;194
2024;8;2;18;522,5476804123712;101374,25;6,035340314136126;29,08376288659794;194
2024;8;2;19;506,71649484536084;98303,0;5,9109947643979055;29,449742268041238;194
2024;8;2;20;485,54639175257734;94196,0;6,037521815008726;29,515463917525775;194
2024;8;2;21;424,2474226804124;82304,0;5,054537521815009;29,288659793814432;194
2024;8;2;22;356,9871134020619;69255,5;3,8835078534031413;29,158505154639176;194
2024;8;2;23;291,5296391752577;56556,75;3,2613438045375216;28,43041237113402;194
2024;8;3;0;232,12276785714286;51995,5;2,4494720965309202;24,868303571428573;224
2024;8;3;1;150,37345679012347;36540,75;1,7798611111111111;20,051440329218106;243
2024;8;3;2;99,54835390946502;24190,25;1,4884937238493723;16,675925925925927;243
2024;8;3;3;82,25617283950618;19988,25;1,2881652661064424;14,522633744855968;243
2024;8;3;4;71,06378600823045;17268,5;1,0191771269177126;13,6059670781893;243
2024;8;3;5;85,64917695473251;20812,75;1,161436541143654;15,754115226337449;243
2024;8;3;6;174,88381742738588;42147,0;2,0122549019607843;22,78526970954357;241
2024;8;3;7;354,8909465020576;86238,5;3,7666666666666666;28,2119341563786;243
2024;8;3;8;460,40909090909093;111419,0;5,238145048814506;28,96694214876033;242
2024;8;3;9;438,9835390946502;106673,0;4,927777777777778;29,04320987654321;243
2024;8;3;10;424,56584362139915;103169,5;4,883333333333334;28,846707818930042;243
2024;8;3;11;447,3117283950617;108696,75;5,071875;28,411522633744855;243
2024;8;3;12;470,8847736625514;114425,0;5,546875;28,55761316872428;243
2024;8;3;13;490,66735537190084;118741,5;5,630404463040446;29,020661157024794;242
2024;8;3;14;556,8243801652893;134751,5;6,48326359832636;29,484504132231404;242
2024;8;3;15;568,201646090535;138073,0;6,485069444444445;29,479423868312757;243
2024;8;3;16;467,9053497942387;113701,0;5,3805555555555555;28,69650205761317;243
2024;8;3;17;467,593621399177;113625,25;5,226041666666666;29,238683127572017;243
2024;8;3;18;501,34567901234567;121827,0;5,777083333333334;28,98559670781893;243
2024;8;3;19;500,33641975308643;121581,75;5,933680555555555;28,828189300411523;243
2024;8;3;20;483,5681818181818;117023,5;5,647038567493112;29,225206611570247;242
2024;8;3;21;430,70576131687244;104661,5;5,048696844993141;29,22222222222222;243
2024;8;3;22;364,59156378600824;88595,75;4,0651577503429355;28,959876543209877;243
2024;8;3;23;293,4104938271605;71298,75;3,344307270233196;28,11522633744856;243
2024;8;4;0;240,36941964285714;53842,75;2,646577380952381;25,809151785714285;224
2024;8;4;1;147,71913580246914;35895,75;2,0100694444444445;20,909465020576132;243
2024;8;4;2;100,37037037037037;24390,0;1,5003429355281206;16,878600823045268;243
2024;8;4;3;78,40637860082305;19052,75;1,2527777777777778;14,12448559670782;243
2024;8;4;4;70,17695473251028;17053,0;1,0199724517906337;13,218106995884774;243
2024;8;4;5;82,09670781893004;19949,5;0,9866255144032922;14,686213991769547;243
2024;8;4;6;181,82954545454547;44002,75;2,1807851239669422;24,12706611570248;242
2024;8;4;7;358,19135802469134;87040,5;3,8405647382920107;28,957818930041153;243
2024;8;4;8;454,2716049382716;110388,0;4,922839506172839;29,655349794238685;243
2024;8;4;9;434,451646090535;105571,75;5,084019204389575;29,30246913580247;243
2024;8;4;10;435,07851239669424;105289,0;5,1318870523415985;29,18904958677686;242
2024;8;4;11;458,6219008264463;110986,5;5,50068870523416;28,53099173553719;242
2024;8;4;12;492,4793388429752;119180,0;5,93904958677686;29,330578512396695;242
2024;8;4;13;521,6430041152263;126759,25;6,198902606310013;29,046296296296298;243
2024;8;4;14;610,4629629629629;148342,5;7,098765432098766;29,349794238683128;243
2024;8;4;15;602,1388888888889;146319,75;7,0181755829903985;29,339506172839506;243
2024;8;4;16;471,9475308641975;114683,25;5,447530864197531;29,531893004115226;243
2024;8;4;17;461,8076131687243;112219,25;5,265089163237311;29,386831275720166;243
2024;8;4;18;478,67489711934155;116318,0;5,6580932784636495;29,032921810699587;243
2024;8;4;19;479,2633744855967;116461,0;5,6711248285322355;29,606995884773664;243
2024;8;4;20;483,679012345679;117534,0;5,719478737997256;29,304526748971192;243
2024;8;4;21;448,3703703703704;108954,0;5,330246913580247;29,328189300411523;243
2024;8;4;22;375,05041152263374;91137,25;4,3401920438957475;29,30658436213992;243
2024;8;4;23;291,7860082304527;70904,0;3,500685871056241;28,34259259259259;243
2024;8;5;0;261,2466517857143;58519,25;2,8954613095238098;30,306919642857142;224
2024;8;5;1;198,60699588477365;48261,5;2,3933470507544583;26,15740740740741;243
2024;8;5;2;137,74382716049382;33471,75;1,84400826446281;23,318930041152264;243
2024;8;5;3;112,1358024691358;27249,0;1,6137955182072827;20,901234567901234;243
2024;8;5;4;97,66975308641975;23733,75;1,4211994421199443;19,593621399176953;243
2024;8;5;5;95,8395061728395;23289,0;1,34331955922865;19,352880658436213;243
2024;8;5;6;138,6327160493827;33687,75;1,7277777777777779;23,198559670781894;243
2024;8;5;7;183,3150826446281;44362,25;2,073997233748271;25,789256198347108;242
2024;8;5;8;209,57716049382717;50927,25;2,2665289256198347;26,47222222222222;243
2024;8;5;9;258,79526748971193;62887,25;2,7578875171467763;28,059670781893004;243
2024;8;5;10;315,4588477366255;76656,5;3,458161865569273;28,227366255144034;243
2024;8;5;11;370,47222222222223;90024,75;4,149519890260631;28,511316872427983;243
2024;8;5;12;412,380658436214;100208,5;4,533264746227709;28,909465020576132;243
2024;8;5;13;431,59053497942386;104876,5;4,780864197530864;29,094650205761315;243
2024;8;5;14;428,31584362139915;104080,75;4,537037037037037;29,419753086419753;243
2024;8;5;15;356,190329218107;86554,25;3,8137860082304527;29,252057613168724;243
2024;8;5;16;307,1934156378601;74648,0;3,3112947658402208;28,41872427983539;243
2024;8;5;17;325,5874485596708;79117,75;3,7258953168044076;28,68724279835391;243
2024;8;5;18;366,2078189300411;88988,5;4,135116598079561;29,25102880658436;243
2024;8;5;19;393,99074074074076;95739,75;4,397805212620027;28,93415637860082;243
2024;8;5;20;423,179012345679;102832,5;4,978994490358127;29,045267489711936;243
2024;8;5;21;426,8446502057613;103723,25;4,753429355281207;29,171810699588477;243
2024;8;5;22;381,082304526749;92603,0;4,191700960219479;29,161522633744855;243
2024;8;5;23;307,49074074074076;74720,25;3,515775034293553;28,51440329218107;243
2024;8;6;0;276,5185714285714;48390,75;2,9371428571428573;30,575714285714287;175
2024;8;6;1;210,23840206185568;40786,25;2,8079896907216493;27,094072164948454;194
2024;8;6;2;149,41237113402062;28986,0;2,1957465277777777;24,28479381443299;194
2024;8;6;3;110,65335051546391;21466,75;1,6671006944444444;22,327319587628867;194
2024;8;6;4;93,70618556701031;18179,0;1,4969775474956823;20,030927835051546;194
2024;8;6;5;87,79252577319588;17031,75;1,495175438596491;18,8569587628866;194
2024;8;6;6;120,82124352331606;23318,5;1,4479166666666667;22,55699481865285;193
2024;8;6;7;142,76052631578946;27124,5;1,7109649122807016;25,028947368421054;190
2024;8;6;8;148,07142857142858;27985,5;1,802910052910053;25,194444444444443;189
2024;8;6;9;182,05927835051546;35319,5;2,088487972508591;25,844072164948454;194
2024;8;6;10;241,92268041237114;46933,0;2,579896907216495;27,62242268041237;194
2024;8;6;11;316,7628865979381;61452,0;3,518998272884283;28,47680412371134;194
2024;8;6;12;367,39561855670104;71274,75;3,905440414507772;28,573453608247423;194
2024;8;6;13;388,1546391752577;75302,0;4,176975945017182;28,983247422680414;194
2024;8;6;14;394,74484536082474;76580,5;4,195017182130584;29,52963917525773;194
2024;8;6;15;333,37371134020617;64674,5;3,495274914089347;29,24355670103093;194
2024;8;6;16;294,9007731958763;57210,75;3,1593642611683848;28,672680412371133;194
2024;8;6;17;304,50773195876286;59074,5;3,3509450171821307;28,838917525773194;194
2024;8;6;18;343,8118556701031;66699,5;3,6142611683848793;29,260309278350515;194
2024;8;6;19;385,27448453608247;74743,25;4,3616838487972505;29,454896907216494;194
2024;8;6;20;425,2564432989691;82499,75;5,065721649484536;29,128865979381445;194
2024;8;6;21;423,6520618556701;82188,5;4,556701030927835;29,46778350515464;194
2024;8;6;22;369,35180412371136;71654,25;3,9506013745704465;29,192010309278352;194
2024;8;6;23;293,0515463917526;56852,0;3,258591065292096;27,836340206185568;194
2024;9;0;0;405,22991967871485;100902,25;5,139905149051491;21,46586345381526;249
2024;9;0;1;331,3212851405622;82499,0;4,45;20,533132530120483;249
2024;9;0;2;299,93775100401604;74684,5;4,012244897959183;19,33132530120482;249
2024;9;0;3;290,214859437751;72263,5;3,7181571815718155;18,833333333333332;249
2024;9;0;4;287,0692771084337;71480,25;3,767006802721088;19,1425702811245;249
2024;9;0;5;304,9186746987952;75924,75;3,9014227642276422;20,75;249
2024;9;0;6;384,3544176706827;95704,25;4,8102981029810294;24,348393574297187;249
2024;9;0;7;586,1124497991968;145942,0;8,05408163265306;25,79116465863454;249
2024;9;0;8;717,2058232931727;178584,25;11,823848238482384;25,330321285140563;249
2024;9;0;9;704,0421686746988;175306,5;11,638211382113822;25,10542168674699;249
2024;9;0;10;617,1265060240963;153664,5;8,994918699186991;25,210843373493976;249
2024;9;0;11;607,2821285140562;151213,25;8,26388888888889;25,604417670682732;249
2024;9;0;12;629,9287148594377;156852,25;8,503048780487806;25,704819277108435;249
2024;9;0;13;640,8755020080321;159578,0;8,784412955465587;25,57128514056225;249
2024;9;0;14;727,0190763052209;181027,75;9,571862348178138;25,829317269076306;249
2024;9;0;15;721,2118473895582;179581,75;9,653846153846153;25,58835341365462;249
2024;9;0;16;649,0160642570281;161605,0;8,571524966261808;25,84538152610442;249
2024;9;0;17;668,9106425702811;166558,75;9,413292847503374;25,795180722891565;249
2024;9;0;18;709,3674698795181;176632,5;10,809041835357625;25,400602409638555;249
2024;9;0;19;707,3453815261045;176129,0;10,324898785425102;25,031124497991968;249
2024;9;0;20;658,9166666666666;164070,25;8,431174089068826;25,636546184738958;249
2024;9;0;21;574,9246987951807;143156,25;7,205802968960864;26,134538152610443;249
2024;9;0;22;454,84638554216866;113256,75;5,573211875843454;25,77309236947791;249
2024;9;0;23;383,06024096385545;95382,0;4,864035087719299;25,1214859437751;249
2024;9;1;0;266,6494974874372;53063,25;3,6784511784511786;18,547738693467338;199
2024;9;1;1;203,5251256281407;40501,5;2,8063973063973062;16,36180904522613;199
2024;9;1;2;173,94095477386935;34614,25;2,3956228956228953;13,767587939698492;199
2024;9;1;3;165,60804020100502;32956,0;2,2432659932659935;12,688442211055277;199
2024;9;1;4;165,0891959798995;32852,75;2,0782828282828283;12,366834170854272;199
2024;9;1;5;190,57412060301507;37924,25;2,2293771043771047;16,198492462311556;199
2024;9;1;6;291,81909547738695;58072,0;3,544612794612795;23,58542713567839;199
2024;9;1;7;563,7248743718593;112181,25;7,30050505050505;26,27386934673367;199
2024;9;1;8;726,4748743718593;144568,5;11,938131313131313;24,91959798994975;199
2024;9;1;9;700,070351758794;139314,0;12,26010101010101;24,530150753768844;199
2024;9;1;10;631,5891959798995;125686,25;9,780303030303031;24,600502512562816;199
2024;9;1;11;626,2689393939394;124001,25;8,454506802721088;25,505050505050505;198
2024;9;1;12;633,8090452261307;126128,0;8,563028764805415;25,452261306532662;199
2024;9;1;13;659,7324120603015;131286,75;8,715736040609137;25,58542713567839;199
2024;9;1;14;730,8994974874372;145449,0;10,323604060913706;25,396984924623116;199
2024;9;1;15;720,1859296482412;143317,0;10,123096446700508;25,493718592964825;199
2024;9;1;16;647,001256281407;128753,25;9,041878172588833;23,699748743718594;199
2024;9;1;17;671,5276381909548;133634,0;9,807106598984772;24,2035175879397;199
2024;9;1;18;710,2562814070352;141341,0;10,953045685279188;24,79396984924623;199
2024;9;1;19;712,2010050251256;141728,0;11,096446700507615;24,58040201005025;199
2024;9;1;20;662,644472361809;131866,25;9,841370558375635;24,962311557788944;199
2024;9;1;21;577,6708542713568;114956,5;7,695431472081219;25,056532663316585;199
2024;9;1;22;470,4886934673367;93627,25;6,3100676818950925;25,373115577889447;199
2024;9;1;23;425,29899497487435;84634,5;5,730964467005077;24,804020100502512;199
2024;9;2;0;354,5854271356784;70562,5;4,552030456852792;20,440954773869347;199
2024;9;2;1;281,34547738693465;55987,75;3,979695431472081;18,035175879396984;199
2024;9;2;2;253,53015075376885;50452,5;3,5939625850340136;17,242462311557787;199
2024;9;2;3;239,39070351758795;47638,75;3,284263959390863;15,861809045226131;199
2024;9;2;4;240,07663316582915;47775,25;3,1256345177664975;15,836683417085426;199
2024;9;2;5;257,1042713567839;51163,75;3,3439086294416245;17,73994974874372;199
2024;9;2;6;344,4748743718593;68550,5;4,251692047377327;23,054020100502512;199
2024;9;2;7;568,4685929648241;113125,25;7,898054145516075;25,118090452261306;199
2024;9;2;8;723,8140703517588;144039,0;12,190778341793571;24,484924623115578;199
2024;9;2;9;697,2788944723618;138758,5;13,200507614213198;23,636934673366834;199
2024;9;2;10;622,356783919598;123849,0;10,220389170896786;24,15326633165829;199
2024;9;2;11;619,7035175879397;123321,0;8,72969543147208;25,048994974874372;199
2024;9;2;12;632,3819095477387;125844,0;8,963197969543147;24,834170854271356;199
2024;9;2;13;655,6319095477387;130470,75;9,050761421319796;25,118090452261306;199
2024;9;2;14;730,5866834170854;145386,75;10,570219966159053;25,194723618090453;199
2024;9;2;15;719,5816582914573;143196,75;10,307106598984772;24,815326633165828;199
2024;9;2;16;662,0301507537688;131744,0;9,182741116751268;25,11934673366834;199
2024;9;2;17;679,7236180904523;135265,0;9,462351945854483;24,954773869346734;199
2024;9;2;18;701,2600502512563;139550,75;11,691624365482234;24,64572864321608;199
2024;9;2;19;704,7751256281407;140250,25;11,498730964467006;24,003768844221106;199
2024;9;2;20;673,0389447236181;133934,75;9,930203045685278;24,8178391959799;199
2024;9;2;21;595,1658291457286;118438,0;8,098561759729273;25,180904522613066;199
2024;9;2;22;489,7286432160804;97456,0;6,25507614213198;25,433417085427134;199
2024;9;2;23;428,9711055276382;85365,25;5,456852791878172;24,202261306532662;199
2024;9;3;0;368,643216080402;73360,0;4,908629441624366;19,728643216080403;199
2024;9;3;1;298,571608040201;59415,75;4,03087986463621;18,65452261306533;199
2024;9;3;2;261,0778894472362;51954,5;3,4902707275803726;16,889447236180903;199
2024;9;3;3;249,49120603015075;49648,75;3,302721088435374;16,29396984924623;199
2024;9;3;4;246,71608040201005;49096,5;3,1917517006802725;16,652010050251256;199
2024;9;3;5;262,40829145728645;52219,25;3,33502538071066;17,587939698492463;199
2024;9;3;6;348,13065326633165;69278,0;4,285714285714286;23,535175879396984;199
2024;9;3;7;563,6281407035176;112162,0;7,382402707275803;24,86934673366834;199
2024;9;3;8;711,285175879397;141545,75;11,736886632825719;24,347989949748744;199
2024;9;3;9;690,5942211055276;137428,25;12,291878172588833;24,017587939698494;199
2024;9;3;10;627,571608040201;124886,75;9,686548223350254;24,511306532663315;199
2024;9;3;11;622,030303030303;123162,0;8,624574829931973;25,228535353535353;198
2024;9;3;12;640,2952261306533;127418,75;8,760575296108291;25,02386934673367;199
2024;9;3;13;661,3994974874372;131618,5;9,326142131979696;24,878140703517587;199
2024;9;3;14;731,2248743718593;145513,75;10,580372250423013;25,189698492462313;199
2024;9;3;15;720,248743718593;143329,5;10,674744897959183;25,048994974874372;199
2024;9;3;16;680,4912060301508;135417,75;9,64923469387755;25,079145728643216;199
2024;9;3;17;692,3103015075377;137769,75;10,238520408163266;24,90829145728643;199
2024;9;3;18;716,5464824120603;142592,75;12,005102040816327;24,855527638190956;199
2024;9;3;19;712,5659898477157;140375,5;12,21520618556701;25,194162436548222;197
2024;9;3;20;692,9746192893401;136516,0;10,786082474226804;25,293147208121827;197
2024;9;3;21;629,6307106598985;124037,25;8,6159793814433;25,508883248730964;197
2024;9;3;22;538,0301507537688;107068,0;7,016156462585035;25,13819095477387;199
2024;9;3;23;501,0150753768844;99702,0;6,491496598639455;24,979899497487438;199
2024;9;4;0;464,9321608040201;92521,5;6,009353741496598;22,94723618090452;199
2024;9;4;1;406,4396984924623;80881,5;5,400510204081633;22,236180904522612;199
2024;9;4;2;373,40577889447235;74307,75;4,991496598639456;21,816582914572866;199
2024;9;4;3;356,9849246231156;71040,0;4,724489795918367;21,724874371859297;199
2024;9;4;4;352,4899497487437;70145,5;4,592261904761905;22,064070351758794;199
2024;9;4;5;365,3040201005025;72695,5;4,701530612244898;22,27386934673367;199
2024;9;4;6;423,1997487437186;84216,75;5,413690476190475;24,347989949748744;199
2024;9;4;7;573,5640703517588;114139,25;7,926445578231292;25,190954773869347;199
2024;9;4;8;697,8693467336683;138876,0;10,99829931972789;24,97110552763819;199
2024;9;4;9;673,2399497487437;133974,75;10,10076530612245;25,236180904522612;199
2024;9;4;10;631,3592964824121;125640,5;9,512755102040817;25,184673366834172;199
2024;9;4;11;636,0904522613065;126582,0;9,196428571428571;25,194723618090453;199
2024;9;4;12;654,5942211055276;130264,25;9,573979591836734;25,09547738693467;199
2024;9;4;13;683,071608040201;135931,25;10,256377551020408;25,07788944723618;199
2024;9;4;14;747,0251256281407;148658,0;12,278061224489797;25,011306532663315;199
2024;9;4;15;748,4309045226131;148937,75;12,516581632653061;24,82035175879397;199
2024;9;4;16;681,7273869346734;135663,75;10,135204081632653;24,795226130653266;199
2024;9;4;17;690,9698492462312;137503,0;10,451530612244898;24,73994974874372;199
2024;9;4;18;683,7701005025126;136070,25;10,733418367346939;24,655778894472363;199
2024;9;4;19;678,7613065326633;135073,5;11,072704081632653;24,79145728643216;199
2024;9;4;20;674,9899497487437;134323,0;10,298469387755102;24,90954773869347;199
2024;9;4;21;637,9346733668342;126949,0;8,955357142857142;25,121859296482413;199
2024;9;4;22;561,9120603015075;111820,5;7,348214285714286;25,184673366834172;199
2024;9;4;23;503,7173366834171;100239,75;6,742772108843537;25,285175879396984;199
2024;9;5;0;494,88693467336685;98482,5;6,328656462585035;25,02889447236181;199
2024;9;5;1;463,65577889447235;92267,5;6,244472789115647;24,8178391959799;199
2024;9;5;2;423,75;84326,25;5,901785714285714;24,433417085427134;199
2024;9;5;3;394,2788944723618;78461,5;5,391156462585035;23,776381909547737;199
2024;9;5;4;377,56281407035175;75135,0;5,1768707482993195;23,155778894472363;199
2024;9;5;5;372,2751256281407;74082,75;5,035042735042735;23,358040201005025;199
2024;9;5;6;394,78768844221105;78562,75;5,066751700680272;24,1821608040201;199
2024;9;5;7;404,0615577889447;80408,25;5,16921768707483;24,675879396984925;199
2024;9;5;8;432,4472361809045;86057,0;5,502551020408164;24,826633165829147;199
2024;9;5;9;479,90577889447235;95501,25;6,170493197278912;25,12562814070352;199
2024;9;5;10;535,8341708542714;106631,0;6,806547619047619;25,162060301507537;199
2024;9;5;11;585,6620603015075;116546,75;7,575680272108843;25,157035175879397;199
2024;9;5;12;627,5904522613065;124890,5;8,161989795918368;25,1143216080402;199
2024;9;5;13;645,9861809045226;128551,25;8,864795918367347;24,992462311557787;199
2024;9;5;14;652,2977386934673;129807,25;8,691326530612244;25,134422110552762;199
2024;9;5;15;567,5829145728643;112949,0;7,448979591836735;25,275125628140703;199
2024;9;5;16;527,7462311557789;105021,5;6,686224489795919;25,13819095477387;199
2024;9;5;17;576,9522613065327;114813,5;7,529336734693878;25,21608040201005;199
2024;9;5;18;605,2826633165829;120451,25;8,063775510204081;25,152010050251256;199
2024;9;5;19;620,2776381909548;123435,25;8,704081632653061;25,09170854271357;199
2024;9;5;20;625,3680904522613;124448,25;8,766581632653061;25,150753768844222;199
2024;9;5;21;603,6381909547739;120124,0;8,474489795918368;25,032663316582916;199
2024;9;5;22;548,1620603015075;109084,25;7,357993197278912;24,998743718592966;199
2024;9;5;23;526,3844221105528;104750,5;7,343112244897959;25,224874371859297;199
2024;9;6;0;481,67641129032256;119455,75;6,564625850340136;25,53125;248
2024;9;6;1;438,1008064516129;108649,0;5,725510204081632;25,666330645161292;248
2024;9;6;2;392,76512096774195;97405,75;5,170408163265306;24,79032258064516;248
2024;9;6;3;365,54637096774195;90655,5;4,8612244897959185;24,419354838709676;248
2024;9;6;4;339,1491935483871;84109,0;4,534013605442176;23,916330645161292;248
2024;9;6;5;331,21975806451616;82142,5;4,540476190476191;23,342741935483872;248
2024;9;6;6;351,5846774193548;87193,0;4,470748299319728;24,077620967741936;248
2024;9;6;7;354,3608870967742;87881,5;4,7615646258503395;24,846774193548388;248
2024;9;6;8;359,539314516129;89165,75;4,812585034013605;24,885080645161292;248
2024;9;6;9;392,16129032258067;97256,0;4,904761904761905;24,8125;248
2024;9;6;10;450,63453815261045;112208,0;5,644647696476964;25,407630522088354;249
2024;9;6;11;524,8313253012049;130683,0;6,857723577235772;25,699799196787147;249
2024;9;6;12;577,5903614457832;143820,0;7,4817073170731705;25,76706827309237;249
2024;9;6;13;614,4166666666666;152989,75;8,425813008130081;25,662650602409638;249
2024;9;6;14;629,1275100401606;156652,75;8,780826558265582;25,825301204819276;249
2024;9;6;15;545,9869477911647;135950,75;7,446138211382114;25,884538152610443;249
2024;9;6;16;512,1375502008032;127522,25;6,935636856368564;26,001004016064257;249
2024;9;6;17;562,8644578313254;140153,25;7,651084010840108;25,85843373493976;249
2024;9;6;18;587,4327309236947;146270,75;7,9007452574525745;25,825301204819276;249
2024;9;6;19;591,9829317269076;147403,75;8,0630081300813;25,880522088353413;249
2024;9;6;20;600,3564257028113;149488,75;8,380758807588075;25,88855421686747;249
2024;9;6;21;575,6385542168674;143334,0;7,7903116531165315;25,76706827309237;249
2024;9;6;22;505,87449799196787;125962,75;6,355691056910569;25,854417670682732;249
2024;9;6;23;449,22489959839356;111857,0;5,611788617886178;25,42871485943775;249
2024;10;0;0;180,7620481927711;15003,25;2,9728915662650603;0,0;83
2024;10;0;1;104,31547619047619;8762,5;2,6279761904761907;0,0;84
2024;10;0;2;67,28869047619048;5652,25;1,7886904761904763;0,0;84
2024;10;0;3;55,44642857142857;4657,5;1,7232142857142858;0,0;84
2024;10;0;4;51,23809523809524;4304,0;1,3482142857142858;0,0;84
2024;10;0;5;78,4672619047619;6591,25;1,6428571428571428;0,0;84
2024;10;0;6;211,1220238095238;17734,25;3,380952380952381;0,0;84
2024;10;0;7;533,0505952380952;44776,25;9,375;0,0;84
2024;10;0;8;790,7053571428571;66419,25;16,895833333333332;0,0;84
2024;10;0;9;742,8690476190476;62401,0;17,011904761904763;0,0;84
2024;10;0;10;585,4464285714286;49177,5;10,916666666666666;0,0;84
2024;10;0;11;602,172619047619;50582,5;10,163690476190476;0,0;84
2024;10;0;12;632,5361445783133;52500,5;10,493975903614459;0,0;83
2024;10;0;13;658,527108433735;54657,75;10,819277108433734;0,0;83
2024;10;0;14;769,710843373494;63886,0;12,370481927710843;0,0;83
2024;10;0;15;723,6415662650602;60062,25;11,337349397590362;0,0;83
2024;10;0;16;669,5565476190476;56242,75;11,43452380952381;0,0;84
2024;10;0;17;715,8928571428571;60135,0;13,616071428571429;0,0;84
2024;10;0;18;763,8154761904761;64160,5;14,550595238095237;0,0;84
2024;10;0;19;727,5833333333334;61117,0;12,50297619047619;0,0;84
2024;10;0;20;659,0446428571429;55359,75;10,119047619047619;0,0;84
2024;10;0;21;516,7142857142857;43404,0;7,464285714285714;0,0;84
2024;10;0;22;353,2886904761905;29676,25;5,440476190476191;0,0;84
2024;10;0;23;257,61011904761904;21639,25;4,166666666666667;0,0;84
2024;10;1;0;296,2236842105263;39397,75;4,142045454545454;8,661654135338345;133
2024;10;1;1;229,82142857142858;30566,25;3,672348484848485;8,661654135338345;133
2024;10;1;2;206,17105263157896;27420,75;3,6515151515151514;8,661654135338345;133
2024;10;1;3;194,86940298507463;26112,5;3,225563909774436;8,597014925373134;134
2024;10;1;4;196,33768656716418;26309,25;2,9586466165413534;8,597014925373134;134
2024;10;1;5;222,15671641791045;29769,0;3,225563909774436;8,597014925373134;134
2024;10;1;6;330,17910447761193;44244,0;4,445488721804511;8,597014925373134;134
2024;10;1;7;572,6735074626865;76738,25;9,13345864661654;8,597014925373134;134
2024;10;1;8;775,8843283582089;103968,5;15,699248120300751;8,597014925373134;134
2024;10;1;9;773,552380952381;81223,0;20,17142857142857;0,0;105
2024;10;1;10;620,7714285714286;65181,0;13,480952380952381;0,0;105
2024;10;1;11;619,0666666666667;65002,0;10,904761904761905;0,0;105
2024;10;1;12;638,4666666666667;67039,0;10,773809523809524;0,0;105
2024;10;1;13;676,5880952380952;71041,75;11,754761904761905;0,0;105
2024;10;1;14;772,0309523809524;81063,25;13,178571428571429;0,0;105
2024;10;1;15;720,6785714285714;75671,25;11,888095238095238;0,0;105
2024;10;1;16;685,0833333333334;71933,75;11,635714285714286;0,0;105
2024;10;1;17;732,3;76891,5;14,235714285714286;0,0;105
2024;10;1;18;769,5571428571428;80803,5;15,957142857142857;0,0;105
2024;10;1;19;748,3333333333334;78575,0;15,326190476190476;0,0;105
2024;10;1;20;681,0238095238095;71507,5;12,040476190476191;0,0;105
2024;10;1;21;528,6666666666666;55510,0;8,25;0,0;105
2024;10;1;22;371,5761904761905;39015,5;5,9523809523809526;0,0;105
2024;10;1;23;311,01428571428573;32656,5;5,2023809523809526;0,0;105
2024;10;2;0;221,27619047619046;23234,0;3,6285714285714286;0,0;105
2024;10;2;1;113,3389423076923;11787,25;2,206730769230769;0,0;104
2024;10;2;2;67,69711538461539;7040,5;1,5288461538461537;0,0;104
2024;10;2;3;56,17307692307692;5842,0;1,4471153846153846;0,0;104
2024;10;2;4;53,55288461538461;5569,5;1,0961538461538463;0,0;104
2024;10;2;5;75,50714285714285;7928,25;1,6047619047619048;0,0;105
2024;10;2;6;205,79285714285714;21608,25;3,4047619047619047;0,0;105
2024;10;2;7;530,1023809523809;55660,75;9,738095238095237;0,0;105
2024;10;2;8;785,6809523809524;82496,5;17,06904761904762;0,0;105
2024;10;2;9;756,8952380952381;79474,0;19,735714285714284;0,0;105
2024;10;2;10;622,7985436893204;64148,25;13,558252427184467;0,0;103
2024;10;2;11;626,7694174757281;64557,25;11,053398058252426;0,0;103
2024;10;2;12;660,0690476190476;69307,25;11,252380952380953;0,0;105
2024;10;2;13;676,3619047619047;71018,0;11,714285714285714;0,0;105
2024;10;2;14;777,202380952381;81606,25;13,235714285714286;0,0;105
2024;10;2;15;736,9;77374,5;12,55952380952381;0,0;105
2024;10;2;16;691,25;72581,25;11,726190476190476;0,0;105
2024;10;2;17;738,375;76791,0;14,375;0,0;104
2024;10;2;18;767,652380952381;80603,5;16,107142857142858;0,0;105
2024;10;2;19;748,8857142857142;78633,0;15,795238095238096;0,0;105
2024;10;2;20;702,504761904762;73763,0;13,061904761904762;0,0;105
2024;10;2;21;564,6928571428572;59292,75;8,68095238095238;0,0;105
2024;10;2;22;393,00714285714287;41265,75;6,095238095238095;0,0;105
2024;10;2;23;318,0285714285714;33393,0;4,954761904761905;0,0;105
2024;10;3;0;250,0121359223301;25751,25;4,084951456310679;0,0;103
2024;10;3;1;138,97115384615384;14453,0;3,175480769230769;0,0;104
2024;10;3;2;86,38942307692308;8984,5;2,3197115384615383;0,0;104
2024;10;3;3;70,32451923076923;7313,75;1,7283653846153846;0,0;104
2024;10;3;4;66,48317307692308;6914,25;1,5745192307692308;0,0;104
2024;10;3;5;82,1201923076923;8540,5;1,8028846153846154;0,0;104
2024;10;3;6;207,66346153846155;21597,0;3,355769230769231;0,0;104
2024;10;3;7;535,8509615384615;55728,5;9,372596153846153;0,0;104
2024;10;3;8;792,0144230769231;82369,5;16,829326923076923;0,0;104
2024;10;3;9;742,0985576923077;77178,25;17,35096153846154;0,0;104
2024;10;3;10;616,1346153846154;64078,0;11,920673076923077;0,0;104
2024;10;3;11;626,5445544554456;63281,0;9,784653465346535;0,0;101
2024;10;3;12;659,1826923076923;68555,0;11,252403846153847;0,0;104
2024;10;3;13;692,4134615384615;72011,0;11,927884615384615;0,0;104
2024;10;3;14;792,8028846153846;82451,5;13,483173076923077;0,0;104
2024;10;3;15;743,4495192307693;77318,75;12,627403846153847;0,0;104
2024;10;3;16;705,1714285714286;74043,0;12,14047619047619;0,0;105
2024;10;3;17;746,9095238095238;78425,5;14,538095238095238;0,0;105
2024;10;3;18;772,0261904761904;81062,75;16,376190476190477;0,0;105
2024;10;3;19;747,254761904762;78461,75;14,66904761904762;0,0;105
2024;10;3;20;707,2809523809524;74264,5;12,938095238095238;0,0;105
2024;10;3;21;595,1809523809524;62494,0;9,764285714285714;0,0;105
2024;10;3;22;443,35714285714283;46552,5;6,821428571428571;0,0;105
2024;10;3;23;363,2238095238095;38138,5;5,7595238095238095;0,0;105
2024;10;4;0;301,33035714285717;25311,75;4,410714285714286;0,0;84
2024;10;4;1;187,6875;15765,75;3,6845238095238093;0,0;84
2024;10;4;2;126,57440476190476;10632,25;2,693452380952381;0,0;84
2024;10;4;3;103,37797619047619;8683,75;2,125;0,0;84
2024;10;4;4;94,15178571428571;7908,75;1,8005952380952381;0,0;84
2024;10;4;5;108,53869047619048;9117,25;2,1398809523809526;0,0;84
2024;10;4;6;214,01785714285714;17977,5;3,6547619047619047;0,0;84
2024;10;4;7;495,9077380952381;41656,25;9,077380952380953;0,0;84
2024;10;4;8;745,8303571428571;62649,75;15,413690476190476;0,0;84
2024;10;4;9;689,0416666666666;57879,5;13,348214285714286;0,0;84
2024;10;4;10;580,6204819277109;48191,5;10,448795180722891;0,0;83
2024;10;4;11;617,1536144578313;51223,75;10,572289156626505;0,0;83
2024;10;4;12;660,0446428571429;55443,75;11,208333333333334;0,0;84
2024;10;4;13;712,1369047619048;59819,5;12,541666666666666;0,0;84
2024;10;4;14;820,110119047619;68889,25;16,779761904761905;0,0;84
2024;10;4;15;793,4136904761905;66646,75;16,770833333333332;0,0;84
2024;10;4;16;694,9613095238095;58376,75;12,818452380952381;0,0;84
2024;10;4;17;729,8869047619048;61310,5;14,982142857142858;0,0;84
2024;10;4;18;707,1994047619048;59404,75;15,49702380952381;0,0;84
2024;10;4;19;688,7172619047619;57852,25;14,735119047619047;0,0;84
2024;10;4;20;683,3690476190476;57403,0;14,717261904761905;0,0;84
2024;10;4;21;605,7142857142857;50880,0;11,145833333333334;0,0;84
2024;10;4;22;464,6934523809524;39034,25;7,369047619047619;0,0;84
2024;10;4;23;374,2708333333333;31438,75;5,976190476190476;0,0;84
2024;10;5;0;376,0833333333333;31591,0;5,660714285714286;0,0;84
2024;10;5;1;301,0297619047619;25286,5;5,282738095238095;0,0;84
2024;10;5;2;226,58333333333334;19033,0;4,7023809523809526;0,0;84
2024;10;5;3;171,0327380952381;14366,75;3,818452380952381;0,0;84
2024;10;5;4;146,1904761904762;12280,0;3,494047619047619;0,0;84
2024;10;5;5;135,52380952380952;11384,0;2,9672619047619047;0,0;84
2024;10;5;6;169,1656626506024;14040,75;3,2740963855421685;0,0;83
2024;10;5;7;176,4375;14820,75;3,2589285714285716;0,0;84
2024;10;5;8;238,8452380952381;20063,0;3,8541666666666665;0,0;84
2024;10;5;9;328,2142857142857;27570,0;5,181547619047619;0,0;84
2024;10;5;10;431,5297619047619;36248,5;6,497023809523809;0,0;84
2024;10;5;11;520,5416666666666;43725,5;8,297619047619047;0,0;84
2024;10;5;12;577,855421686747;47962,0;10,397590361445783;0,0;83
2024;10;5;13;629,6607142857143;52891,5;12,202380952380953;0,0;84
2024;10;5;14;645,6041666666666;54230,75;13,386904761904763;0,0;84
2024;10;5;15;476,8154761904762;40052,5;8,333333333333334;0,0;84
2024;10;5;16;424,2083333333333;35633,5;6,505952380952381;0,0;84
2024;10;5;17;514,2861445783133;42685,75;7,015060240963855;0,0;83
2024;10;5;18;560,3184523809524;47066,75;8,276785714285714;0,0;84
2024;10;5;19;590,6875;49617,75;10,342261904761905;0,0;84
2024;10;5;20;597,7291666666666;50209,25;10,693452380952381;0,0;84
2024;10;5;21;536,2202380952381;45042,5;9,44047619047619;0,0;84
2024;10;5;22;419,6934523809524;35254,25;6,541666666666667;0,0;84
2024;10;5;23;425,6666666666667;35756,0;7,232142857142857;0,0;84
2024;10;6;0;400,9375;33678,75;6,526785714285714;0,0;84
2024;10;6;1;307,88392857142856;25862,25;5,7648809523809526;0,0;84
2024;10;6;2;229,75892857142858;19299,75;4,785714285714286;0,0;84
2024;10;6;3;173,21428571428572;14550,0;3,761904761904762;0,0;84
2024;10;6;4;143,2172619047619;12030,25;3,386904761904762;0,0;84
2024;10;6;5;130,76190476190476;10984,0;3,1101190476190474;0,0;84
2024;10;6;6;155,96951219512195;12789,5;3,143292682926829;0,0;82
2024;10;6;7;156,51785714285714;13147,5;3,1607142857142856;0,0;84
2024;10;6;8;178,40060240963857;14807,25;2,9186746987951806;0,0;83
2024;10;6;9;247,21385542168676;20518,75;3,463855421686747;0,0;83
2024;10;6;10;366,7708333333333;30808,75;5,104166666666667;0,0;84
2024;10;6;11;476,9613095238095;40064,75;7,104166666666667;0,0;84
2024;10;6;12;563,2202380952381;47310,5;9,00297619047619;0,0;84
2024;10;6;13;627,1279761904761;52678,75;10,12202380952381;0,0;84
2024;10;6;14;645,1071428571429;54189,0;11,05952380952381;0,0;84
2024;10;6;15;487,7142857142857;40968,0;7,877976190476191;0,0;84
2024;10;6;16;443,8363095238095;37282,25;7,154761904761905;0,0;84
2024;10;6;17;531,9642857142857;44685,0;8,318452380952381;0,0;84
2024;10;6;18;557,0297619047619;46790,5;8,848214285714286;0,0;84
2024;10;6;19;556,0744047619048;46710,25;9,279761904761905;0,0;84
2024;10;6;20;550,3720238095239;46231,25;9,101190476190476;0,0;84
2024;10;6;21;472,3392857142857;39676,5;7,380952380952381;0,0;84
2024;10;6;22;351,0357142857143;29487,0;5,428571428571429;0,0;84
2024;10;6;23;258,5952380952381;21722,0;4,065476190476191;0,0;84
2024;11;0;0;159,53603603603602;17708,5;2,554054054054054;7,531531531531532;111
2024;11;0;1;96,67342342342343;10730,75;2,1328828828828827;7,531531531531532;111
2024;11;0;2;70,59009009009009;7835,5;1,5472972972972974;7,531531531531532;111
2024;11;0;3;63,304054054054056;7026,75;1,3716216216216217;7,531531531531532;111
2024;11;0;4;61,50675675675676;6827,25;1,135135135135135;7,531531531531532;111
2024;11;0;5;80,78153153153153;8966,75;1,1576576576576576;7,531531531531532;111
2024;11;0;6;190,04954954954954;21095,5;2,3963963963963963;7,531531531531532;111
2024;11;0;7;430,5810810810811;47794,5;7,585585585585585;7,531531531531532;111
2024;11;0;8;620,6959459459459;68897,25;12,81081081081081;7,531531531531532;111
2024;11;0;9;591,1486486486486;65617,5;12,22072072072072;7,531531531531532;111
2024;11;0;10;471,9256756756757;52383,75;7,781531531531532;7,531531531531532;111
2024;11;0;11;477,3818181818182;52512,0;8,054545454545455;7,6;110
2024;11;0;12;490,42954545454546;53947,25;8,361363636363636;7,6;110
2024;11;0;13;517,7702702702703;57472,5;8,772522522522523;7,531531531531532;111
2024;11;0;14;560,5583333333333;50450,25;9,108333333333333;9,28888888888889;90
2024;11;0;15;559,8243243243244;62140,5;8,95045045045045;7,531531531531532;111
2024;11;0;16;530,0022522522522;58830,25;8,547297297297296;7,531531531531532;111
2024;11;0;17;574,2522522522522;63742,0;10,81081081081081;7,531531531531532;111
2024;11;0;18;601,9256756756756;66813,75;11,48873873873874;7,531531531531532;111
2024;11;0;19;583,3828828828829;64755,5;10,871621621621621;7,531531531531532;111
2024;11;0;20;529,6081081081081;58786,5;8,038288288288289;7,531531531531532;111
2024;11;0;21;416,1081081081081;46188,0;5,93018018018018;7,531531531531532;111
2024;11;0;22;292,8288288288288;32504,0;4,344594594594595;7,531531531531532;111
2024;11;0;23;216,10585585585585;23987,75;3,4234234234234235;7,531531531531532;111
2024;11;1;0;150,9578651685393;13435,25;2,74438202247191;9,393258426966293;89
2024;11;1;1;96,52808988764045;8591,0;1,898876404494382;9,393258426966293;89
2024;11;1;2;74,71666666666667;6724,5;1,7361111111111112;9,28888888888889;90
2024;11;1;3;69,96944444444445;6297,25;1,3916666666666666;9,28888888888889;90
2024;11;1;4;70,00833333333334;6300,75;1,0138888888888888;9,28888888888889;90
2024;11;1;5;84,95277777777778;7645,75;1,413888888888889;9,28888888888889;90
2024;11;1;6;179,99444444444444;16199,5;2,4277777777777776;9,28888888888889;90
2024;11;1;7;419,4638888888889;37751,75;7,391666666666667;9,28888888888889;90
2024;11;1;8;632,7950450450451;70240,25;13,513513513513514;7,531531531531532;111
2024;11;1;9;600,9420289855072;82930,0;14,367753623188406;12,306159420289855;138
2024;11;1;10;506,99460431654677;70472,25;10,262589928057555;12,661870503597122;139
2024;11;1;11;510,35971223021585;70940,0;9,629496402877697;12,661870503597122;139
2024;11;1;12;525,0593525179856;72983,25;9,555755395683454;12,661870503597122;139
2024;11;1;13;594,206834532374;82594,75;10,714028776978417;13,530575539568344;139
2024;11;1;14;695,725;97401,5;11,555357142857142;14,375;140
2024;11;1;15;666,25;92608,75;10,746402877697841;14,805755395683454;139
2024;11;1;16;627,5881294964029;87234,75;10,138489208633093;14,81115107913669;139
2024;11;1;17;666,8956834532374;92698,5;12,93705035971223;14,64568345323741;139
2024;11;1;18;699,3561151079136;97210,5;14,989208633093526;14,043165467625899;139
2024;11;1;19;676,4604316546763;94028,0;13,31474820143885;13,221223021582734;139
2024;11;1;20;614,6517857142857;86051,25;10,417857142857143;14,4875;140
2024;11;1;21;476,0143884892086;66166,0;7,374100719424461;14,944244604316546;139
2024;11;1;22;327,08214285714286;45791,5;5,085714285714285;15,073214285714286;140
2024;11;1;23;263,51785714285717;36892,5;4,566071428571429;14,014285714285714;140
2024;11;2;0;160,04856115107913;22246,75;2,566546762589928;9,352517985611511;139
2024;11;2;1;78,00179856115108;10842,25;1,7733812949640289;6,552158273381295;139
2024;11;2;2;48,49460431654676;6740,75;1,3723021582733812;5,032374100719425;139
2024;11;2;3;41,08471074380165;4971,25;1,1384297520661157;2,6425619834710745;121
2024;11;2;4;42,196280991735534;5105,75;1,0805785123966942;2,884297520661157;121
2024;11;2;5;59,180672268907564;7042,5;1,1827731092436975;4,5588235294117645;119
2024;11;2;6;208,80178571428573;29232,25;2,960714285714286;13,346428571428572;140
2024;11;2;7;542,6964285714286;75977,5;9,241071428571429;13,998214285714285;140
2024;11;2;8;706,2982142857143;98881,75;15,303571428571429;12,991071428571429;140
2024;11;2;9;696,8375;97557,25;16,008928571428573;13,042857142857143;140
2024;11;2;10;567,4660714285715;79445,25;11,435714285714285;14,342857142857143;140
2024;11;2;11;551,7892561983471;66766,5;9,522727272727273;9,231404958677686;121
2024;11;2;12;583,0285714285715;81624,0;10,210714285714285;14,757142857142858;140
2024;11;2;13;610,1844262295082;74442,5;10,59016393442623;16,91393442622951;122
2024;11;2;14;707,9357142857143;99111,0;12,269642857142857;14,589285714285714;140
2024;11;2;15;684,5732142857142;95840,25;10,964285714285714;14,744642857142857;140
2024;11;2;16;635,7392857142858;89003,5;10,523214285714285;14,505357142857143;140
2024;11;2;17;678,1035714285714;94934,5;13,55;14,425;140
2024;11;2;18;682,4607142857143;95544,5;14,73392857142857;13,614285714285714;140
2024;11;2;19;673,9125;94347,75;14,366071428571429;13,2875;140
2024;11;2;20;621,7732142857143;87048,25;10,794642857142858;14,2;140
2024;11;2;21;495,0642857142857;69309,0;8,066071428571428;14,948214285714286;140
2024;11;2;22;349,0017857142857;48860,25;5,567857142857143;15,191071428571428;140
2024;11;2;23;271,03214285714284;37944,5;4,630357142857143;14,455357142857142;140
2024;11;3;0;192,83392857142857;26996,75;3,357142857142857;10,480357142857143;140
2024;11;3;1;107,04132231404958;12952,0;2,1095041322314048;5,429752066115703;121
2024;11;3;2;65,45503597122303;9098,25;1,3669064748201438;6,5359712230215825;139
2024;11;3;3;61,4875;6148,75;1,2825;0,415;100
2024;11;3;4;56,41581632653061;5528,75;1,1964285714285714;0,0;98
2024;11;3;5;70,13520408163265;6873,25;1,1887755102040816;0,0;98
2024;11;3;6;215,50359712230215;29955,0;2,5179856115107913;13,733812949640289;139
2024;11;3;7;534,7517985611511;74330,5;8,68884892086331;14,079136690647482;139
2024;11;3;8;715,3615702479339;86558,75;14,419421487603305;8,487603305785123;121
2024;11;3;9;683,5910714285715;95702,75;14,485714285714286;13,283928571428572;140
2024;11;3;10;562,8714285714286;78802,0;10,880357142857143;13,589285714285714;140
2024;11;3;11;568,2142857142857;79550,0;9,808928571428572;14,628571428571428;140
2024;11;3;12;592,2625899280575;82324,5;9,79496402877698;14,343525179856115;139
2024;11;3;13;620,7321428571429;86902,5;10,285714285714286;14,594642857142857;140
2024;11;3;14;708,1053571428571;99134,75;11,678571428571429;14,382142857142858;140
2024;11;3;15;686,2964285714286;96081,5;10,603571428571428;14,607142857142858;140
2024;11;3;16;640,0625;89608,75;10,48392857142857;14,7;140
2024;11;3;17;686,2178571428572;96070,5;12,135714285714286;14,425;140
2024;11;3;18;716,9089285714285;100367,25;13,85892857142857;13,808928571428572;140
2024;11;3;19;703,5696428571429;98499,75;14,092857142857143;13,473214285714286;140
2024;11;3;20;652,2714285714286;91318,0;11,869642857142857;13,775;140
2024;11;3;21;535,5982142857143;74983,75;8,348214285714286;14,601785714285715;140
2024;11;3;22;381,9035714285714;53466,5;6,378571428571429;14,95357142857143;140
2024;11;3;23;307,68392857142857;43075,75;5,4678571428571425;14,869642857142857;140
2024;11;4;0;253,3859375;40541,75;3,90625;10,5046875;160
2024;11;4;1;159,11180124223603;25617,0;3,624223602484472;8,900621118012422;161
2024;11;4;2;108,734375;17397,5;2,1875;7,21875;160
2024;11;4;3;95,29609929078015;13436,75;2,0620567375886525;4,879432624113475;141
2024;11;4;4;83,92321428571428;11749,25;1,7982142857142858;4,767857142857143;140
2024;11;4;5;94,09642857142858;13173,5;1,6589285714285715;5,519642857142857;140
2024;11;4;6;211,48757763975155;34049,5;3,2468944099378882;12,326086956521738;161
2024;11;4;7;469,04559748427675;74578,25;7,366352201257862;12,578616352201259;159
2024;11;4;8;617,9487577639752;99489,75;10,99223602484472;12,737577639751553;161
2024;11;4;9;586,4580745341615;94419,75;10,322981366459627;12,774844720496894;161
2024;11;4;10;529,25;85209,25;8,860248447204969;12,700310559006212;161
2024;11;4;11;550,8012422360248;88679,0;9,167701863354038;12,703416149068323;161
2024;11;4;12;583,5636645962733;93953,75;9,951863354037267;12,664596273291925;161
2024;11;4;13;635,3167701863354;102286,0;11,111801242236025;12,684782608695652;161
2024;11;4;14;728,8245341614906;117340,75;13,513975155279503;12,226708074534162;161
2024;11;4;15;690,7872670807453;111216,75;14,76086956521739;11,074534161490684;161
2024;11;4;16;614,0605590062112;98863,75;11,569875776397515;11,664596273291925;161
2024;11;4;17;644,8835403726708;103826,25;12,01086956521739;12,065217391304348;161
2024;11;4;18;633,9860248447205;102071,75;12,347826086956522;11,619565217391305;161
2024;11;4;19;620,5310559006211;99905,5;11,868012422360248;11,555900621118013;161
2024;11;4;20;609,9285714285714;98198,5;11,436335403726709;11,745341614906833;161
2024;11;4;21;552,5869565217391;88966,5;9,330745341614907;12,414596273291925;161
2024;11;4;22;411,375;65820,0;5,965625;12,753125;160
2024;11;4;23;333,1645962732919;53639,5;5,388198757763975;12,835403726708075;161
2024;11;5;0;320,675;51308,0;4,88125;12,621875;160
2024;11;5;1;264,9421875;42390,75;4,3953125;12,290625;160
2024;11;5;2;211,2671875;33802,75;3,8515625;12,1265625;160
2024;11;5;3;160,40625;25665,0;3,109375;11,45625;160
2024;11;5;4;128,8191823899371;20482,25;2,35062893081761;10,391509433962264;159
2024;11;5;5;121,29716981132076;19286,25;1,990566037735849;10,50943396226415;159
2024;11;5;6;147,6421875;23622,75;2,5171875;11,3828125;160
2024;11;5;7;160,6109375;25697,75;2,446875;11,2984375;160
2024;11;5;8;210,515625;33682,5;3,1703125;11,459375;160
2024;11;5;9;294,0890625;47054,25;4,03125;11,803125;160
2024;11;5;10;385,271875;61643,5;5,415625;11,60625;160
2024;11;5;11;465,0734375;74411,75;6,18125;11,6140625;160
2024;11;5;12;507,3640625;81178,25;7,5140625;11,19375;160
2024;11;5;13;543,475;86956,0;8,70625;11,1546875;160
2024;11;5;14;552,7078125;88433,25;9,5640625;11,1609375;160
2024;11;5;15;426,4515625;68232,25;6,6484375;11,6640625;160
2024;11;5;16;378,628125;60580,5;5,375;11,703125;160
2024;11;5;17;441,8421875;70694,75;6,7796875;11,3625;160
2024;11;5;18;502,2703125;80363,25;8,26875;11,375;160
2024;11;5;19;497,6890625;79630,25;9,2578125;10,6734375;160
2024;11;5;20;490,459375;78473,5;9,7421875;10,6140625;160
2024;11;5;21;455,284375;72845,5;8,0125;10,671875;160
2024;11;5;22;375,3765625;60060,25;6,0;11,5546875;160
2024;11;5;23;316,501572327044;50323,75;4,838050314465409;11,488993710691824;159
2024;11;6;0;305,81531531531533;33945,5;5,177927927927928;7,531531531531532;111
2024;11;6;1;253,88288288288288;28181,0;4,281531531531532;7,531531531531532;111
2024;11;6;2;198,6644144144144;22051,75;3,9054054054054053;7,531531531531532;111
2024;11;6;3;158,38738738738738;17581,0;3,2815315315315314;7,531531531531532;111
2024;11;6;4;137,04954954954954;15212,5;2,9527027027027026;7,531531531531532;111
2024;11;6;5;125,08558558558559;13884,5;2,5067567567567566;7,531531531531532;111
2024;11;6;6;143,96621621621622;15980,25;2,3603603603603602;7,531531531531532;111
2024;11;6;7;147,725;16249,75;1,990909090909091;7,6;110
2024;11;6;8;174,77570093457945;18701,0;2,067757009345794;7,813084112149533;107
2024;11;6;9;217,42824074074073;23482,25;3,5856481481481484;7,7407407407407405;108
2024;11;6;10;302,6041666666667;32681,25;4,976851851851852;7,7407407407407405;108
2024;11;6;11;399,0022935779817;43491,25;5,873853211009174;7,669724770642202;109
2024;11;6;12;460,81756756756755;51150,75;7,425675675675675;7,531531531531532;111
2024;11;6;13;500,2454954954955;55527,25;8,414414414414415;7,531531531531532;111
2024;11;6;14;511,27477477477476;56751,5;8,655405405405405;7,531531531531532;111
2024;11;6;15;391,11036036036035;43413,25;6,281531531531532;7,531531531531532;111
2024;11;6;16;376,2072072072072;41759,0;5,725225225225225;7,531531531531532;111
2024;11;6;17;440,3761261261261;48881,75;6,655405405405405;7,531531531531532;111
2024;11;6;18;454,61036036036035;50461,75;6,988738738738738;7,531531531531532;111
2024;11;6;19;433,27927927927925;48094,0;6,842342342342342;7,531531531531532;111
2024;11;6;20;417,1981981981982;46309,0;6,47972972972973;7,531531531531532;111
2024;11;6;21;365,5472972972973;40575,75;5,427927927927928;7,531531531531532;111
2024;11;6;22;287,8671171171171;31953,25;4,175675675675675;7,531531531531532;111
2024;11;6;23;219,30855855855856;24343,25;3,3986486486486487;7,531531531531532;111
2024;12;0;0;167,36234817813767;41338,5;2,4331983805668016;19,90688259109312;247
2024;12;0;1;90,69817073170732;22311,75;1,4115853658536586;16,725609756097562;246
2024;12;0;2;57,948170731707314;14255,25;0,9247967479674797;13,549796747967479;246
2024;12;0;3;42,08372641509434;8921,75;0,9658018867924528;8,137971698113208;212
2024;12;0;4;41,50615763546798;8425,75;0,7610837438423645;7,646551724137931;203
2024;12;0;5;65,88414634146342;16207,5;1,204268292682927;14,139227642276422;246
2024;12;0;6;192,09817813765181;47448,25;2,5435222672064777;20,11234817813765;247
2024;12;0;7;458,7570564516129;113771,75;6,823588709677419;21,49092741935484;248
2024;12;0;8;560,835685483871;139087,25;9,16733870967742;20,666330645161292;248
2024;12;0;9;561,2489919354839;139189,75;9,798387096774194;21,08467741935484;248
2024;12;0;10;517,234879032258;128274,25;8,054435483870968;21,236895161290324;248
2024;12;0;11;550,4038461538462;135949,75;8,34919028340081;21,464574898785425;247
2024;12;0;12;582,3689516129032;144427,5;9,170362903225806;21,309475806451612;248
2024;12;0;13;606,4657258064516;150403,5;9,935483870967742;21,436491935483872;248
2024;12;0;14;669,3941532258065;166009,75;10,024193548387096;21,635080645161292;248
2024;12;0;15;625,765120967742;155189,75;9,138104838709678;21,54032258064516;248
2024;12;0;16;573,4959677419355;142227,0;8,50100806451613;21,51108870967742;248
2024;12;0;17;627,648185483871;155656,75;9,96975806451613;20,958669354838708;248
2024;12;0;18;659,7661943319838;162962,25;10,662955465587045;20,418016194331983;247
2024;12;0;19;622,8649193548387;154470,5;10,404233870967742;20,12298387096774;248
2024;12;0;20;572,8074596774194;142056,25;8,214717741935484;21,36391129032258;248
2024;12;0;21;459,09979838709677;113856,75;6,316532258064516;22,08266129032258;248
2024;12;0;22;329,21963562753035;81317,25;4,473684210526316;21,992914979757085;247
2024;12;0;23;231,29858299595142;57130,75;3,432186234817814;21,22165991902834;247
2024;12;1;0;160,37955465587044;39613,75;2,26417004048583;17,388663967611336;247
2024;12;1;1;89,20717592592592;19268,75;1,7951388888888888;11,689814814814815;216
2024;12;1;2;55,84888888888889;12566,0;1,16;10,022222222222222;225
2024;12;1;3;45,14402173913044;8306,5;1,0244565217391304;6,744565217391305;184
2024;12;1;4;40,85190217391305;7516,75;0,811141304347826;6,195652173913044;184
2024;12;1;5;59,067401960784316;12049,75;1,0049019607843137;9,757352941176471;204
2024;12;1;6;178,93421052631578;44196,75;2,535425101214575;19,728744939271255;247
2024;12;1;7;396,7682926829268;97605,0;6,194105691056911;20,945121951219512;246
2024;12;1;8;501,8266129032258;124453,0;9,06350806451613;20,098790322580644;248
2024;12;1;9;500,69959677419354;124173,5;9,694556451612904;19,844758064516128;248
2024;12;1;10;469,19028340080973;115890,0;7,4534412955465585;20,717611336032387;247
2024;12;1;11;509,54637096774195;126367,5;7,681451612903226;21,577620967741936;248
2024;12;1;12;551,2358870967741;136706,5;8,38508064516129;21,474798387096776;248
2024;12;1;13;587,5769230769231;145131,5;8,755060728744938;21,35425101214575;247
2024;12;1;14;628,7762096774194;155936,5;9,607862903225806;21,60483870967742;248
2024;12;1;15;572,8891129032259;142076,5;8,144153225806452;21,79032258064516;248
2024;12;1;16;525,8941532258065;130421,75;7,790322580645161;21,587701612903224;248
2024;12;1;17;558,2237903225806;138439,5;9,21975806451613;21,41532258064516;248
2024;12;1;18;593,5604838709677;147203,0;11,210685483870968;20,375;248
2024;12;1;19;618,0816532258065;153284,25;11,455645161290322;19,807459677419356;248
2024;12;1;20;606,1885080645161;150334,75;9,487903225806452;20,703629032258064;248
2024;12;1;21;446,48790322580646;110729,0;6,682459677419355;21,672379032258064;248
2024;12;1;22;262,2723577235772;64519,0;3,5233739837398375;21,708333333333332;246
2024;12;1;23;204,21239837398375;50236,25;2,832317073170732;20,803861788617887;246
2024;12;2;0;217,65433673469389;42660,25;2,5854591836734695;18,943877551020407;196
2024;12;2;1;185,5141242937853;32836,0;2,939265536723164;14,274011299435028;177
2024;12;2;2;120,43781725888324;23726,25;1,7284263959390862;13,902284263959391;197
2024;12;2;3;76,29829545454545;13428,5;1,2116477272727273;10,857954545454545;176
2024;12;2;4;46,59659090909091;6150,75;0,9583333333333334;3,039772727272727;132
2024;12;2;5;62,05555555555556;12287,0;1,0934343434343434;14,272727272727273;198
2024;12;2;6;181,88762626262627;36013,75;2,095959595959596;19,64520202020202;198
2024;12;2;7;439,7753807106599;86635,75;6,2055837563451774;20,28553299492386;197
2024;12;2;8;531,6611675126903;104737,25;10,403553299492385;18,38705583756345;197
2024;12;2;9;497,7739898989899;98559,25;10,681818181818182;18,612373737373737;198
2024;12;2;10;437,65656565656565;86656,0;7,952020202020202;20,171717171717173;198
2024;12;2;11;470,57954545454544;93174,75;7,373737373737374;20,86111111111111;198
2024;12;2;12;513,3560606060606;101644,5;8,428030303030303;21,23611111111111;198
2024;12;2;13;583,9606598984772;115040,25;9,49746192893401;21,133248730964468;197
2024;12;2;14;664,625;131595,75;10,554292929292929;21,279040404040405;198
2024;12;2;15;569,7537878787879;112811,25;8,66540404040404;21,174242424242426;198
2024;12;2;16;527,489898989899;104443,0;8,234848484848484;21,13510101010101;198
2024;12;2;17;603,375;119468,25;10,66540404040404;20,796717171717173;198
2024;12;2;18;654,5858585858585;129608,0;13,703282828282829;19,627525252525253;198
2024;12;2;19;657,344696969697;130154,25;12,613636363636363;19,28409090909091;198
2024;12;2;20;597,2664141414141;118258,75;9,969696969696969;20,434343434343436;198
2024;12;2;21;493,84722222222223;97781,75;6,886363636363637;21,588383838383837;198
2024;12;2;22;352,7121212121212;69837,0;4,95580808080808;22,035353535353536;198
2024;12;2;23;264,73857868020303;52153,5;3,739847715736041;21,10786802030457;197
2024;12;3;0;192,6738578680203;37956,75;2,4200507614213196;19,134517766497463;197
2024;12;3;1;105,41919191919192;20873,0;1,7626262626262625;16,22979797979798;198
2024;12;3;2;67,40277777777777;13345,75;1,2285353535353536;14,079545454545455;198
2024;12;3;3;48,266581632653065;9460,25;0,9413265306122449;10,19515306122449;196
2024;12;3;4;47,011428571428574;8227,0;0,79;9,464285714285714;175
2024;12;3;5;65,32449494949495;12934,25;0,8939393939393939;14,032828282828282;198
2024;12;3;6;203,7689393939394;40346,25;2,5694444444444446;20,34469696969697;198
2024;12;3;7;474,7108585858586;93992,75;6,819444444444445;21,545454545454547;198
2024;12;3;8;610,5909090909091;120897,0;10,382575757575758;21,2020202020202;198
2024;12;3;9;583,5777202072538;112630,5;10,124352331606218;20,72538860103627;193
2024;12;3;10;533,2790404040404;105589,25;9,368686868686869;21,18813131313131;198
2024;12;3;11;565,2550505050505;111920,5;9,363636363636363;21,286616161616163;198
2024;12;3;12;594,104797979798;117632,75;9,997474747474747;21,031565656565657;198
2024;12;3;13;628,7992424242424;124502,25;10,780303030303031;21,0239898989899;198
2024;12;3;14;703,8479899497487;140065,75;11,753768844221106;20,850502512562816;199
2024;12;3;15;667,8278894472362;132897,75;10,605527638190955;21,10929648241206;199
2024;12;3;16;614,4309045226131;122271,75;9,557788944723619;21,4321608040201;199
2024;12;3;17;660,7110552763819;131481,5;11,03643216080402;21,001256281407034;199
2024;12;3;18;689,0100502512563;137113,0;13,194723618090451;19,597989949748744;199
2024;12;3;19;665,1846733668342;132371,75;12,933417085427136;18,763819095477388;199
2024;12;3;20;624,1281407035176;124201,5;11,054020100502512;20,277638190954775;199
2024;12;3;21;531,0376884422111;105676,5;8,507537688442211;21,381909547738694;199
2024;12;3;22;399,97236180904525;79594,5;6,150753768844221;22,193467336683415;199
2024;12;3;23;313,5778894472362;62402,0;4,984924623115578;21,968592964824122;199
2024;12;4;0;254,08291457286433;50562,5;3,6532663316582914;20,556532663316585;199
2024;12;4;1;177,28266331658293;35279,25;2,6758793969849246;18,97613065326633;199
2024;12;4;2;122,92336683417085;24461,75;2,027638190954774;17,51005025125628;199
2024;12;4;3;97,85645161290323;15167,75;1,9403225806451614;11,05;155
2024;12;4;4;83,30037313432835;11162,25;1,669776119402985;6,186567164179104;134
2024;12;4;5;92,51129943502825;16374,5;1,4548022598870056;13,875706214689265;177
2024;12;4;6;192,80778894472363;38368,75;2,2751256281407035;20,60427135678392;199
2024;12;4;7;371,6042713567839;73949,25;4,728643216080402;21,883165829145728;199
2024;12;4;8;471,8505025125628;93898,25;6,555276381909548;21,91457286432161;199
2024;12;4;9;480,85913705583755;94729,25;7,074873096446701;22,20812182741117;197
2024;12;4;10;496,12247474747477;98232,25;7,133838383838384;21,805555555555557;198
2024;12;4;11;540,2311557788945;107506,0;7,863065326633166;21,44723618090452;199
2024;12;4;12;580,2424623115578;115468,25;8,667085427135678;21,448492462311556;199
2024;12;4;13;634,0276381909548;126171,5;9,896984924623116;21,025125628140703;199
2024;12;4;14;680,3492462311558;135389,5;11,616834170854272;20,695979899497488;199
2024;12;4;15;615,3693467336683;122458,5;10,17964824120603;20,74497487437186;199
2024;12;4;16;551,1620603015075;109681,25;8,272613065326633;21,001256281407034;199
2024;12;4;17;591,6871859296482;117745,75;8,850502512562814;21,08542713567839;199
2024;12;4;18;613,8894472361809;122164,0;9,782663316582914;20,733668341708544;199
2024;12;4;19;606,3655778894472;120666,75;9,886934673366834;20,487437185929647;199
2024;12;4;20;592,394472361809;117886,5;9,347989949748744;20,626884422110553;199
2024;12;4;21;541,0439698492462;107667,75;8,361809045226131;21,21356783919598;199
2024;12;4;22;463,97613065326635;92331,25;6,665829145728643;21,350502512562816;199
2024;12;4;23;382,0391414141414;75643,75;5,213383838383838;21,194444444444443;198
2024;12;5;0;369,1256281407035;73456,0;5,238693467336684;21,270100502512562;199
2024;12;5;1;319,72853535353534;63306,25;4,343434343434343;20,49368686868687;198
2024;12;5;2;258,74747474747477;51232,0;3,890151515151515;19,522727272727273;198
2024;12;5;3;167,70328282828282;33205,25;3,0164141414141414;18,75378787878788;198
2024;12;5;4;112,12994350282486;19847,0;2,0070621468926553;14,956214689265536;177
2024;12;5;5;110,28553299492386;21726,25;1,6637055837563453;18,29695431472081;197
2024;12;5;6;146,22448979591837;28660,0;1,9183673469387754;19,988520408163264;196
2024;12;5;7;165,82323232323233;32833,0;2,621212121212121;21,233585858585858;198
2024;12;5;8;197,39340101522842;38886,5;2,3921319796954315;20,227157360406093;197
2024;12;5;9;296,94570707070704;58795,25;3,840909090909091;21,488636363636363;198
2024;12;5;10;394,0558375634518;77629,0;4,878172588832487;21,431472081218274;197
2024;12;5;11;482,59170854271355;96035,75;7,021356783919598;21,621859296482413;199
2024;12;5;12;548,6633165829146;109184,0;8,167085427135678;21,34045226130653;199
2024;12;5;13;595,1947236180905;118443,75;9,798994974874372;20,443467336683415;199
2024;12;5;14;605,6972361809045;120533,75;9,587939698492463;20,742462311557787;199
2024;12;5;15;458,65577889447235;91272,5;6,765075376884422;21,959798994974875;199
2024;12;5;16;398,520202020202;78907,0;5,411616161616162;21,882575757575758;198
2024;12;5;17;457,0820707070707;90502,25;6,563131313131313;21,835858585858585;198
2024;12;5;18;521,9520202020202;103346,5;7,896464646464646;21,400252525252526;198
2024;12;5;19;537,6294416243654;105913,0;8,26015228426396;20,879441624365484;197
2024;12;5;20;532,2424242424242;105384,0;8,71338383838384;20,271464646464647;198
2024;12;5;21;478,50892857142856;93787,75;6,4375;21,23341836734694;196
2024;12;5;22;398,7462311557789;79350,5;5,806532663316583;21,84045226130653;199
2024;12;5;23;334,98366834170855;66661,75;5,159547738693467;21,62939698492462;199
2024;12;6;0;321,8157894736842;79488,5;5,003036437246964;21,37854251012146;247
2024;12;6;1;252,0469387755102;61751,5;3,622448979591837;20,708163265306123;245
2024;12;6;2;175,5670731707317;43189,5;3,0060975609756095;19,834349593495936;246
2024;12;6;3;138,6084474885845;30355,25;2,3812785388127855;15,818493150684931;219
2024;12;6;4;110,56590909090909;24324,5;2,019318181818182;14,126136363636364;220
2024;12;6;5;103,35323886639677;25528,25;2,1123481781376516;17,516194331983804;247
2024;12;6;6;129,90408163265306;31826,5;1,5510204081632653;19,190816326530612;245
2024;12;6;7;146,4969135802469;35598,75;1,7890946502057614;20,513374485596707;243
2024;12;6;8;152,40548780487805;37491,75;2,0060975609756095;20,114837398373982;246
2024;12;6;9;204,56149193548387;50731,25;3,2419354838709675;21,242943548387096;248
2024;12;6;10;303,2368421052632;74899,5;4,3582995951417;21,67105263157895;247
2024;12;6;11;434,56451612903226;107772,0;6,155241935483871;21,304435483870968;248
2024;12;6;12;507,8296370967742;125941,75;7,648185483870968;21,142137096774192;248
2024;12;6;13;558,6925403225806;138555,75;7,764112903225806;21,383064516129032;248
2024;12;6;14;567,0826612903226;140636,5;8,040322580645162;21,495967741935484;248
2024;12;6;15;442,1431451612903;109651,5;6,233870967741935;21,722782258064516;248
2024;12;6;16;397,07762096774195;98475,25;5,60383064516129;21,550403225806452;248
2024;12;6;17;466,22469635627533;115157,5;6,280364372469635;21,446356275303643;247
2024;12;6;18;517,2237903225806;128271,5;7,540322580645161;21,453629032258064;248
2024;12;6;19;533,28125;132253,75;8,411290322580646;21,3125;248
2024;12;6;20;502,4344758064516;124603,75;7,357862903225806;21,367943548387096;248
2024;12;6;21;427,31754032258067;105974,75;6,077620967741935;21,701612903225808;248
2024;12;6;22;332,8608870967742;82549,5;4,827620967741935;21,857862903225808;248
2024;12;6;23;238,04737903225808;59035,75;3,724798387096774;21,53326612903226;248
