id;tipo_elem;distrito;nombre;longitud;latitud
5902;URB;8.0;(TACTICO) ISLAS CIES O-E;-3.7170144573074455;40.481374117635035
5088;URB;11.0;ARLANZA E-O;-3.7163009727012897;40.38685384420948
5141;URB;11.0;Cº VIEJO DE LEGANES N-S;-3.7332475805587912;40.37841243694937
5010;URB;10.0;MARQUES MONISTROL N-S (CALLE 30);-3.724139224529635;40.41488003760071
3924;URB;5.0;Doctor Arce S-N - Estevez-Pl. Cataluña;-3.6801890307997045;40.4477284292019
5538;URB;5.0;Pº de la Habana S-N - Jerez-Menendez Pidal;-3.679401834270858;40.46555080331718
4483;URB;9.0;(AFOROS)Av.Valladolid S-N - Loeches- Av. Marqués de Monistrol ;-3.7336102155508724;40.43332505007126
11177;URB;15.0;Alcalá 408 - Río Ulla-Campuzano;-3.6425697627762523;40.43574209047253
6057;URB;15.0;Marqués de Pico Velasco 53 - Misterios-Arturo Soria;-3.6442688031209425;40.44395071663375
6082;URB;15.0;Av. San Luis - Av. Burgos-Condado de Treviño;-3.672865011397767;40.48001684777754
11127;URB;16.0;Francisco Pi y Margall 4 - Octavio Paz - Vicente Blasco Ibáñez;-3.658229545239427;40.48996087471215
4322;URB;9.0;Po DEL REY N-S(IRUN-CUESTA SAN VICENTE);-3.71811850693261;40.42108661636166
4629;URB;5.0;LOPEZ DE HOYOS, 188 O-E(CLARA DEL REY-PANTOJA);-3.669300822618868;40.44736080773171
5041;URB;11.0;GRAL. RICARDOS O-E(CLARISAS-ALEJANDRO SANCHEZ);-3.727962028314084;40.390996257190714
5191;URB;10.0;AV.MANZANARES N-S ENTRADA TÚNEL;-3.722838525962404;40.41070543166669
5309;URB;10.0;PLATILLOS S-N(TROMPAS-AV. AVIACION);-3.768214762965056;40.37295826396664
5338;URB;12.0;MEZQUITA E-O (ELIZONDO-ESTAFETA);-3.6915662612016247;40.373619654134636
5167;URB;10.0;(TACTICO)AYLLON S-N;-3.7756262877424955;40.39904444744559
5293;URB;11.0;ANTONIO LÓPEZ E-O (Pº STA MARIA CABEZA-MARQUES JURA REAL);-3.7068713503027966;40.39359686501042
6849;other;2.0;15NC71PM01;-3.716322416642966;40.400236187309915
1035;other;11.0;15RU11PM01;-3.7130391226937562;40.397350789526556
6862;other;2.0;15RV01PM01;-3.711761667898252;40.39900771308344
6851;other;2.0;15RV50PM01;-3.7163034541711877;40.400475711580356
6853;other;11.0;15XC54PM01;-3.714462417250416;40.39917884807349
7109;URB;15.0;Alcala E-O - Raquel Meller- M-30;-3.659434792363309;40.43159449277446
11167;URB;16.0; - ;-3.6475225205884856;40.48579977876999
4859;URB;9.0;(TACTICO) Pº ERMITA Ø10 S-N (G. PARRA - ARAQUIL);-3.7801584374678296;40.46043775909707
5310;URB;10.0;AV.AVIACION O-E(FLAUTAS-PLATILLOS);-3.7690081952131003;40.373616735768756
10955;URB;11.0;JACINTO VERDAGUER E-O (BALEARES-ANTONIO LEYVA);-3.7141822018971755;40.396233518485296
5311;URB;10.0;JOSE CADALSO N-S(SOLEDAD CAZORLA-AV. AVIACION);-3.76813866779469;40.37416714575638
6698;M30;8.0;PM12571;-3.7457632105832612;40.4743972032737
3912;URB;5.0;Ramon y Cajal E-O - Pº de los Jacintos -Alfonso XIII;-3.6664944484455306;40.45240243941892
4443;URB;5.0;Maria Molina E-O - Del Pinar-Alvarez de Baena;-3.6887699086515036;40.43798496339748
4467;URB;7.0;(MICRO) Pl. San Juan de la Cruz S-O(Delante G.13) (P.M.5) - (MICRO) Pl. San Juan de la Cruz S-O(Delante G.13) (P.M.5);-3.6920670448071813;40.44112253083862
5549;URB;5.0;(AFOROS)Principe de Vergara S-N - Colombia-Pl.República Dominicana;-3.676867858770819;40.45747960394118
3645;URB;15.0;Alcalá - Argentina - Concejal Juilo Gomez;-3.6496727948207353;40.43292258965133
6072;URB;15.0;Cta. Sagrado Corazón  - Sta. María Magdalena-Arturo Soria;-3.6674758172958524;40.466801462628055
10890;URB;14.0;Camino Vinateros - Cno. Vinateros - Dr. Garcia Tapia;-3.6451007789735166;40.40817363658615
6256;URB;16.0;Ctra. Canillas - Matapozuelos-Pegaso;-3.6498699643907986;40.46289534278172
10845;URB;16.0;Gran Via de Hortaleza - Haiti- Grta. Fco. Fernandez Ordoñez;-3.6471663458838353;40.46834435521697
5365;URB;18.0;Av. Suertes - Corral Almaguer-Peñaranda Bracamonte;-3.6082051059040134;40.37142683077943
4170;URB;1.0;CRA. SAN JERONIMO N-S(MARQUES DE CUBAS-Po DEL PRADO);-3.695627833962565;40.41563008158208
9920;URB;9.0;EDUARDO SAAVEDRA N-S(PROF. ARANGUREN-E.INGENIEROS DE CAMINOS;-3.7306878629198597;40.44723240867316
4520;URB;6.0;DR.FEDERICO RUBIO Y GALI N-S(PABLO IGLESIAS-NUMANCIA);-3.712302518528309;40.452590634551484
5889;URB;8.0;GINZO DE LIMIA, 60 S-N;-3.7059719061822958;40.48341765571139
5106;URB;11.0;PINZON S-N;-3.7401294314861904;40.3882666737409
5174;URB;10.0;CTRA. BOADILLA E-O (GALICIA-SEDANO);-3.773069128987878;40.39921230828104
1047;other;9.0;03FL08PM01;-3.720851153355248;40.419551806924304
4890;URB;9.0;AV. OSA MAYOR Ø22 O-E (ARAIZ-FCO. SANFIZ);-3.777969934938601;40.45997002346132
4982;URB;12.0;EDUARDO BARREIROS N-S(PINSAPO- SALVADOR MARTINEZ);-3.696440330849512;40.368103431140376
10063;URB;13.0;Pío Felipe - El Bosco-Jadraque;-3.6487371284080012;40.397468125160096
11107;URB;13.0;El Bosco - Sierra Toledana-Cerámica;-3.658141456478117;40.40535858828173
10779;URB;13.0;Av. Entrevías - Renfe-Ronda Sur;-3.6582707310702274;40.37614183707073
6516;URB;20.0;San Romualdo - Av. Arcentales-Cronos;-3.620019508448237;40.434909604361884
6505;URB;18.0;Av. Democracia - Gran Vía del Este - Acceso A3;-3.6224075529988697;40.38945057939952
10922;URB;2.0;OMBU N-S;-3.676717636804486;40.39470332527062
10658;URB;2.0;Po MELANCOLICOS N-S (DUQUE TOVAR -;-3.719867029850627;40.40256884271666
5888;URB;8.0;GINZO DE LIMIA S-N;-3.7078256757173063;40.484692962998096
5292;URB;11.0;(TACTICO) BALEARES S-N;-3.713595936772076;40.396550719887266
3410;URB;10.0;Pº ERMITA SANTO S-N;-3.724136326979863;40.41305272742686
6503;URB;20.0;Alcalá - A2-Jaca;-3.60981470328705;40.44827519418777
6506;URB;19.0;Av. Democracia - AV. Democracia - A3;-3.621776330006432;40.3911743743749
10927;URB;2.0;AV PLANETARIO O-E(SALIDA TUNEL);-3.683786540861674;40.39306377015362
10375;URB;8.0;MONASTERIO MONTESCLAROS S-N ( MONASTERIO SUSO Y YUSO - MONASTERIO SILOS);-3.702681324703363;40.50284956799217
5035;URB;10.0;FRUELA N-S;-3.7307049820362757;40.41304035575054
9909;URB;9.0;DEHESA DE LA VILLA N-S(AV.COMPLUTENSE-M-30);-3.7307732126933653;40.456149452330045
3632;URB;12.0;SANTUARIO N-S(ANTONIO PADUA-EVANGELIOS);-3.6999030886297497;40.384128017902704
4780;URB;12.0;PTE. DE ANDALUCIA ENTRADA GTA. CADIZ  E-O;-3.6987288632683226;40.38874344992396
10566;URB;8.0;PORTICO DE LA GLORIA O-E;-3.665656938920548;40.514351947492436
5151;URB;10.0;AV.POBLADOS N-S(SEBASTIAN ALVAROMELILOTO);-3.76846424314302;40.391182594685134
5264;URB;11.0;JACOBEO E-O (CUEVAS ALTAMIRA-PINAR SAN JOSE);-3.759902094810944;40.36433778395001
6906;other;14.0;05TL00PM03;-3.648496989625944;40.40028644097485
3643;URB;8.0;AV. CARDENAL HERRERA ORIA 275 O-E(ISLA DEL YESO-ISLA TABARCA);-3.7248233354208518;40.47934581720701
3664;URB;20.0;Alcalá - Electra-San Romualdo ;-3.6216586095911714;40.44235545027889
10986;URB;9.0;Pº FLORIDA S-N(CTA SAN VICENTE-MOZART);-3.7207292958982596;40.4210171920132
4596;URB;8.0;SINESIO DELGADO E-O(CARLOS III-MAGNOLIAS);-3.6904927146296087;40.47459092157503
11041;URB;17.0;(TACTICO)LAGUNA SANTIAGO O-E;-3.705613112620118;40.352635339760035
11261;URB;8.0;(TACTICO) RODA DE BARA N-S;-3.7116458968206265;40.48435122059632
3688;URB;11.0;AV. EURO N-S(OBOLO-AGUACATE);-3.7414441968738017;40.368604413044174
6230;URB;16.0;Silvano - Colegio Liceo-Moscatelar;-3.6436155925329556;40.45828285155728
5487;URB;6.0;General Perón E-O - Presidente Carmona-Aviador Zorita;-3.697483599745546;40.452585151898106
5761;URB;5.0;Av. America E-O - Padre Xifre-Cartagena;-3.6719053340742107;40.43942375395078
5926;URB;15.0;Alcalá - Urquiza-Gutierre de Cetina;-3.6460808054160743;40.43407811851971
10440;URB;15.0;Torrelaguna - Cidamón - Sorzano;-3.6584668560950773;40.45037263235017
6335;URB;21.0;Av. Logroño  - Basella-Bande;-3.588780495037759;40.46252638726368
6468;URB;20.0;Av. Arcentales - Av. Arcentales-Pl. Grecia;-3.604637098000266;40.43442353643761
6473;URB;20.0;Suecia - Francfort-Pº. Ginebra;-3.6052856595541938;40.423355619430055
10477;URB;20.0;Julian Camarillo - Albadalejo-Cronos;-3.6189088112861847;40.43802038320698
4124;URB;2.0;EMBAJADORES N-S(TOMAS BORRAS-MIGUEL ARREDONDO);-3.6956391035674363;40.3954465972213
10608;URB;1.0;Carrera San Jeronimo O-E(Pta Sol-Canalejas);-3.7007423189007302;40.4166460437453
4291;URB;1.0;FLOR BAJA O-E(LEGANITOS-GRAN VIA);-3.710262131034856;40.422398241132264
4329;URB;2.0;SEGOVIA, 61 O-E(MAZARREDO-RONDA SEGOVIA);-3.7182676797803405;40.41388590056349
7102;URB;1.0;(TACTICO)SEGOVIA 69 E-O (GIRO A JUAN DUQUE);-3.719272336540255;40.41395473925422
4668;URB;4.0;AV.BRUSELAS S-N(BRESCIA-AV.BRUSELAS);-3.6633793531508063;40.438205150645416
3787;URB;8.0;(TACTICO)ISLA JAVA E-O;-3.685885013003091;40.49113048159809
3916;URB;5.0;Concha Espinal O-E - Rodriguez Marin-Principe Vergara;-3.678600971774253;40.45163361994704
3918;URB;5.0;Alfonso XIII S-N - Ramon y Cajal-Pintor Ribera;-3.667277093539869;40.453080961969334
11146;URB;16.0;Fuerzas Armadas - P.P. (16-156)-Rocio Jurado;-3.633876699169258;40.48671163501691
10338;URB;9.0;QUINTANA O-E (JUAN ALVAREZ MENDIZABAL-FERRAZ);-3.717931319157479;40.42764050849289
1003;other;10.0;05FT66PM01;-3.74683415991325;40.40682430154291
1048;other;3.0;08RE14PM01;-3.6641108392474093;40.40921010596041
6907;other;14.0;08RE66PM01;-3.6636408332030825;40.40656673880716
4054;URB;3.0;(AFOROS) Av. Menendez Pelayo, 10 S-N - Dr. Castelo-O´Donnell;-3.679595873344297;40.420711927759555
5540;URB;5.0;Av.Pio XII N-S - Memorial 11 de Marzo 2004 -Comandante Franco;-3.6749834120988467;40.4665100146188
5790;URB;13.0;Av. Buenos Aires - Pedro Laborde-Av. Pablo Neruda;-3.6531126409643018;40.382726751289965
6059;URB;15.0;Mesena - Emilio Rubin-Navarro Amandi;-3.6595091298565454;40.46159511742382
6242;URB;15.0;Ulises - Ulises-Asura;-3.6553040380299135;40.45636729915871
10758;URB;16.0;Francisco Mosqueda  - Ramón Power-Silvano;-3.6280761967390385;40.46284674256733
6345;URB;20.0;Cartago - Cartago-A-2;-3.6083843368268202;40.44862902490905
4508;URB;9.0;FRANCOS RODRIGUEZ O-E(PIRINEOS-POLICIA);-3.7155550041488525;40.45854023294793
4914;URB;10.0;(TACTICO) VALMOJADO, 229 E-O;-3.7583721990724754;40.38973985756924
6519;URB;20.0;Av. Arcentales - Av. Canillejas a Vicálvaro-San Romualdo;-3.6183143731933747;40.433862665063636
3605;URB;5.0;(TACTICO) Alhelies E-O - Alfonso XIII-Los Narcisos;-3.6665906236128203;40.45489195663916
4384;URB;7.0;Alberto Aguilera, 44 E-O - Blasco de Gara-Guzmán el Bueno;-3.712404027391837;40.430307277730634
4424;URB;7.0;Vallehermoso, 67  S-N - Donoso Cortés-Cea Bermúdez;-3.7083744412929405;40.43756393771041
5483;URB;5.0;Padre Damián S-N - Romero Girón-Alberto Alcocer;-3.6856316526406716;40.45748689718202
5669;URB;6.0;Rosario Pino O-E - Poeta Joan Maragall-PºCastellana;-3.691247901846664;40.46207286018541
5824;URB;3.0;Vía Servicio M-30 - M-30-Av. Albufera;-3.668730828388245;40.399521275879536
10342;URB;20.0;Emilio Muñoz - Zaldivar - Alfonso Gomez;-3.6265581452944615;40.43254147591783
6172;URB;15.0;Ledesma  - Ledesma-Francisco Villaespesa;-3.6466765519751343;40.4285272432019
6361;URB;15.0;Virgen de la Alegría - Virgen de la Alegría- Pl. José Banús;-3.6566819145961387;40.433880039935154
10241;URB;20.0;Av. Arcentales - M-40 - Vial 1;-3.599526653516103;40.43227448595771
10937;URB;13.0;Av. Entrevías - Serena - Peal;-3.664724842082685;40.3785352425026
4218;URB;2.0;Po ACACIAS E-O(EMBAJADORES-Po ESPERANZA);-3.705333633961605;40.40427714115071
9932;URB;9.0;AV.MIRAFLORES N-S(GTA. MIRAFLORES-DEHESA DE LA VILLA);-3.729592131886353;40.45865899425903
5134;URB;11.0;BESOLLA O-E(CALLE ANCIU-AV.ABRANTES);-3.7351150041211487;40.37633859408922
4604;URB;8.0;PEDRO RICO N-S(ARZOBISO MORCILLO-AV. MONFORTE DE LEMOS);-3.690247995793461;40.47929699785206
10188;URB;8.0;QUINTANAVIDES N-S(PTE. REINA-FORESTA);-3.6692288402128543;40.4988563004856
3641;URB;10.0;CTRA. CARABANCHEL ARAVACA O-E(M502-SANCHIDRIAN) 85m.;-3.774730209900955;40.3974327235885
4165;URB;3.0;AV. CIUDAD BARCELONA E-O(JULIAN GAYARRE-Po INFANTA ISABEL);-3.6862071038690947;40.40593386690736
4722;URB;8.0;Cesar Manrique N-S(Joaquin Lorenzo-Valle de Mena);-3.7202666788408574;40.47210970757
6584;URB;8.0;(TACTICO)  SALIDA CUARTEL ARTILLERIA;-3.6791757561613334;40.51340889732414
5313;URB;10.0;DANZA S-N(SINFONIA-AV. AVIACION);-3.7733924085578643;40.37363752208166
10422;URB;17.0;ESTEFANIA Ø3 S-N (BAÑO-ZAFIRO);-3.676092903062232;40.34893144273507
3932;URB;4.0;(AFOROS) Serrano, 50 N-S - Ayala-Hermosilla;-3.6874650581872697;40.427554688210236
9907;URB;9.0;DEHESA DE LA VILLA S-N(M-30 -AV.COMPLUTENSE);-3.7311816170731475;40.45573704154388
4856;URB;17.0;PSO. TALLERES Ø9 O-E (RUBI-OPALO);-3.7037290366288644;40.34742452660613
4995;URB;12.0;PORTA COELI S-N(ANGELUS-EVANGELIOS);-3.701358825062518;40.38254240742144
10394;URB;10.0;AV. POBLADOS, 5 E-O(PILAR-PSO. EXTREMADURA);-3.770685603023957;40.393617545756854
9989;URB;17.0;AV. ROSALES S-N (EUSKALDUNA-AMERICIO);-3.6812400632050175;40.35655394643142
4930;URB;11.0;AV. POBLADOS O-E(AV. ABRANTES-VIA LUSITANA);-3.7358206706924557;40.37378712108748
10258;URB;1.0;San Bernardo S-N - Palma -Daoiz;-3.706660212013408;40.42671246233426
10793;URB;10.0;DANZA N-S(SINFONIA-AV. AVIACION);-3.7733660075093542;40.37388985598244
3897;URB;3.0;(TACTICO) Comercio N-S - Av Ciudad Barcelona -Tellez( Giro Izqd.);-3.681485632672194;40.40342783599366
11352;URB;5.0;Ramon y Cajal E-O(Giro izqda a Alfonso XIII) - Pº de los Jacintos -Alfonso XIII;-3.666472272895204;40.45236025708575
4068;URB;3.0;(AFOROS) Av. Menendez Pelayo N-S - O´Donnell-Doctor Castelo;-3.6798773917018197;40.42115978216751
5566;URB;5.0;Gral.López Pozas N-S - Mateo Inurria-Joaquín Bau;-3.6854412052347314;40.46435964924348
5773;URB;9.0;(AFOROS)Av.Reina Victoria E-O   - Gral. Ibáñez Íbero - Estudiantes;-3.710764988246243;40.44684808640898
10146;URB;16.0;Silvano - M-40-Haendel;-3.624744620696918;40.46261431394032
4986;URB;12.0;AV. POBLADOS E-O (PRADOLONGO- CON. VIEJO VILLAVERDE);-3.7090065961562253;40.37249990469044
5148;URB;11.0;AV. ABRANTES O-E(BESOLLA-PL.VULCANO) GIRO;-3.7333899767950562;40.376664008976725
10360;URB;8.0;(TACTICO) FROMISTA O-E (GIRO A PALAS DEL REY SUR);-3.672998638170437;40.51077197072995
5238;URB;11.0;AV. CARABANCHEL ALTO S-N(M-40-AV .PESETA);-3.75395071226648;40.36089795078357
5590;URB;5.0;Alfonso XIII S-N - Lirios-Pl.José Mª Soler;-3.6670262800420073;40.45812011464563
3852;URB;4.0;Pº Castellana S-N - Pl. Colon-Ayala;-3.6901728601181234;40.42600509794079
10144;URB;16.0;Alcorisa - Calanda-Silvano;-3.6404626479160402;40.46190594948802
6512;URB;20.0;San Romualdo  - Alcalá-Albasanz;-3.6224245043256134;40.43987334726542
9863;URB;18.0;Av. Entrepeñas - Av. Entrepeñas-Av. Suertes;-3.6067693215064924;40.370322582885585
3631;URB;12.0;PIEDRABUENA E-O(TOMELLOSO-SANTUARIO);-3.6990868315308854;40.383166938315426
6819;M30;15.0;PM30472;-3.6589213351309473;40.44256635188459
4381;URB;7.0;Fernández de los Rios, 71 O-E - Isaac Peral-Guzmán el Bueno;-3.714120491150608;40.43534711610065
6026;URB;15.0;Emeterio Castaños - Mesena-Arturo Soria;-3.6632677443016055;40.46230504528233
10128;URB;15.0;Arturo Soria - Goitia - Marques de Pico Velasco;-3.642862980720085;40.443558039707526
6070;URB;15.0;Arturo Soria  - Cultura-Dalia;-3.668137948503306;40.47916877113023
10147;URB;16.0;Silvano - Haendel-Francisco Mosqueda;-3.627028727719279;40.462641382838854
6374;URB;15.0;Av. Badajoz - Martínez Villergas-Torrelaguna;-3.654119399656967;40.442149974188396
4776;URB;12.0;(AFO)R. YBARRA S-N(D. BARRANCO-M. USERA);-3.7112638037674723;40.38356392825241
11344;URB;8.0;(TACTICO) CARRIL BUS AVD. BURGOS S-O;-3.6736004549972936;40.488579625829324
11091;URB;18.0;Via de servicio M-45 N-S acceso Av.Ensanche VallecaS - M-45-Av. Ensanche de Vallecas;-3.6058046249110154;40.36797793889058
4839;URB;17.0;ALCOCER Ø48 E-O(LAGUNA SANTIAGO-EDUARDO BARREIROS);-3.7033150697129833;40.35014532098149
3517;URB;12.0;(TACTICO)ALMENDRALES S-N;-3.700493063382321;40.38731271811092
10393;URB;10.0;(TACTICO)PILAR N-S;-3.7688069069282846;40.39188399479396
3443;URB;4.0;AV.BRASILIA N-S(PL.VENECIA-AV.BRASILIA);-3.6611556678164843;40.43966880515352
5069;URB;12.0;MARCELO USERA E-O(SAN MAGIN-S. FILIBERTO);-3.715349636718;40.38518662544436
3794;URB;8.0;PALAS DEL REY O-E (FURELOS - VALCARLOS);-3.665213340313313;40.50567168078504
4994;URB;12.0;EVANGELIOS O-E(VISITACION-PORTA COELI);-3.701838150756452;40.38310789561718
10364;URB;8.0;MONASTERIO DE EL PAULAR N-S (ESCORIAL - SILOS);-3.700555938777721;40.50373518264625
3770;URB;10.0;ESCALONA S-N(SESEÑA-MAQUEDA);-3.7651907268732288;40.39533556746884
10008;URB;20.0;Alcalá - Albarracín-Tampico;-3.6325213707826545;40.439334133465444
10112;URB;15.0;Arturo Soria - Pablo Vidal - Vicente Muzas;-3.6608250522755954;40.459658143290575
6052;URB;15.0;Amara - Amara-Arturo Soria;-3.6485294066325387;40.44611386921901
6337;URB;21.0;Av. Logroño  - Bureta-Briones;-3.586160223598284;40.464286982867264
4996;URB;12.0;EVANGELIOS E-O(SANTUARIO-PORTA COELI);-3.700762232698054;40.38316566246711
6578;URB;8.0;(TACTICO) ISLAS JARVI 2 O-E;-3.686914312379194;40.49249440326097
10796;URB;10.0;SINFONIA O-E (POEMA SINFONICO-DANZA);-3.7743279003758254;40.373381811541606
1022;other;12.0;14RR28PM01;-3.703246767748339;40.39363662042486
1027;other;2.0;14VE04PM01;-3.7033680354604406;40.395026849946184
7119;other;11.0;14XC71PM01;-3.7100677598171625;40.39626197632249
5712;URB;7.0;Raimundo Fdez.Villaverde O-E - Ponzano-Alonso Cano;-3.6978173418422897;40.44647455476057
10825;URB;15.0;Torrelaguna - Entrena - Rodezno;-3.65801298708163;40.44977941110625
6169;URB;15.0;Francisco Rioja - Francisco Rioja-Luis Ruíz;-3.6387059305861604;40.43005921183632
11170;URB;16.0;Carmen Rico Godoy - Rocio Jurado  - Av. Fuerzas Armadas;-3.6331110969612324;40.48617457009755
11232;URB;16.0;Av. Manuel Fraga Iribarne - Félix Candela-Gta. José Paz Maroto;-3.6086956925302998;40.495767752295684
10878;URB;9.0;FERRAZ S-N(SALIDA TUNEL A 70MTS LINEA PARADA);-3.715344570381811;40.42409666667435
4558;URB;8.0;FINISTERRE E-O(SINESIO DELGADO-VILLA MARIN);-3.6994305410619943;40.47511051959379
4609;URB;5.0;(TACTICO) SALIDA COCHER E-O(E.M.T.-MAURICIO LEGENDRE);-3.6830732114747207;40.48022372995842
6912;URB;8.0;Valle de Mena O-E(Juan Andres-Antonio Machado);-3.7215454051790458;40.4714900218218
4841;URB;17.0;CTRA. CCHEL. VILLAVERDE Ø110 N-S(LAGUNA RODRIGO-VILLALONSO);-3.7065351659748345;40.35052921508129
5890;URB;8.0;FERMÍN CABALLERO 53 O-E;-3.7079148752878632;40.48338838470784
11262;URB;8.0;ISLAS ALEUTIANAS N-S(JOAQUIN LORENZO-MANUEL GARRIDO);-3.7291337381576097;40.47430101313903
10553;URB;20.0;Santa Leonor - Caunedo-Jaime Hermida;-3.6324647403575923;40.4387968618114
5963;URB;15.0;Ascao - Pl. Villaflor-Hermanos García Noblejas;-3.634888002853894;40.43275831462034
10439;URB;15.0;Sorzano - San Nemesio - Torrelaguna;-3.6582173258565804;40.451403763264636
3672;URB;1.0;GRAN VIA,52 S-N(SILVA-LIBREROS);-3.7071355856449326;40.42106984097788
5064;URB;11.0;(AFOROS) OPORTO O-E(ELVAS-PORTALEGRE);-3.7249776684558893;40.38562165931006
5242;URB;11.0;VIA LUSITANA S-N LATERAL (M-40-AV. PESETA);-3.744089077368908;40.362608707582815
10081;URB;3.0;Alde Sainz de Baranda O-E - Menéndez Pelayo-Narváez;-3.677372644196469;40.41692982145495
3436;URB;13.0;Entrada M -30 S-N - M-30 - Méndez Álvaro;-3.6772486707162875;40.39087541981314
5994;URB;20.0;Argos - Albarracín-Hermanos García Noblejas;-3.636431639421096;40.43623909375153
6260;URB;16.0;Av. Machupichu - Machaquito-Av. del Papa Negro;-3.6252218579731514;40.45798003283113
6405;URB;20.0;Av. Arcentales - Albadalejo-Av. Canillejas a Vicálvaro;-3.613353126040524;40.43421037034045
10353;URB;14.0;Acceso A-3 -  Via servicio A-3 - Arroyo Fontarrón;-3.6406398035161702;40.39537661001581
11166;URB;16.0;Fco. Pi y Margall - Principe Carlos - Isabel Clara Eugenia;-3.650667453731561;40.48673022746273
4196;URB;2.0;PENUELAS N-S(CARVAJALES-STA.Ma CABEZA);-3.7012266135159453;40.399269795722425
3739;URB;5.0;(AFOROS) LOPEZ DE HOYOS,86 O-E(QUINTILIANO-CARTAGENA);-3.676890351419721;40.44219800674684
9906;URB;8.0;Chantada E-O (Sarria - Camino Ganapanes);-3.713952808510829;40.47328388602115
4803;URB;12.0;AV. CORDOBA Ø32 N-S(METRO ALMENDRALES-TOMELLOSO);-3.6979368266119597;40.383163145760975
10871;URB;17.0;AV. ANDALUCIA Ø58 N-S(ALCOCER-AMPUERO);-3.693159299437056;40.35067410424494
5169;URB;10.0;MAQUEDA N-S(ESCALONA-TEMBLEQUE);-3.7648468223257208;40.394097048437565
7037;URB;4.0;Goya, 43 E-O - Nuñez de Balboa-Velazquez;-3.6828909968609933;40.425153514954665
7032;URB;4.0;(MICRO) Pl. Colón (giro izq. a Genova) (Antes Gr. 10) - (MICRO) Pl. Colón (giro izq. a Genova) (Antes Gr. 10);-3.690056904672258;40.425228584194926
5823;URB;13.0;Av. Albufera - Sierra Faladora-Pío Felipe;-3.6516075109841895;40.391365397884265
11133;URB;16.0;Moscatelar - Retamar - PL.;-3.6463552310338403;40.45720625317457
9846;URB;16.0;Ctra. Acceso Estación de Hortaleza - Virgen del Carmen-Av. San Luis;-3.6569299638314376;40.47233189685072
3908;URB;3.0;Cavanilles E-O - Abtao-Juan Urbieta;-3.675771456276017;40.40598256034494
4407;URB;7.0;Alburquerque, 13 E-O - Cardenal Cisneros-Fuencarral;-3.7021571840319756;40.431116771488774
5960;URB;20.0;Hermanos García Noblejas - Villaescusa-Pobladura del Valle;-3.6260835497306214;40.42152237023313
6100;URB;15.0;Arturo Soria  - Emeterio Castaños-Manuel Uribe;-3.6651012419125824;40.46359440780717
6151;URB;15.0;Poeta Blas de Otero - Poeta Blas de Otero-Av. Marqués de Corbera;-3.655191458621647;40.42188502031453
3784;URB;16.0;Av. Machupichu - Av. Piceas-Av. Papa Negro;-3.623954943977099;40.456542258977244
9844;URB;16.0;Av. Gran Vía de Hortaleza - Gran Vía de Hortaleza-Av. San Luis;-3.6575888821859035;40.46977801852482
7134;URB;2.0;(AFOROS) EMBAJADORES S-N(PALOS FRONTERA-SEBASTIAN ELCANO);-3.700881166462894;40.40301696363651
4377;URB;9.0;FERRAZ, 13 S-N(REY FRANCISCO-QUINTANA);-3.717650569645709;40.42649546440074
10061;URB;8.0;ACCESO M-40 O-E(ENTRADA PORTOMARIN);-3.66759370807107;40.51293212466142
5304;URB;10.0;JOAQUIN TURINA E-O (JACOBEO-GRAL. MILLAN ASTRAY);-3.764768111037522;40.37302888279529
6443;URB;14.0;Hacienda de Pavones - Intercambiador-Fuente Carrantona;-3.635193954272478;40.40068251966786
3574;URB;11.0;SAN VICENTE PAUL S-N;-3.7260463776410275;40.38555228053493
5093;URB;11.0;(TACTICO) DR. ESPINA N-S;-3.729332910014871;40.38713984288191
11077;URB;10.0;ILLESCAS E-O (ESCALONA-SESEÑA);-3.764922799648967;40.39622046725821
6370;URB;15.0;Salvador de Madariaga - Virgen de Lourdees-Esteban Mora;-3.65748173637388;40.436947173177266
6467;URB;14.0;Av. Doctor García Tapia - Camino Vinateros-Av. Doctor García Tapia;-3.64906572774487;40.41222285394582
11292;URB;20.0;Maria Sevilla Diago, 32 - Suecia-Niza;-3.6063460061933696;40.433417552373314
4123;URB;2.0;GUILLERMO DE OSMA O-E(DOMINGO P.VAL - PL.BEATA Ma ANA JESUS);-3.6959128403921966;40.394004919554924
10250;URB;11.0;AV. OPORTO O-E(VIANA-PL. ELIPTICA);-3.7198358687403115;40.385218480451066
10384;URB;8.0;AV. SANTUARIO VALVERDE O-E(MONASTERIO DE BATUECAS-MONASTERIO DE LAS HUELGAS);-3.7056652735677926;40.50557106297169
10945;URB;11.0;VIA LUSITANA S-N (THALER-HALCONERO DEL REY);-3.7382726987470187;40.37007174932775
4605;URB;8.0;AV.MONFORTE DE LEMOS E-O(Po CASTELLANA-PEDRO RICO);-3.690372939547987;40.476923464997824
5715;URB;6.0;Raimundo Fdez.Villaverde E-O(Lateral) - PºCastellana- Orense;-3.694145966992509;40.4464680747152
6259;URB;16.0;Ctra. Canillas - Servator-Pegaso;-3.648395362064437;40.46305955457457
10247;URB;20.0;Marquesado Santa Marta - Gta. Ricardo Velazquez Bosco-Clinica Navarra;-3.625205786726763;40.447694423373925
4217;URB;1.0;MIGUEL SERVET N-S(MESON PAREDES-RONDA TOLEDO);-3.701843407812743;40.40600328915307
4497;URB;6.0;Francos Rodriguez E-O(Margaritas-Jose Calvo);-3.706877966286373;40.45666089161219
10496;URB;11.0;PARAGUAYA E-O Ø1(RONDA DON BOSCO-CONSUELO GUZMAN);-3.7535492181364636;40.37512543058692
6572;URB;8.0;HERRERA ORIA O-E(ORDUÑA-LLANO CASTELLANO);-3.6877354205895374;40.4910658605114
3900;URB;3.0;Cavanilles E-O - Narciso Serra-Pl. Mariano Cavia;-3.677656830570192;40.406805612645975
7038;URB;4.0;Alcala E-O(Frente Pl. Toros) - Brasilia-Julio Camba;-3.6626698709523247;40.43110872293028
10299;URB;15.0;Poeta Blas de Otero - Félix Rodriguez de la Fuente-María Teresa Sáinz de Heredia;-3.6548841581747866;40.42106236634946
3687;URB;11.0;(TACTICO) LUIS GOMEZ S-N;-3.7297467454927684;40.386980497842686
6571;URB;8.0;CARDENAL HERRERA ORIA O-E(SALCEDO-ORDUÑA);-3.6910405962384667;40.49111843031998
10363;URB;8.0;MONASTERIO DE SILOS O-E (MONTESCLAROS - PAULAR);-3.701406564889298;40.50327392190325
10563;URB;8.0;ACCESO M-40 E-O(ENTRADA);-3.664440252982389;40.51204829364363
10853;URB;8.0;(CARRIL BUS) STO. DOMINGO CALZADA E-O(CAPISCOL-CASTIELLO JACA);-3.6766459919785484;40.5085124205709
3667;URB;6.0;San Germán O-E - Lazaga-Infanta Mercedes;-3.69874782780494;40.45685630631267
3808;URB;14.0;Hacienda Pavones - Intercambiador-Valdebernardo;-3.633278695851172;40.400084483765646
7141;URB;8.0;(TACTICO) PUENTECESURES S-N;-3.696688244848393;40.47933018546745
4966;URB;12.0;(TACTICO)EXPROPIACION S-N(GRAN AVENIDA-AV.POBLADOS);-3.7045107333595353;40.37098454022612
10564;URB;8.0;RONDA DE LA COMUNICACION E-O;-3.662889455872233;40.51252285246192
10437;URB;15.0;Torrelaguna - Acc. M30 - José Silva;-3.6605083732132253;40.452512247946935
4529;URB;6.0;OFELIA NIETO S-N(VILAAMIL-Po DIRECCION);-3.7079203205656457;40.462597930928304
3825;URB;8.0;RIBADAVIA E-O(SINESIO DELGADO-CHANTADA);-3.7054155836540534;40.47275847328434
3677;URB;8.0;(AFOROS)AV.MONFORTE DE LEMOS O-E(GINZO DE LIMIA-FINISTERRE);-3.7036438888273846;40.479432336893346
10287;URB;17.0;BOHEMIOS, 12 E-O(VERBENA PALOMA-MANOJO ROSAS);-3.696453737322573;40.35643884197351
5882;URB;8.0;RAMON GOMEZ DE LA SERNA, 1 N-S;-3.724074521735165;40.48057103632022
3635;URB;12.0;(MICRO)MARCELO USERA CCTV;-3.716742687395121;40.38524492613109
5163;URB;10.0;SANCHIDRIAN O-E(CINE-CTRA. CARABANCHEL A ARAVACA);-3.7748849186573383;40.39613926152658
4526;URB;9.0;MORERAS S-N(JUAN XXIII-DR.FEDERICO RUBIO Y GALI);-3.714482908581308;40.452807398045756
5056;URB;11.0;CASTRO ORO S-N;-3.7298658203239317;40.38946947687945
10550;URB;20.0;Alcalá - Iquitos - Miami;-3.628374417177065;40.44054746090765
11017;URB;20.0;Av. Guadalajara 83 - Sarre-Amposta;-3.6153721003777872;40.42131417496401
5886;URB;8.0;AVENIDA DE BETANZOS, 64 S-N;-3.7131135210916706;40.48141976604381
5481;URB;5.0;Juán Ramón Jiménez S-N - José Lázaro -Alberto Alcocer;-3.686867830326726;40.45780394731534
6141;URB;15.0;Ascao - Emilio Ferrari-Gutierre de Cetina;-3.640729712540696;40.43028907232985
6319;URB;16.0;Gregorio Sánchez Herráez - Las Carcavas-Gregorio Sánchez Herráez;-3.636099831665222;40.477840745033376
6357;URB;15.0;José del Hierro - José de Hierro-Virgen del Sagrario;-3.650671646701646;40.43602840503081
3810;URB;15.0;AV. Daroca 106 O-E - Fco. Largo Caballeroo-Fuente Carranton;-3.6277188139047487;40.41647827798089
10538;URB;20.0;Alcalá - Jaca - Raza;-3.6107530657569797;40.44765798366913
4101;URB;2.0;EMBAJADORES N-S(BOLIVAR-PASEO MOLINO);-3.6927635895987168;40.39082958430515
5795;URB;13.0;Av. San Diego - Vizconde de Arlessón-Candilejas;-3.664297143390058;40.38280561346861
10301;URB;15.0;José Luis Arrese - Av. Marqués de Corbera-Travesía José Luis Arrese;-3.6558725709707556;40.422268652168725
6264;URB;16.0;Av. Papa Negro - Esteban Palacios-Av. Machupichu;-3.6239315153563183;40.457966245172905
3711;URB;20.0;Miguel Yuste - Albasanz-Julián Camarillo;-3.6237003647345323;40.43700270836785
7061;URB;4.0;CAMILO JOSE CELA N-S (FCO. REMIRO -MARQUES DE AHUMADA);-3.6677447625586193;40.437839830368425
4910;URB;10.0;(TACTICO) OCAÑA, FRENTE Ø5 GIRO IZDA. (VALMOJADO-CAMARENA);-3.758995121289196;40.38496883394107
4999;URB;12.0;RAFAELA YBARRA S-N(M-40-SIMCA);-3.7141004349573907;40.36451568093934
5658;URB;6.0;Sor Angela de la Cruz O-E - Infanta Mercedes-Orense;-3.6956889320857216;40.45968507677118
6158;URB;15.0;Av. Daroca - Av. Francisco Largo Caballero-Lago Constanza;-3.644823547551033;40.42613655072345
10920;URB;13.0;Lagartera - Peñarroya-Campiña;-3.6715014468509253;40.380455763524616
11272;URB;16.0;Av. Fuerzas Armadas (CARRIL BUS) - Av. Fuerzas Armadas 322 - Gta. Antonio Perpiñá;-3.619327564167431;40.48199290789995
3395;URB;7.0;SANTANDER S-N (MELQUIADES ALVAREZ-SAN FRANCISCO DE SALES);-3.70961214130474;40.44286784034936
11338;URB;5.0;Av.Burgos S-N(Carril Bus)(Av.San Luis -Pastora Imperio);-3.675877195102752;40.481895880383036
10286;URB;17.0;BOHEMIOS, 5  E-O(AV. ANDALUCIA-VERBENA PALOMA);-3.695026621159094;40.356492843530894
10800;URB;8.0;MONASTERIO SAMOS N-S (MONASTERIO ESCORIAL - MONASTERIO SILOS);-3.6957514968166727;40.50598413247369
5252;URB;11.0;AGUACATE O-E(SECOYA-AV. EURO);-3.742764211343017;40.368777530098676
5333;URB;10.0;RAFAEL FINAT N-S(BLANCO SOLER-VALLE INCLAN);-3.7678129658979946;40.38134818310856
6153;URB;15.0;Ricardo Ortíz  - San Emilio-Av. Marqués de Corbera;-3.657110526350609;40.42336156514252
9897;URB;5.0;Av. San Luis E-O (Pastora Imperio-Av. Burgos);-3.6747210655185234;40.480664107829426
3479;URB;12.0;(TACTICO)SAN MAGIN S-N;-3.714202926200774;40.384964575750466
6042;URB;15.0;José Silva  - Agastia-Torrelaguna;-3.6591884696008097;40.45447348211314
3907;URB;3.0;Cavanilles O-E - Sanchez Barcaiztegui-Dr. Esquerdo;-3.6731041781775597;40.404635403279265
5082;URB;4.0;Goya E-O - General Pardiñas-Principe de Vergara;-3.6787897825682987;40.424951179472075
5559;URB;5.0;Alberto Alcocer O-E - Víctor A.Belaunde-Principe de Vergara;-3.6799722790551486;40.45850438612649
4486;URB;9.0;M-30 N-S - Entrada Pte Franceses por Cra del Pardo;-3.7357781585540635;40.435917470513104
6391;URB;20.0;Av. Canillejas a Vicálvaro - Etruria-Av. Arcentales;-3.6124733105102433;40.43556153418569
6509;URB;20.0;Alcalá - Esfinge-Gutiérrez Canales;-3.611844231556735;40.446950053567846
3503;URB;4.0;CARTAGENA S-N(LONDRES-AV.TOREROS);-3.6705218794973744;40.43100698682229
4760;URB;10.0;HIGUERAS Ø41 S-N(PALMIPEDO-SEPULVEDA);-3.7452987201410357;40.404085553718666
10642;URB;8.0;CERRO MINGUETE E-O(LA MASO-AV. VENTISQUERO DE LA CONDESA);-3.7158715481874687;40.486649136394604
3686;URB;11.0;OCA N-S(MATILDE FERNANDEZ-GRAL.RICARDOS) FRENTE-DERECHA;-3.732622838909641;40.38885259099275
5690;URB;6.0;Bravo Murillo O-E(Giro a Pinos Alta) - Oñate-Azahar;-3.6948344826693895;40.46457738224849
5970;URB;15.0;Nicolás Salmerón - Pl. Alsacia-Matamorosa;-3.6245828885385367;40.41794963032977
6130;URB;13.0;Acceso desde Vía Servicio A-3 - El Bosco-A-3;-3.654387606502283;40.4044079986314
10246;URB;20.0;Vial 4 - Entrada Av. Luis Aragones;-3.602160392985477;40.437828756260544
10533;URB;8.0;IRENE CABA ALBA N-S(MARIA MAEZTU-ARROYO DEL MONTE);-3.7312882302416783;40.48731077015875
4383;URB;7.0;(AFOROS)Alberto Aguilera O-E - Gta. Ruiz Jiménez-Vallehermoso;-3.706732028153701;40.42976695156376
4565;URB;8.0;MELCHOR FERNANDEZ ALMAGRO O-E(GINZO DE LIMIA-FINISTERRE);-3.7028102006602763;40.47703744492251
10906;URB;12.0;AV. SAN FERMIN Ø6 E-O(POPULAR MADRILEÑA-AV. LA PERLA);-3.693457833192483;40.371247485918474
5872;URB;8.0;(AFOROS) CARDENAL HERRERA ORIA, 244 O-E(PICO BALAITUS-ISLA AROSA);-3.7192295460189793;40.48171910237111
6590;URB;8.0;(TACTICO)SIERRA ATAPUERCA S-N(GIRO A PTE. REINA);-3.672299243539772;40.501191906853755
4436;URB;7.0;Pº Castellana S-N - Pl. Gregorio Marañon-Garcia de Paredes;-3.6904003261347706;40.43741804382731
6084;URB;15.0;Condado Treviño - Av. San Luis-M-30;-3.6712702085710247;40.47943828970494
10892;URB;13.0;Av. Entrevias - Mendez Alvaro - Renfe;-3.6726156739285667;40.39061836701848
5870;URB;8.0;Av. Cardenal Herrera Oria, 255 O-E(Isla Tabarca-Pico Balaitus);-3.7219188195851705;40.48056902607242
6032;URB;15.0;Gregorio Benítez - Asura-Arturo Soria;-3.6499153143183656;40.44983412162988
6566;URB;8.0;GLORIETA FUENTE LA CARRA (GIRO E-O AFUERAS VALVERDE);-3.686334932018869;40.49886663851451
4058;URB;3.0;Ibiza, 14 O-E - Menendez Pelayo-Narvaez;-3.676741797308787;40.41820804133724
3639;URB;6.0;OFELIA NIETO S-N(FRANCOS RODRIGUEZ-VILLAAMIL);-3.7093018427828595;40.4606521189825
4667;URB;4.0;AV.BRUSELAS N-S(AV.BRUSELAS-BRESCIA);-3.663526892599013;40.4380733387771
5891;URB;8.0;FERMIN CABALLERO, 50 E-O;-3.706123366627459;40.48451161037526
10079;URB;5.0;Marcenado S-N - San Ernesto -Pl.Virgen Guadalupana;-3.67439817367309;40.450711093316386
10120;URB;15.0;Arturo Soria - Torrecilla del Puerto - Diego Ayllon;-3.651796760928191;40.45024484550998
6514;URB;20.0;San Romualdo - Julián Camarillo-Cronos;-3.621063896213405;40.436889774515585
5598;URB;5.0;VICTOR DE LA SERNA S-N (URUGUAY-COLOMBIA);-3.671720639988318;40.456243545198994
10689;URB;8.0;CCTV - (CARRIL BUS) AV. MONASTERIO SILOS O-E (MONASTERIO EL PAULAR - AV. MONTECARMELO);-3.6996243532882764;40.503305979975075
3939;URB;4.0;Serrano N-S - Villanueva-Pl. Independencia;-3.6884400079666277;40.422058462891385
5962;URB;20.0;Julián Camarillo - Albarraciín-Hermanos García Noblejas;-3.6330550076044976;40.43356267366705
4968;URB;12.0;AV. POBLADOS E-O(ORCASUR (1)-DR. TOLOSA LATOUR);-3.7009831295458353;40.37108668025088
7130;M30;5.0;PM13212;-3.6750904328326444;40.483542585713884
5720;URB;6.0;Edgar Neville S-N - Reina Mercedes-Gral.Perón;-3.696674863013957;40.451116571034234
5952;URB;15.0;Hermanos García Noblejas - Braulio Gutiérrez-Santo Domingo Savio;-3.6327190712477964;40.43044280959685
9984;URB;15.0;Cta. Sagrados Corazones  - Sta. María Magdalena-Arturo Soria;-3.6674272728394586;40.46672482614318
6267;URB;16.0;Av. de los Andes - Gta. Mar Caribe-Abelias;-3.623874900203661;40.45412667126581
6341;URB;21.0;Av. Logroño - Gonzalo de Céspedes-Canal de Suez;-3.5816223950859882;40.471179103269826
10891;URB;13.0;Av. Entrevias - Timoteo Perez Rubio - Renfe;-3.671927895165581;40.38897941241481
10474;URB;20.0;Alabasanz - Balentin Beato - Rufino González;-3.625627805006498;40.437982601326205
11043;URB;17.0;JOSE PEREZ O-E(LAGUNA SANTIAGO-EDUARDO BARREIROS);-3.7055547017438433;40.35390418205758
5988;URB;15.0;Gandhi - Hermanos García Noblejas-José Arcones Gil;-3.6301698517036454;40.42594337712608
3568;URB;10.0;V.CARPETANA, 143 O-E (LAGUNA-N.S.VALVANERA);-3.7414870668990914;40.39251425360218
10129;URB;15.0;Arturo Soria - Manuel Maria Iglesias-Duque de Tamames;-3.652979419552485;40.451612079666305
3640;URB;10.0;CTRA. BOADILLA O-E(CTRA. M502-AYLLON);-3.7767353903951237;40.399323948581575
6311;URB;16.0;Ctra. Acceso Estación de Hortaleza - M40-Ctra. Acceso Estación de Hortaleza ;-3.651278151362334;40.48003970353531
5774;URB;7.0;Av.Moncloa O-E  - La Granja - Del Valle;-3.716445646387144;40.44636016747635
10918;URB;13.0;Pedroches - Membezar-La Mancha;-3.670095920113062;40.37959464016314
3432;URB;16.0;Acceso A-1 - A-1-Av. Niceto Alcalá Zamora;-3.660093705297842;40.50078130373644
4244;URB;4.0;Po RECOLETOS N-S(PRIM-PL. CIBELES);-3.6920614205769358;40.42141702149806
9972;URB;2.0;GIL IMON E-O (VILLOSLADA -Po IMPERIAL);-3.716311141883779;40.40724745085348
5059;URB;11.0;PEDRO DIEZ N-S;-3.729385402299619;40.39078648037768
4560;URB;8.0;VILLA MARIN E-O(FINISTERRE-GINZO DE LIMIA);-3.7007209492249857;40.4752908070054
5434;URB;8.0;GINZO DE LIMIA S-N(MELCHOR FDEZ. ALMAGRO-AV.MONFORTE  LEMOS);-3.703728918781125;40.47826353740687
4891;URB;9.0;(TACTICO) VALLE PAS ANTES GR-7 E-O (GIRO GLORIETA PARTIDA);-3.7772698369742845;40.44968577237704
10426;URB;10.0;PSO. EXTREMADURA O-E(SISEBUTO-GUADARRAMA);-3.733085481029613;40.41192955202211
10797;URB;11.0;AV. EURO S-N  (ÓBOLO - PEPIÓN);-3.7389478602382358;40.370635446346455
10801;URB;8.0;MONASTERIO SAMOS S-N (MONASTERIO SUSO Y YUSO - MONASTERIO SILOS);-3.6947073856515678;40.50551523543117
9975;URB;8.0;CAMINO GANAPANES S-N;-3.7145174959715153;40.470488813297486
10515;URB;9.0;ARROYO POZUELO O-E (POLEO - BARDEGUERAL);-3.7729746404357534;40.45138163643054
10510;URB;11.0;VIA LUSITANA E-O Ø56 (PL. COIMBRA-FARO);-3.724832108682192;40.38126984022931
6633;URB;9.0;(TACTICO) GINES NAVARRO Ø1 N-S  (J. LOMBANA IGLESIAS-AV. VICTORIA);-3.8292745240105055;40.47245835304881
10996;URB;17.0;LILLO (O-E);-3.690571521164458;40.36248522913362
10198;M30;8.0;PM40011;-3.659740157341687;40.50239372594714
4320;URB;1.0;CUESTA SAN VICENTE O-E(SALIDA CALLE 30-ARRIAZA);-3.71773821199289;40.42027060906339
4539;URB;6.0;NUMANCIA S-N(LENADORES-FRANCOS RODRIGUEZ);-3.7103594949662773;40.45612569732221
10992;URB;10.0;OCAÑA O-E FRENTE(VALMOJADO-CAMARENA);-3.7595424622137705;40.38533352529759
10882;URB;8.0;FERMIN CABALLERO E-O LADO SUR(FERMIN CABALLERO-ISLA DE AROSA);-3.7158313577047117;40.4810194212552
5316;URB;10.0;(TACTICO)ALDEA NUEVA VERA N-S(TALAYUELA-AV. AVIACION);-3.7768139876212934;40.3751287746149
11376;M30;8.0;PM13011;-3.6971528922919257;40.48478558996822
4885;URB;9.0;AV. OSA MAYOR Ø73 O-E (CAROLI-PEREZ DE VICTORIA);-3.7848422903496837;40.45917232486298
6321;URB;16.0;Gregorio Sánchez Herráez - Barichara-Santa Virgilia;-3.638708107247885;40.476223247020215
4883;URB;9.0;GOLONDRINA Ø22 S-N (ESCULTOR PERESEJO-BRÚJULA);-3.7853882047640766;40.45483099870265
6598;URB;8.0;PALAS DEL REY E-O (TOQUES - CAMINO DE SANTIAGO);-3.668845118357791;40.508235785532825
5288;URB;11.0;ANTONIO LÓPEZ O-E (BALEARES-MONTSERRAT);-3.7131281108029057;40.39649819004587
5408;URB;9.0;PROFESOR ARANGUREN O-E(EDUARDO SAAVEDRA-AV.COMPLUTENSE);-3.7293713932209718;40.4480788479184
6322;URB;16.0;Santa Virgilia - Santa Virgilia-Gregorio Sánchez Herráez;-3.640211596802169;40.47639164200522
10316;URB;8.0;FEDERICA MONTSENY N-S(MADRE TERESA CALCUTA-MARIA DE MAEZTU);-3.72829585167358;40.491654560453746
5175;URB;10.0;CTRA. CARABANCHEL ARAVACA E-O(DANIEL SEGOVIA-VILLAVICIOSA);-3.7730778008507704;40.39520540938689
11360;URB;8.0;CCTV - SANTUARIO DE VALVERDE ENTRE (MONASTERIO DE OSEIRA Y MONASTERIO DE POIO);-3.6930101227050787;40.50787582567569
4367;URB;9.0;LUISA FERNANDA E-O(MENDIZABAL-FERRAZ);-3.715464973348475;40.425244801618874
3501;URB;4.0;CARTAGENA N-S(MARTINEZ IZQUIERDO-AV.TOREROS);-3.6704964275248906;40.432807694454866
5760;URB;6.0;Pso. Direccion S-N (Marques Viana - Aligustre);-3.7063466572309083;40.46454784603842
4726;URB;9.0;(TACTICO)Valderodrigo E-O(Valle de Mena-Antonio Machado);-3.719063565028182;40.46985857015592
9887;URB;8.0;Camino Ganapanes S-N (La baneza-Monforte de Lemos);-3.7159630263257646;40.47609488917556
5098;URB;11.0;(TACTICO) ALEJANDRO SANCHEZ O-E;-3.7164642780520087;40.38913169461177
3403;URB;10.0;(TACTICO)SESEÑA GIRO O-N(ILLESCAS-ACCESO NV);-3.763788628290837;40.39795927760224
4169;URB;2.0;SALIDA CALLE 30 CALZADA EXTERIOR SENTIDO PL. ELIPTICA;-3.7040714521259046;40.39596776559077
7107;URB;17.0;SALIDA DE M-40 (NORTE);-3.685440234331681;40.3622929059894
6771;M30;8.0;PM22901;-3.7102538986065277;40.48090409890188
3761;M30;12.0;PM41261;-3.6903534246007244;40.381249465233736
10653;URB;11.0;AV. PESETA O-E(CUEVAS ALTAMIRA-SALVADOR ALLENDE);-3.7591035770890326;40.36239938075919
5301;URB;11.0;PEDRO YAGUE S-N (Pº STA MARIA CABEZA-MARQUES JURA REAL);-3.708062934937308;40.39276099406571
4973;URB;12.0;AV. POBLADOS O-E(EDUARDO BARREIROS-AV. ANDALUCIA);-3.6958129493931504;40.37080537403262
10222;URB;10.0;(MICRO) SEBASTIAN ALVARO SALIDA DELANTE GR-8;-3.772385666223975;40.39404243298439
5002;URB;10.0;PSO. EXTREMADURA E-O(ALONSO FERNANDEZ-CARAMUEL);-3.7263908098251726;40.41393138094239
5390;URB;17.0;BASCUÑUELOS O-E (SAN MAMES - VALLE TOBALINA);-3.716137028196221;40.33765661398522
5171;URB;10.0;MAQUEDA E-O(ILLESCAS-MAQUEDA);-3.7645521043236636;40.393942676688255
4783;URB;12.0;ANTONIO LOPEZ FRENTE Nº 268  S-N;-3.6953643590496528;40.378957909695494
10688;URB;8.0;(CARRIL BUS)  MONASTERIO SILOS, 30 O-E(MONASTERIO MONTESCLAROS-MONASTERIO PAULAR);-3.701411379041673;40.50323396781296
10638;URB;11.0;CNO. VIEJO LEGANES S-N (PL. VALLE ORO - VALLE ORO);-3.7272939268059604;40.387190544181486
4028;URB;4.0;Alcala E-O - Castello-Nuñez de Balboa;-3.681825621222492;40.42211391812188
3710;URB;20.0;Alcalá - Gutiérrez Canales-San Mariano;-3.6135002699917695;40.445892313559725
4532;URB;9.0;VILLAAMIL N-S(CAMINO CHORRILLO-SAN RESTITUTO);-3.7101802731492546;40.46519073537723
4034;URB;4.0;Alcala O-E - Ayala-Pl. Manuel Becerra;-3.6703722915893153;40.427271407873306
11323;URB;20.0;Alcalá - Eduardo Terán-Av. Canillejas a Vicálvaro;-3.6160391556277958;40.444219858861544
6218;URB;19.0;Av. Daroca - Casalarreina-Av. Daroca;-3.6162266963640604;40.40869988166875
11384;M30;5.0;PM13185v;-3.6792533242593257;40.48353462606979
11382;M30;8.0;PM23189;-3.6781996429356285;40.484039189272316
1045;other;9.0;18RU04PM01;-3.721047753881693;40.419162852617525
3546;other;9.0;18RV21PM01;-3.740993022496949;40.40989252710806
6838;other;10.0;18XC11PM01;-3.7228941867762164;40.41667275184259
11295;URB;20.0;Niza, 11 - Alpes-Austria;-3.606539586554768;40.427705057274345
6098;URB;15.0;Dalia - Jazmín-Arturo Soria;-3.666468362959503;40.4795643181099
11257;URB;20.0;Suecia, 92 - Catania-Nantes;-3.6056991876371383;40.43215609836667
10910;URB;13.0;Av. Entrevías - Peal-Serena;-3.664469944761869;40.378441742945284
3843;URB;4.0;Pº Recoletos S-N - Pl. Cibeles- Recoletos;-3.6919287823073432;40.421433344283614
11117;URB;3.0;Pedro Bosch S-N - Méndez Alvaro-Av. Ciudad Barcelona;-3.675514841097737;40.40038125959389
3923;URB;5.0;Principe Vergara S-N - Sanchez Pacheco-Pl. Cataluña;-3.6780344023875795;40.44691477766
3941;URB;5.0;Serrano N-S - Pedro Valdivia-Maria Molina;-3.6861769311257793;40.43909227261632
4224;URB;4.0;Principe Vergara, 88 S-N - General Oraa -Maria Molina;-3.679198065658426;40.43609310781507
3971;URB;4.0;Diego de Leon E-O - Claudio Coello-Serrano;-3.685593424913536;40.43507124000409
3995;URB;4.0;(AFOROS)Francisco Silvela, 46 S-N - (Ferrer del Rio-Jose Picon;-3.6735657631996244;40.43382116049447
4010;URB;4.0;Principe Vergara, 51 N-S - Padilla-Jose Ortega y Gasset;-3.679695249203544;40.43131674994375
4025;URB;4.0;Alcala O-E - Almeria-Puente Ventas;-3.6629124021457855;40.43085454213477
11079;URB;6.0;Gral Perón O-E - Giro a Fortunata y Jacinta;-3.6989021884177906;40.45256619724327
5542;URB;5.0;Av.Pio XII  N-S - Jerez-Macarena;-3.676032991569744;40.46333977634055
4141;URB;13.0;Av.Entrevías E-O - Timoteo Pérez Rubio - M-30;-3.673875672172665;40.39125418004613
9959;URB;2.0;Méndez Alvaro S-N(Giro Izqda) - Retama-Pedro Bosch;-3.679007969754495;40.39456273783368
7083;URB;2.0;(TACTICA)Méndez Álvaro E-O(Giro a Estrella Naos) - Sabal - Estrella Naos;-3.6822603279373185;40.397424527024384
5801;URB;13.0;Arroyo del Olivar - Ntra. Señora Perpetuo Socorro-Sierra del Cadi;-3.6623908822525553;40.39254119906892
5821;URB;13.0;Av. Albufera - Josefa Díaz-Cantalapiedra;-3.6565148106716254;40.391764870386844
5961;URB;15.0;Hermanos García Noblejas - Villaescusa-Nicolás Salmerón;-3.6248014728662;40.41952688936658
5982;URB;15.0;Hermanos García Noblejas - Pobladura del Vallle-Villaescusa;-3.626155362430389;40.4213637989932
5996;URB;20.0;Miguel Fleta - Albarracín-Hermanos García Noblejas;-3.632791739996224;40.43119940777818
6022;URB;15.0;Arturo Soria   - Angelita Cavero-Josefa Valcárcel;-3.648869017194873;40.44684222238479
6043;URB;15.0;Normas  - M30-Torrelaguna;-3.6617933353444814;40.451767839777716
10168;URB;15.0;Arturo Soria - Emilio Rubin - Emeterio Castaños;-3.662743672645017;40.461122236064995
3559;M30;9.0;PM22392;-3.746687811212975;40.461357486258336
5873;URB;8.0;(AFOROS) CARDENAL HERRERA ORIA, 244 E-O(ISLA AROSA-PICO BALAITUS);-3.719374098414272;40.48173858892402
5083;URB;11.0;BRAGANZA N-S(OPORTO-VIA LUSITANA);-3.721346603655379;40.38464698960458
11211;URB;11.0;(TACTICO)DINERO N-S (DOBLER-AV. PESETA);-3.750058560496765;40.36259568457211
9987;URB;17.0;(TACTICO) AV. ROSALES S-N (GIRO A AMERICIO);-3.6811882160455616;40.35705084412774
7009;URB;10.0;STA. URSULA S-N;-3.7304400545644687;40.412749851084456
3747;URB;7.0;RODRIGUEZ SAN PEDRO E-O(GAZTAMBIDE-PRINCESA);-3.715925858274552;40.4318903707222
3628;URB;11.0;NTRA.SRA.DE FÁTIMA ENTRE DEL ESPINAR Y PSO. MARCELINO CAMACHO SENTIDO S-N;-3.744102233572582;40.38629211303433
4093;URB;2.0;BOLIVAR E-O(HIERRO-EMBAJADORES);-3.6925372755707624;40.39197381422763
4370;URB;9.0;MARTIN DE LOS HEROS S-N(BUEN SUCESO-MARQUES DE URQUIJO);-3.7178429376255386;40.42935315430847
5166;URB;10.0;ACCESO DE N-V A CTRA. BOADILLA;-3.7656030784997148;40.39904256565607
5499;URB;5.0;Pºde la Habana N-S - Crevillente-Concha Espina;-3.6849448325953285;40.45303880042564
10517;URB;9.0;HUMERA N-S(VIRGEN ROSALES-ARROYO POZUELO);-3.782403409672552;40.45314243270067
4879;URB;9.0;ANA TERESA E-O (ANTARES - C.BARRIAL);-3.7897633935270854;40.461516543198286
9974;URB;8.0;CAMINO GANAPANES N-S;-3.7149617677523272;40.472433584629044
9973;URB;8.0;LA CABRERA O-E;-3.7156069212020073;40.47139459685277
9976;URB;8.0;BECERREA E-O;-3.7136254837148552;40.47133778981345
11075;URB;10.0;MAQUEDA N-S (ESCALONA-TEMBLEQUE);-3.7638090098881447;40.392391849977365
10838;URB;11.0;ENRIQUE ORO O-E (DOBLA - AV. EURO);-3.739315755160707;40.37213410940106
5874;URB;8.0;Av. Cardenal Herrera Oria, 221 O-E(Isla de Arosa-La Masó);-3.7160293885661813;40.48268403098653
10235;URB;8.0;AV. CARDENAL HERRERA ORIA E-O (MARQUES VILLABRAGIMA - DR- GUIU);-3.735569233367435;40.47712798493352
10694;URB;8.0;(CARRIL BUS) AV. CAMINO SANTIAGO S-N(GTA. MONTE GOZO-PORTOMARIN);-3.6674847570042695;40.51047105467816
3823;M30;15.0;PM20041;-3.674138403619615;40.47569077011911
4297;URB;1.0;GRAN VIA, 60 S-N(SAN BERNARDO-GARCIA MOLINAS);-3.7083033687763365;40.42180880088769
3484;URB;17.0;AV. REAL PINTO N-S(RESINA-SAN EZEQUIEL);-3.712331840350682;40.3346825333865
6770;M30;8.0;PM22641;-3.7360178456300477;40.47326145573862
3894;URB;3.0;Av. Ciudad Barcelona E-O - Juan Urbieta-Comercio;-3.68003856144582;40.4039657074876
7113;URB;1.0;ALCALA E-O( GIRO A ALCALA) (BARQUILLO-GRAN VIA);-3.695718157180681;40.41895145403269
6877;other;2.0;12NC07PM01;-3.685157945710736;40.38926450937724
6904;other;14.0;05TL00PM01;-3.64838868147728;40.4003350239164
3946;URB;4.0;Goya E-O - Claudio Coello -Serrano;-3.6867116392299124;40.42535775241459
4434;URB;7.0;Eloy Gonzalo O-E - Juan de Austria-Santa Engracia;-3.7000919404117054;40.43458432991715
5555;URB;5.0;Comandante Franco O-E - Pº de la Habana-Av.Pio ;-3.6765242293961626;40.46556228931951
5665;URB;6.0;Infanta Mercedes S-N - San Germán-Huesca;-3.6978679496305547;40.457076779438864
7112;URB;6.0;Sor Angela de la Cruz O-E(PM62083+PM62081) - Sor Angela de la Cruz O-E(PM62083+PM62081);-3.6966739350883366;40.46002063738084
5837;URB;13.0;Av. Buenos Aires - Sierra Salvada-Av. Albufera;-3.6533047431734675;40.39052092023248
10743;URB;16.0;Avda. San Luis - Eladio López Vilches_C.de las Cuevas de Almanzora ;-3.6639817863480078;40.47407934360439
6121;URB;14.0;Arroyo Media Legua - Entrearroyos-Camino Vianteros;-3.6562034954190157;40.40994885939493
6133;URB;15.0;Av. Marqués de Corbera  - M-30-Ricardo Ortíz;-3.6573035900571256;40.42174725588647
6223;URB;16.0;Ctra. Canillas - Utrillas-Javier Quinto;-3.6440430604740697;40.464166875075506
10757;URB;16.0;Emigrantes - Torquemada-Tribaldos;-3.6373600677500364;40.46770962385858
11137;URB;16.0;Moscatelar - Tantalis - Parma;-3.65053326601191;40.45712604395853
6294;URB;16.0;Valdetorres del Jarama  - Ángel Luis Herrán-Av. San Luis;-3.647603616367327;40.472283113762664
6352;URB;21.0;Av. Logroño - Joaquín Ibarra-Las Ramblas;-3.597383152093584;40.458738466885315
10915;URB;13.0;Av. Entrevías - Pozo del Tío Raimundo-Estación El Pozo;-3.655852728585725;40.375395031017234
10969;URB;10.0;CAMARENA N-S(YEBENES-ILLESCAS);-3.7557276588369524;40.39269653484148
10494;URB;17.0;ALEGRÍA DE LA HUERTA S-N (BOHEMIOS - ROSA DEL AZAFRAN);-3.695441090691095;40.355876474225155
5047;URB;11.0;GRAL. RICARDOS E-O( FCO. GARCIA-PL. TOROS);-3.7358898638916322;40.38581901684356
6954;URB;8.0;MONASTERIO ARLANZA O-E(M607-NTRA. SRA. VALVERDE);-3.6861315684795937;40.507344820166196
6645;M30;5.0;PM10142;-3.6718426684393446;40.47083407137156
3492;M30;3.0;PM10862;-3.6631980360266154;40.41118154222058
6720;M30;15.0;PM20261;-3.6657695380008968;40.46198217343805
6763;M30;13.0;PM21231;-3.6879745197727125;40.381691112091666
3839;M30;12.0;PM31263;-3.691661289657077;40.38062797643011
6936;M30;10.0;PM41802;-3.7433284306732677;40.408112559743365
6558;URB;20.0;Campezo - Pirra-Deyanira;-3.58308548052593;40.4435475954074
11290;URB;20.0;Maria Sevilla Diago, 14 - Longares-Niza;-3.6088069032306587;40.43304103992805
6507;URB;18.0;Acceso A-3 - Acceso A-3-Av. Democracia;-3.6212695210613903;40.39014536732215
4166;URB;3.0;AV. CIUDAD BARCELONA O-E(JUNTO GASOLINERA);-3.688279212523393;40.406491184451994
4719;URB;8.0;Cesar Manrique S-N (La Cabrera-Juan Sánchez);-3.7206837640772368;40.473894350444105
10000;URB;9.0;(TACTICO) SALIDA POLICIA;-3.7295463080440796;40.42891977579561
3515;URB;2.0;Salida Calle 30 E-O - (By-Pass M-30 -Gta.Pirámides)a 280mts;-3.7113269549916557;40.398735229995296
10696;URB;15.0;Hermanos García Noblejas - Idioma Esperanto-Pl. Alsacia;-3.6245843354741796;40.419136167904966
4967;URB;12.0;DR. TOLOSA LATOUR N-S(MADRE ROSA BLANCO-AV. POBLADOS);-3.7030174295219456;40.37224696825302
5058;URB;11.0;BLASA PEREZ N-S;-3.727148725751594;40.3922233080711
6660;M30;5.0;;-3.6615596104780987;40.445144260975546
5779;URB;9.0;Estudiantes N-S - Juán Montalvo - Reina Victoria;-3.712504398057477;40.4469334182363
10703;URB;20.0;Hermanos García Noblejas - Pobladura del Valle-Av. Arcentales;-3.6272408894665347;40.423218362442135
9838;URB;21.0;Bahía de Cádiz - Bahía de Mahón-Av. Logroño;-3.593886449129995;40.461247107740974
4117;URB;2.0;CACERES 9, O-E(BATALLA DEL SALADO-Po DELICIAS);-3.695424170247;40.39856479865692
10219;URB;6.0;JERONIMA LLORENTE O-E (WAD-RAS -PAMPLONA);-3.7067289812870245;40.4547868680136
10225;URB;10.0;VILLAMANIN Ø46 S-N GIRO IZDA (A-5-VILLASANDINO);-3.7528509614393206;40.4049475428135
5875;URB;8.0;Av. Cardenal Herrera Oria, 221 E-O(La Masó-Isla de Arosa);-3.7160894653144587;40.482743577624255
10330;URB;8.0;MARIA DE MAEZTU E-O(MARIA CASARES-SENDA DEL INFANTE);-3.7240472113759298;40.49362541625144
4201;URB;1.0;(AFOROS) ATOCHA E-O(SAN SEBASTIAN-DR. CORTEZO);-3.7020459373790024;40.4136490075332
3462;URB;3.0;Menendez Pelayo, 75 S-N - Amado Nervo-Pl. Niño Jesus;-3.676763425474285;40.41037491793284
4438;URB;7.0;Gral. Martinez Campos, 46 O-E - Miguel Angel-Emilio Castelar;-3.6910516850338033;40.43514074542794
11094;URB;6.0;Orense N-S - Fortunata y Jacinta -General Perón;-3.694903705904401;40.45306138921473
5614;URB;5.0;Mateo Inurria E-O - Pº de la Habana-Av.del Recuerdo;-3.6798096505368982;40.467616343441506
5693;URB;6.0;Sor Angela de la Cruz  O-E(Salida Túnel) - Bravo Murillo-Julián Besteiro;-3.6976543946694913;40.46036575841516
5770;URB;9.0;Av. Complutense N-S  - Arquitecto López Otero - Gta.Cardenal Cisneros;-3.7268020827865764;40.44127679960592
4703;URB;2.0;Salida Calle 30 E-O - (M-30 -Gta.Pirámides) a 180mts;-3.711811491096134;40.3999430777255
5785;URB;13.0;Av. Buenos Aires - Río Iguazú-Av. Palomeras;-3.6529980251933427;40.38590142489526
6261;URB;16.0;Av. Machupichu - Antonio Larrazabal-Pl. Manuel Rodrigo;-3.6309462664421046;40.460764992379154
11298;URB;20.0;Suecia, 59 - Alpes-Budapest;-3.6046785519615927;40.42754028856736
4959;URB;11.0;(TACTICO) REAL MADRID O-E;-3.7396277567107377;40.37717848964627
6641;M30;5.0;PM10021;-3.674043300862201;40.48087770910202
4500;URB;9.0;OFELIA NIETO N-S(ANTONIO NUNEZ-FRANCOS RODRIGUEZ);-3.7107999169888743;40.45862103954413
4680;URB;4.0;PUENTE DE LA PAZ E-O(AV.DONOSTIARRA-AV.BRASILIA);-3.6599765260930646;40.44089353803637
7013;M30;16.0;PM13221;-3.672393099076247;40.484878013380055
6756;M30;13.0;PM21081;-3.6748916324621033;40.393419379498184
6932;M30;16.0;PM33221;-3.6725542171825905;40.484054808793616
6801;M30;8.0;PM43001;-3.694647139014907;40.485856572787235
10559;URB;20.0;Alcalá - Tracia-Estigia;-3.6290356163741175;40.440281275211376
6657;M30;5.0;;-3.661554524510512;40.445665597904146
10264;M30;5.0;;-3.6619076040744316;40.445521772689894
4598;URB;8.0;(TACTICO) ARZOBISPO MORCILLO E-O (Po CASTELLANA -ACC.TORRE );-3.687183748036303;40.47985097677699
11341;URB;8.0;CRTA. FUENCARRAL O-E;-3.673830424059076;40.48885899442039
10729;URB;20.0;Suecia - Francfort-Pº. Ginebra;-3.605270250574128;40.42333026367541
5473;URB;5.0;Joaquín Costa E-O - Balbina Valverde-PºCastellana;-3.6898059059353305;40.446244715388495
6055;URB;15.0;Fernández Caro - Agastia-Arturo Soria;-3.64546092863607;40.4445190373416
6124;URB;14.0;Pico Artilleros - Hacienda de Pavones-Camino Vinateros;-3.6423446171448335;40.404214676827955
9927;URB;14.0;Camino Vinateros - M-30-Corregidor Diego Valerrabano;-3.6603939917168535;40.41075342614484
3660;URB;16.0;Mar Caspio - Mar de las Antillas-Felipe Herranz;-3.6477930993472856;40.47357328577364
10753;URB;16.0;Av. San Luis - Ramonet-Añastro;-3.6596706432021042;40.471312993961796
6347;URB;21.0;Av. Logroño - Bureta-Marqués Berna;-3.585153795154673;40.46489222099566
6531;URB;20.0;Albasanz - San Sotero-San Romualdo;-3.623183608241492;40.43860921753672
3772;URB;18.0;Sierra Torcal - Monte Montjuich-Real Arganda;-3.6172872127752105;40.37960347544638
4192;URB;3.0;DR. ESQUERDO N-S(ANGEL GANIVET-AV. MEDITERRANEO);-3.6701491099691133;40.408258871303836
3737;URB;8.0;(TACTICO) SALIDA APARCAMIENTO PUBLICO HOSPITAL CARLOS III;-3.6975104339637532;40.474833603200246
3485;URB;8.0;(AFOROS) AV.MONFORTE DE LEMOS E-O(COLEG.PRINCIPE-FINISTERRE);-3.701649250631731;40.47994972983889
5893;URB;8.0;SAN MODESTO S-N(SAN MODESTO-AV. CARDENAL HERRERA ORIA);-3.6974318114190723;40.48951560109017
10506;URB;11.0;VIA LUSITANA E-O Ø86 (FARO-CARRERO JUAN RAMON);-3.72746475323627;40.37909736122738
6671;M30;3.0;PM10907;-3.665277383243401;40.406488418927665
6740;M30;15.0;PM20756;-3.6582273993970147;40.419496524522906
6788;M30;15.0;PM33202;-3.6599758279368153;40.48286621242596
6446;URB;13.0;El Bosco - Pío Felipe-Benjamín Palencia;-3.6433370359752297;40.39493606656523
6116;URB;14.0;Camino Vinateros - Av. Moratalaz-Marroquina;-3.6462168693357544;40.40832168599553
6118;URB;14.0;Camino Vinateros  - Cañada-Av. Moratalaz;-3.644717976631088;40.40721947491926
6128;URB;14.0;Primavera de Praga - Corregidor Diego Valderrabano - Alcalde Luis Marichalar;-3.6578554159481254;40.411295362729405
6398;URB;20.0;Av. Canillejas a Vicálvaro - Pobladura del Valle-Julia Garcia Boutan;-3.6110902113462284;40.42803767389147
5382;URB;18.0;Jose Gutierrez - Av. Ensanche de Vallecas-Av. Suertes;-3.6017893291909666;40.36752145530366
4689;URB;2.0;Po PONTONES O-E(CALLE NUEVA-PL. FCO. MORANO);-3.7171497672563194;40.404347740863486
5878;URB;8.0;AV. CARDENAL HERRERA ORIA, 176 E-O(GIRO A GINZO LIMIA)INTERIOR CRUCE;-3.709233096108955;40.48567570925341
10643;URB;8.0;AV. VENTISQUERO DE LA CONDESA N-S(VALLE DE ENMEDIO-CERRO MINGUETE);-3.7165510461889917;40.487524223881934
3491;M30;3.0;PM10861;-3.662834151496484;40.41122839828762
6739;M30;15.0;PM20742;-3.658418928510514;40.41949005545305
4706;URB;2.0;Pº Yeserias E-O - Melilla-Gta.Pirámides;-3.712850095945155;40.40054395033535
3593;URB;15.0;Alcalá - Vicente Espinel-Vazquez de Mella;-3.6399560183006066;40.437029785999215
5983;URB;20.0;Hermanos García Noblejas - Pl. Alsacia-Pobladura del Valle;-3.6246185544876743;40.419510542187425
6539;URB;20.0;Av. 25 Septiembre - Pl. Olivas-Alcalá;-3.6256294572039867;40.4452307432167
5753;URB;5.0;(TACTICO) Yuca E-O(Av. Burgos-Bambu);-3.6762173571894743;40.47649491649463
4572;URB;8.0;(TACTICO) SALIDA APARCAMIENTO MEDICOS HOSPITAL CARLOS III;-3.697358420235224;40.474835970389435
6674;M30;3.0;PM10945;-3.6663901472700706;40.40476311658613
6214;URB;19.0;Villablanca - Minerva-Av. Gran Vía del Este;-3.5966040309141056;40.40411667873132
6678;M30;3.0;PM10985;-3.6678793024201926;40.40069312191229
3494;M30;8.0;PM22971;-3.7024721066606805;40.48287455267949
6937;M30;10.0;PM41851;-3.764149686225111;40.399500386392724
6704;M30;8.0;PM13011;-3.6971528922919257;40.48478558996822
3599;M30;8.0;PM22781;-3.722513378284566;40.475230048664024
3703;M30;12.0;PM41302;-3.694641627036055;40.37298788577748
5453;URB;6.0;(AFOROS)PºCastellana N-S - San Germán-Pedro Teixeira;-3.6904234283572532;40.455638467011816
10558;URB;20.0;Alcalá - Valentin Beato-Iquitos;-3.626838266370399;40.440953425120234
6240;URB;16.0;Emigrantes - Tribaldos-Ctra. Canillas;-3.636535750078756;40.46633851527474
11064;URB;15.0;Asura N-S - (Lorenzo Solano Tendero-Estrecho Mesina;-3.6511800433784423;40.45352562939878
3804;URB;13.0;Av. Pablo Neruda - Malgrat de Mar-Miguel Hernández;-3.640771338351293;40.39306588667257
6462;URB;14.0;Fuente Carrantona - Arroyo Fontarón-Encomienda de Palacios;-3.6389480766591062;40.39667827918779
6527;URB;20.0;Julián Camarillo - San Romualdo-Cronos;-3.62090310882199;40.4371784333223
6551;URB;20.0;Campezo - Deyanira-Pirra;-3.5830349192413857;40.44356311508348
4285;URB;9.0;CUESTA SAN VICENTE O-E(GRAN VIA-FERRAZ);-3.71157593238439;40.42310787765686
6685;M30;2.0;PM11201;-3.6845926216153537;40.38390640084373
3838;M30;13.0;PM30902;-3.664190978031135;40.406152866276216
11038;URB;15.0;Alcalá - Misterios - Luva;-3.6387533808724943;40.43764286331872
5974;URB;15.0;Nicolás Salmerón - Hermanos García Noblejas-Nicolás Salmerón;-3.625573000874211;40.417697226236854
10826;URB;15.0;Torrelaguna - Rodezno - Auto;-3.6575646762419445;40.449050152485
11148;URB;16.0;Fuerzas Armadas E-O - P.P. (16-157)-Rocio Jurado;-3.6321555670574988;40.4861206007361
4095;URB;2.0;EMBAJADORES S-N(ANTRACITA-BOLIVAR)(TUNEL A 80MTS);-3.6927214231181615;40.39089580256277
4516;URB;9.0;ARQUITECTO SANCHEZ ARCAS S-N(VALLS FERRER-PABLO IGLESIAS);-3.714729914897275;40.45417027614869
4770;URB;10.0;(TACTICO) VILLAMANIN Ø45 S-N GIRO IZDA (A-5-VILLASANDINO);-3.7530018257493105;40.40510008421293
5014;URB;10.0;CARAMUEL N-S(FIDIAS-Pº OLIVOS);-3.7298123194857533;40.407819785689384
6713;M30;15.0;PM20021;-3.673634354115317;40.48190491323233
5270;URB;10.0;PINAR SAN JOSE S-N;-3.7769849337038055;40.363730409792105
4623;URB;5.0;LOPEZ DE HOYOS O-E(PADRE JESUS ORDONEZ-QUINTILIANO);-3.6778383080236123;40.44172786644049
10401;URB;17.0;EDUARDO BARREIROS S-N(REQUENA-EL CASERIO);-3.704470599428035;40.35566956957848
10334;URB;8.0;AV. MONASTERIO SILOS O-E (SOBRADO - ARLANZA) CARRILES IZQUIERDOS;-3.692020584071814;40.50967091044832
5325;URB;10.0;AV. AVIACION  E-O(MIRABEL-MONROY);-3.782772402199488;40.376572103452816
6742;M30;14.0;PM20776;-3.657943112575129;40.41714894531595
6748;M30;14.0;PM20864;-3.662938563606773;40.41036996240843
5506;URB;5.0;PADRE DAMIAN N-S(FALLA-RAFAEL SALGADO);-3.6871063127610273;40.45498405613216
6693;M30;9.0;PM12241;-3.741833865745728;40.45026386147978
11383;M30;9.0;PM12471x;-3.7495669884900993;40.46785120532401
11386;M30;8.0;PM13042;-3.6948392391098497;40.48529766454172
3409;URB;10.0;SEPULVEDA Ø118 N-S (CEBREROS-CJAL. FCO. J. JIMENEZ);-3.7541516712706424;40.401447266422075
6860;other;2.0;15RR60PM03;-3.7121521913693667;40.400252560244475
6861;other;2.0;15RR60PM02;-3.7121943100870394;40.40020576191748
7118;other;2.0;14NC71PM01;-3.7102387582299197;40.39736752561219
6326;URB;16.0;Acceso M-40 - M-40-Gregorio Sánchez Herráez;-3.638748995893936;40.47690274834987
6108;URB;16.0;C/. Golfo de Salónica  - Espliego-San Luis;-3.66547127667882;40.47500602295142
10792;URB;12.0;SAN BASILIO N-S(MAMERTO LOPEZ-CRISTO VICTORIA);-3.7076949696478376;40.37931594561834
11205;URB;3.0;(MICRO) DR. ESQUERDO N-S(DELANTE GRUPO 1 SALIDA);-3.669363464361237;40.41768349308582
5222;URB;18.0;Ilunion - ;-3.6512925187433725;40.37390314612119
5226;URB;18.0;Cno. Hormigueras - Cno. Hormigueras (Entrevias) N-S(Pasado GR-2);-3.6514800630530257;40.37447900957471
5221;URB;18.0;Cno. Hormigueras - Cno. Hormigueras (Entrevias) N-S(Antes Gr. 2);-3.651346635354355;40.37458195293801
5216;URB;18.0;Cno. Pozo Tio Raimundo - Cno. Pozo Tio Raimundo E-O(Antes GR-1);-3.6507920290607068;40.37363390555292
5224;URB;18.0;Cno. Hormigueras - Cno. Hormigueras (Entrevias) S-N(Pasado GR-2);-3.6513757615090374;40.37449858368763
11364;M30;8.0;PM43012V;-3.6978405434993937;40.488348412532346
4132;URB;2.0;Méndez Alvaro S-N - Retama-Pedro Bosch;-3.6789525991796226;40.39458512435705
6013;URB;15.0;Arturo Soria - Santo Ángel-López de Hoyos;-3.6589601118247326;40.45863244539671
6089;URB;16.0;Mesena - Eladio lópez Vilches-Av. San Luis;-3.6652154709579228;40.47413474527309
10625;URB;20.0;Sofia  - Estocolmo y Julia Garcia BOutan;-3.602104117220217;40.431374277392976
5683;URB;6.0;Lope de Haro O-E - Berruguete-Juán Risco;-3.703156946195242;40.457017802369336
6736;M30;15.0;PM20664;-3.6600866580118696;40.4274445064302
3453;URB;6.0;Bravo Murillo E-O - Conde Serrallo-Nardo;-3.6919879274058025;40.46542442021754
5908;URB;15.0;Alcala - Fernández Lanseros-Virgen de la Alegría;-3.658303335804463;40.43174725810175
3837;M30;15.0;PM30461;-3.656635860802181;40.445896164900766
5469;URB;5.0;Alberto Alcocer E-O - Doctor Fleming-Pl.Cuzco;-3.6882787075977808;40.45902086986003
4233;URB;2.0;LABRADOR O-E(MARTIN VARGAS-EMBAJADORES);-3.7012208407366063;40.402206637577585
6875;other;2.0;12NC63PM01;-3.6903787878449896;40.389504622318164
6876;other;2.0;12XC06PM01;-3.684993955957118;40.388850760746955
1032;other;2.0;15RC05PM01;-3.710492421046952;40.397998589198856
6857;other;2.0;15RE04PM01;-3.7107722177709355;40.39797825555465
6864;other;2.0;15RR41PM01;-3.711347424709283;40.39845404147024
1020;other;2.0;13NL60PM01;-3.698078104079728;40.38948181083175
6873;other;2.0;13XC26PM01;-3.6958373291142617;40.39131044874531
6841;other;10.0;17XC49PM01;-3.723160798856682;40.41168332738328
6827;other;1.0;18NC20PM01;-3.721659230848612;40.41830741507267
1018;other;9.0;18XC82PM01;-3.724761304960939;40.421815824222975
10569;URB;17.0;AV. ANDALUCIA S-N(GIGANTES Y CABEZUDOS-BOHEMIOS);-3.6930444370283233;40.35483697943625
6868;other;2.0;14NL24PM01;-3.702301439552578;40.3940488948697
10786;URB;18.0;Puentelarra - Puentelarra - Av. Santa Eugenia;-3.610569978038755;40.38184405768658
4039;URB;4.0;Goya E-O - Lombia-Fernan Gonzalez;-3.6727337162932727;40.424664072675874
4075;URB;4.0;O´Donnell E-O - Miguel Vives-Maiquez;-3.6719796792267454;40.421377699754025
10085;URB;3.0;Alde. Sainz Baranda E-O - Fernán González -Narváez;-3.67521357983111;40.41696225357452
3807;URB;7.0;Carranza E-O -  Fuencarral-Ruiz;-3.703191678724404;40.42920476287421
6901;other;14.0;04TL40PM03;-3.6529831845593046;40.40423345586852
3944;URB;4.0;Serrano, 84 N-S - Padilla-Jose Ortega y Gasset;-3.686864574805504;40.431352830733275
5839;URB;13.0;Av. Albufera - San Claudio-Av. Pablo Neruda;-3.6420806619394335;40.38827551663556
4549;URB;8.0;AV. BETANZOS S-N(RIBADAVIA-CHANTADA);-3.7121936132842768;40.47246563927551
5470;URB;6.0;(AFOROS)General Perón O-E - Poeta Joan Maragall-Pl.de Lima;-3.6926431139872244;40.45218084779682
5786;URB;13.0;Av. Buenos Aires - Av. Pablo Neruda-Pedro Laborde;-3.6528859105984943;40.38280820901392
6286;URB;16.0;López de Hoyos - Ctra. Canillas-López de Hoyos;-3.65489590453634;40.46601888303915
10676;URB;14.0;Molina de Segura - Mario Cabré - Dr. Garcia Tapia;-3.6380237212032873;40.40806478434566
10585;URB;11.0;(CARRIL BUS) AV. PESETA E-O(CUEVAS ALTAMIRA-PINAR SAN JOSE);-3.7619714779931708;40.363373052790294
4789;URB;12.0;SAN ZACARIAS E-O ENTRADA CRUCE;-3.7005581359493798;40.39014814800913
10565;URB;8.0;(MICRO) RONDA DE LA COMUNICACION (JUNTO GR-2);-3.6638480746772046;40.51319385018442
10667;URB;8.0;COLLADO TIROBARRA E-O(MORALZARZAL-AV. VENTISQUERO DE LA CONDESA);-3.7171169451281876;40.494606566283245
6593;URB;8.0;Vía de servicio - Salida hacía a A-1;-3.661876460135624;40.5022517731427
5678;URB;6.0;Infanta Mercedes S-N - Sor Angela de la Cruz-Francisco Gervás;-3.6963225592927658;40.46058285031337
5272;URB;11.0;(TACTICO)AGUACATE O-E(CIRUELA-GUAYABA);-3.74790172988361;40.37181871773011
3577;URB;10.0;(TACTICO)AYLLON N-S;-3.7758003625927206;40.39932962379936
3930;URB;5.0;(AFOROS) Serrano, 170 N-S - Nerion-Pl. Republica Argentina;-3.6844515717597233;40.4467783550979
4199;URB;1.0;DR. CORTEZO S-N(DR. CORTEZO-PL. JACINTO BENAVENTE);-3.703643732971212;40.41383789311352
5943;URB;20.0;Miguel Yuste  - Miguel Yuste-Alcalá;-3.625516020716493;40.44100999923873
6009;URB;15.0;Arturo Soria - Ángel Gordillo-Emeterio Castaños;-3.664437409729912;40.462253652017864
1019;other;12.0;13XL49PM01;-3.6967089330727068;40.387345071984356
6869;other;2.0;14RA02PM01;-3.7021341483318446;40.394077322888975
1052;other;3.0;09NC51PM01;-3.6665888511278486;40.40367418906725
6896;other;13.0;08RR18PM01;-3.6646568434586158;40.40459729721153
6961;URB;8.0;VALLE PINARES LLANOS S-N (MIRADOR DE LA REINA - AV. ARROYO DEL FRESNO);-3.7289604621786423;40.48600973582311
5198;URB;11.0;ERMITA DEL SANTO ENTRE IVAN VARGAS Y PTE S.ISIDRO S-N;-3.724594179848153;40.40289146955615
6702;M30;8.0;PM12921;-3.708007149358237;40.48127099085395
6848;other;11.0;15RM08PM01;-3.717560850573744;40.39926787869824
6898;other;13.0;09XC09PM01;-3.6655218206370144;40.405543357311714
1049;other;3.0;09XC37PM01;-3.666357477643199;40.40382312915533
6893;other;3.0;10NC18PM01;-3.6695642264686694;40.39873947586294
4088;URB;2.0;DIVINO VALLES O-E(EMBAJADORES-Po DELICIAS);-3.695841225566348;40.39632022704398
3960;URB;5.0;Maria Molina E-O - Velazquez-Lopez Hoyos;-3.683723909338096;40.43774853439771
5496;URB;6.0;Dulcinea S-N - Aquilino Domínguez-Avila;-3.6994933807502943;40.45189814685733
6646;M30;5.0;PM10211;-3.6684298438595877;40.46645577168144
10503;URB;11.0;PL. RENDICION BREDA N-S (DELANTE GR-6);-3.73103743038895;40.376427988400316
5920;URB;15.0;Alcalá - Pileo-Hermanos de Pablo;-3.6429297710729123;40.43566321661454
4765;URB;10.0;(TACTICO)GIRO CEBREROS FRENTE IGLESIA E-S (HIGUERAS-SEPULVEDA);-3.747727648185085;40.404566964627165
5268;URB;10.0;(TACTICO)SALIDA POLIGONO N-S;-3.7713001839961406;40.36568848085271
5192;URB;11.0;SAN AMBROSIO O-E (Pº ERMITA DEL SANTO-ENTRADA TÚNEL);-3.7244899907672746;40.404553686972555
5194;URB;11.0;IVAN VARGAS E-O (TÚNEL);-3.7240660023868832;40.402754101152794
3771;URB;10.0;AV.DE LOS  POBLADOS ENTRE GUAREÑA Y PADRE PIQUER SENTIDO E-O;-3.766316125727338;40.389521873909246
4653;URB;4.0;CARTAGENA N-S(AZCONA-MARTINEZ IZQUIERDO);-3.6704682082688307;40.433576904782385
6765;M30;12.0;PM21301;-3.692445421437218;40.38387597990619
5257;URB;11.0;PINAR SAN JOSE S-N(PATRIMONIO HUMANIDAD-AV. PESETA);-3.7635580774403223;40.36365755194468
5394;URB;17.0;AV. REAL PINTO N-S(GOMEZ ACEBO-AV. REAL PINTO);-3.7072210576858478;40.34311477865354
11381;M30;8.0;PM23185;-3.6778288410653985;40.48403048269187
6889;other;13.0;90ET43PM01;-3.686570693401437;40.38222093589882
6883;other;13.0;90ET58PM01;-3.687467264506309;40.38319434286756
6884;other;2.0;90ET93PM01;-3.690186727430336;40.386555729956406
11346;URB;19.0;Ctra. Vicalvaro a la Estación -  O´Donnell S-N;-3.576652291558357;40.40746860831081
1017;other;9.0;18NC80PM01;-3.725490839105885;40.422267608426424
6835;other;1.0;18RA28PM01;-3.721794109875364;40.41731474276315
1012;other;9.0;18RA66PM01;-3.7220968034274726;40.41986143669554
6833;other;1.0;18RC06PM01;-3.721561683683632;40.41727764171895
1014;other;9.0;18RL09PM01;-3.7226771712009374;40.41988946150711
1042;other;9.0;18RL29PM01;-3.722908927576882;40.417934291444766
1011;other;9.0;18RM17PM01;-3.7230756918931474;40.418233915258966
6837;other;9.0;18RN69PM01;-3.7228865459557325;40.417166799922
11377;M30;5.0;PM13187;-3.6775279779092154;40.483888453255055
11379;M30;5.0;PM23188;-3.6781590101346096;40.48391175504572
11380;M30;5.0;PM23183;-3.6777282265309172;40.48398000818908
11369;M30;8.0;PM43153;-3.6855237121534263;40.48111214966043
6808;M30;8.0;PM43152;-3.6855827372604675;40.4808445551671
11388;M30;5.0;PM13181;-3.677510696563915;40.483754624762554
6818;M30;5.0;PM13188;-3.6775547342942896;40.48382153566966
3842;URB;1.0;Pº Recoletos N-S - Almirante-Prim;-3.691726844904301;40.42213209299719
11147;URB;16.0;Fuerzas Armadas E-O - Rocio Jurado-P.P. (16-156);-3.634282101171044;40.48679760020411
10924;URB;2.0;MENESES S-N;-3.682174040441031;40.39308579943301
1046;other;1.0;03FL08PM02;-3.7208834433488724;40.419134698023946
6836;other;1.0;03FL20PM01;-3.7213378494070177;40.41806440232149
1010;other;9.0;03FL56PM01;-3.7250433138460965;40.41631232312845
1044;other;1.0;03FT08PM01;-3.7207572594256004;40.41912438594904
1009;other;9.0;03FT52PM01;-3.724909242726423;40.41623366384101
3544;other;9.0;04FL12PM01;-3.7325875527175554;40.41346829805074
3545;other;9.0;04FL92PM01;-3.7410941330505914;40.409699778235186
3542;other;9.0;04FT14PM01;-3.732293889924291;40.413481368809514
1006;other;10.0;04FT74PM01;-3.736323543448862;40.41189392068599
6900;other;14.0;04TL40PM01;-3.65282296854368;40.40423700054801
6899;other;14.0;04TL40PM02;-3.652815577072803;40.404152023766855
6903;other;14.0;04TL40PM04;-3.652943843421393;40.40413273733225
1001;other;10.0;05FT10PM01;-3.7407857795983195;40.40972919100739
1002;other;10.0;05FT37PM01;-3.7437595165309716;40.408029678945354
6905;other;14.0;05TL00PM02;-3.6484638905577627;40.40032500762123
6897;other;3.0;08RL21PM01;-3.6666334748721465;40.404336650206325
1050;other;13.0;08RR02PM01;-3.66575272683063;40.40371782925862
6891;other;3.0;10NC76PM01;-3.673227038789862;40.39520490035255
6894;other;3.0;10XC18PM01;-3.6691379771340435;40.39853809535646
6892;other;13.0;10XC82PM01;-3.6737507309184516;40.393451110889
6878;other;2.0;11NC43PM01;-3.678894462850725;40.39120155819359
6895;other;2.0;11RE20PM01;-3.680809355244103;40.394706771159825
6887;other;2.0;11RE59PM01;-3.688650489367306;40.38793425315924
6886;other;2.0;11RE59PM02;-3.688471712007859;40.38804086559661
6879;other;2.0;11XC46PM01;-3.67807360332856;40.39141522546598
6874;other;2.0;12XC63PM01;-3.690875517225876;40.389201731654836
6871;other;2.0;13NC95PM01;-3.7019109676175375;40.39449796758286
6870;other;2.0;13XC97PM01;-3.701968252022559;40.3942311928492
7117;other;2.0;14NC58PM01;-3.70857947644749;40.39669561349232
7145;other;2.0;14NC96PM01;-3.710481527109261;40.397339445996124
6866;other;2.0;14NL78PM01;-3.7071201014496733;40.3962476881631
1025;other;2.0;14RA15PM01;-3.7023340096237174;40.39503533749025
1028;other;2.0;14RC10PM01;-3.705418067561876;40.39652119858305
1030;other;11.0;14RE35PM01;-3.7062574184935593;40.39546419450289
1029;other;2.0;14RH25PM01;-3.706964803943296;40.3963078484598
6867;other;11.0;14RL11PM01;-3.7057011142901075;40.39443734918919
7120;other;11.0;14RN27PM01;-3.70695997139916;40.3930508826529
1021;other;12.0;14XL36PM01;-3.702726956561618;40.39348384907928
7121;other;11.0;14XL89PM01;-3.708184434738623;40.39568164688511
6856;other;2.0;15RA15PM01;-3.71065696007277;40.398016194665864
1033;other;11.0;15RH53PM01;-3.7145510155975217;40.39892233569177
6855;other;11.0;15RM58PM01;-3.7131759801015245;40.39763539952573
1034;other;11.0;15RN03PM01;-3.717771703103932;40.399246811149425
1037;other;11.0;15RR22PM01;-3.713005118873502;40.397520302097234
1031;other;2.0;15RR60PM01;-3.7122424176786932;40.40014961888843
1036;other;11.0;15RT07PM01;-3.7130247580425686;40.39742744145666
6854;other;11.0;15XL49PM01;-3.7144298191210505;40.39897427697435
6847;other;2.0;16NC07PM01;-3.7198451711130405;40.40021951623907
6845;other;2.0;16NC75PM01;-3.722324931861054;40.405340086118294
6840;other;2.0;17NC65PM01;-3.7224285633632515;40.41373995384296
6839;other;1.0;17NC80PM01;-3.7223448904875895;40.41518295772221
1038;other;2.0;17RA10PM01;-3.7213538386333527;40.409574495670206
1041;other;10.0;17RC01PM01;-3.722737827252563;40.41042456337251
6843;other;10.0;17XC08PM01;-3.7224854374181553;40.40747181867947
1016;other;9.0;18NC52PM01;-3.7219285018837995;40.42044297912636
1015;other;9.0;18NC52PM02;-3.7218428244517163;40.42048766885275
1043;other;1.0;18RT11PM01;-3.720762067699269;40.41833275626917
1013;other;9.0;18XC46PM01;-3.7225321307173274;40.41997055409207
7123;other;9.0;19XC40PM01;-3.7305237305707957;40.424413007526816
7122;other;9.0;19XC80PM01;-3.734188455324837;40.42670231341528
6880;other;2.0;90EL00PM01;-3.6908633591937052;40.38753106081552
6881;other;2.0;90EL16PM01;-3.6903340246459337;40.38648512555837
6882;other;2.0;90EL38PM01;-3.688155417007439;40.38366426557626
6890;other;13.0;90EL69PM01;-3.686690123993382;40.382136353502226
6888;other;13.0;90ET09PM01;-3.6855672873934733;40.37958779843087
10136;URB;8.0;VALCARLOS S-N (PUENTE DE LA REINA - SAN JUAN DE ORTEGA);-3.670067249224468;40.50031494512345
6990;URB;19.0;Bulevar Indalecio Prieto - Poetas-Bulevar José Prat;-3.622749623707704;40.39652676664876
6989;URB;19.0;Bulevar Indalecio Prieto - Pinillas-Bulevar José Prat;-3.6222998963247566;40.398636862410875
6988;URB;19.0;Bulevar José Prat - Ladera de los Almendros-Bulevar Indalecio Prieto;-3.623912843081716;40.397595824864915
6987;URB;19.0;Bulevar José Prat - Bulevar Indalecio Prieto-Ladera de los Almendros;-3.623927275156019;40.39821113481816
10400;URB;19.0;Ctra. Vicalvaro a la Estación O´Donnell S-N - Abad Juan Catalá - Villablanca;-3.5944666156172986;40.40390159891156
6215;URB;19.0;Rivas  - Boyer-Av. Gran Vía del Este;-3.593953887014991;40.402664443264165
6216;URB;19.0;Ctra. Vicálvaro a la Estación de O´Donnell - Abad J. Catalán-Villablanca;-3.594172107332588;40.403959681201655
6217;URB;19.0;Av. Gran Vía del Este  - San Cipriano-Rivas;-3.596059497268352;40.402602160516004
11348;URB;19.0;Villablanca 70 O-E - ;-3.575331021815561;40.407880886311816
11347;URB;19.0;Rivas O-E - ;-3.5757829261708407;40.40883003254156
11349;URB;19.0;Ctra. Vicálvaro a la Estación - ;-3.576799536237308;40.40859143608547
11371;M30;8.0;PM23163;-3.680942097565491;40.483560771310636
11370;M30;5.0;PM33153;-3.684942000468744;40.48136379874281
11387;M30;5.0;PM33152;-3.685275077982243;40.480863433349654
6786;M30;5.0;PM33152;-3.6850402562856712;40.481267178864194
6807;M30;8.0;PM43151;-3.6854588345358406;40.48084995337336
3841;URB;4.0;Jose Ortega y Gasset O-E - Serrano-Pº Castellana;-3.6872542011328537;40.430518704947666
3844;URB;4.0;(AFOROS) Pº Castellana S-N  - Eduardo Dato - Pl.Emilio Castelar;-3.6884696503310157;40.433782057894334
3845;URB;4.0;Pº Recoletos S-N - Villanueva-Jorge Juan;-3.6909912854859117;40.42351225473315
3846;URB;1.0;Sagasta 20 O-E - Mejia Lequerica-Pl. Alonso Martinez;-3.698401833769432;40.42818065084175
3847;URB;7.0;Almagro 7 N-S - Zurbano-Pl. Alonso Martinez;-3.6945564413233347;40.42879067219494
3850;URB;1.0;(AFOROS) Genova O-E - General Castaños-Pl. Colon;-3.692525471211719;40.42600394661592
7029;URB;4.0; Pº Recoletos  N-S -  (PL. Colon-Bárbara Braganza);-3.690780165618756;40.42422009324791
10034;URB;1.0;Barbara Braganza E-O  - Pº Recoletos - Marques Ensenada;-3.6920325023882774;40.42333617227188
3851;URB;7.0;Pº Castellana N-S - Ayala-Pl. Colon;-3.6899476055077836;40.42730481173375
10036;URB;1.0;Barbara Braganza O-E  - Conde Xiquena-Tamayo y Baus;-3.693920902237925;40.42372230629486
3562;URB;7.0;(AFOROS) Pº Castellana N-S - Eduardo Dato-Marques de Riscal;-3.6885945659584456;40.4325205220297
3854;URB;1.0;Fernado VI E-O - Campoamor-Hortaleza;-3.6964635111796516;40.42545305616413
7026;URB;4.0;(MICRO) Pº Recoletos  N-S - Pl. Colon-Bárbara Braganza;-3.690742481903045;40.424210771059016
7011;URB;4.0;(MICRO) Pl. Colón  (Delante Gr. 6) - (MICRO) Pl. Colón  (Delante Gr. 6);-3.690373591720566;40.42552784044995
7030;URB;1.0;(MICRO) Pl. Colón  (Delante G. 7) - (MICRO) Pl. Colón  (Delante G. 7);-3.6906645320128058;40.42474075788912
3891;URB;3.0;Av. Ciudad Barcelona E-O - Gutenberg-Julian Gayarre;-3.6819260829340252;40.40471586458193
3892;URB;3.0;Av. Ciudad Barcelona O-E - Antonio Nebrija-Comercio;-3.681976605482766;40.40464066170781
3893;URB;3.0;Av. Menendez Pelayo N-S - Granada-Av. Ciudad Barcelona);-3.6804124205474538;40.40511372620482
5072;URB;3.0;Dr. Esquerdo N-S - Valderribas-Av. Ciudad Barcelona;-3.6741558746846854;40.402098830472795
5073;URB;3.0;(AFOROS) Av. Ciudad Barcelona E-O - Catalina Suarez-Dr. Esquerdo;-3.673468045605633;40.40056373131469
3895;URB;3.0;(AFOROS) Av. Ciudad Barcelona E-O - El Cafeto-Seco;-3.672356244406975;40.399884307485
3898;URB;3.0;Comercio S-N - Av. Ciudad Barcelona-Tellez;-3.681315982396693;40.40361190880635
3901;URB;3.0;Menendez Pelayo S-N - Valderribas-Pl. Mariano Cavia;-3.6794591431825348;40.406454725742215
3902;URB;3.0;Av. Mediterraneo E-O - Abtao-Juan Urbieta;-3.6744245705157157;40.40713875876211
3903;URB;3.0;(TACTICO) Dr. Esquerdo N-S - Cavanilles-Valderribas (Giro Izq.);-3.6728816331012037;40.4034113411648
3905;URB;3.0;Dr. Esquerdo N-S - Sta. Sabina-Cavanilles;-3.6714284877582735;40.40508899703745
3906;URB;3.0;Garibay E-O - Adelfas- Dr. Esquerdo;-3.671544577343487;40.40391426299529
3433;URB;3.0;Dr. Esquerdo S-N - Valderribas-Garibay;-3.6727196208162627;40.403483634023814
10810;URB;3.0;Solo Seleccion -Dr. Esquerdo N-S - (Valderribas-Av. Ciudad Barcelona);-3.6741579666407573;40.40216223638535
11112;URB;3.0;Dr. Esquerdo N-S - Pl. Conde Casal-Sta. Sabina;-3.6708333891655798;40.40574592832564
11113;URB;3.0;Dr. Esquerdo S-N - Garibay-Sta. Sabina;-3.671814783267605;40.404491384816154
11114;URB;3.0;Dr. Esquerdo N-S - Cavanilles-Valderribas;-3.6724388101039604;40.40400915313637
11089;URB;3.0;Dr.Esquerdo N-S - Valderribas -Granada;-3.6733337832224846;40.40300748843063
11115;URB;3.0;Dr. Esquerdo S-N - Andalucia-Valderribas;-3.673687642648692;40.40244820524813
11118;URB;3.0;Dr. Esquerdo S-N - Av. Ciudad Barcelona-Andalucia;-3.674417681840657;40.401622425595356
11116;URB;3.0;Andalucia E-O - Adelfas-Dr. Esquerdo;-3.67331948608007;40.40196185738971
7036;URB;3.0;Dr. Esquerdo S-N - Vaderribas-Garibay(Giro a Cavanilles);-3.6727604980881132;40.40349040774345
9841;URB;9.0;Valle de Mena S-E - Acc.Ramon Castroviejo-Gta.Isaac Rabín;-3.7274122328944146;40.472483614547826
9843;URB;9.0;Dr.Ramon Castroviejo O-E - Av.Miraflores-San Martin de Porres;-3.7302342840773393;40.472471587833795
9842;URB;9.0;Nueva Zelanda S-N - Isla Cristina-Gta.Isaac Rabín;-3.727783033436387;40.47168378480568
3909;URB;5.0;Concha Espina, 57 O-E - Serrano-Rodriguez Marin;-3.680128728416027;40.451618776605414
3910;URB;5.0;Ramon y Cajal, 7 E-O - Principe Vergara-Marcenado;-3.675704491126692;40.451665588138056
3911;URB;5.0;Principe Vergara, 207 S-N - Pradillo-Ramon y Cajal;-3.677682298043572;40.45017043438015
3460;URB;5.0;Alfonso XIII, 51 N-S - Alhelies-Ramon y Cajal;-3.667362312096132;40.453037125511614
3461;URB;5.0;Ramon y Cajal, 69 O-E - Gabriel Galan-Alfonso XIII;-3.6684267354175;40.45239203587277
3913;URB;5.0;Principe Vergara N-S - Pl. Republica Ecuador-Concha Espina;-3.6774511519577273;40.45310461789502
3914;URB;5.0;Ramón y Cajal O-E - Principe Vergara-Marcenado ;-3.6767606497062304;40.45161857563584
3915;URB;5.0;Principe Vergara N-S - Concha Espina-Pl. Cataluña;-3.677700827145426;40.45088723585656
3917;URB;5.0;Ramon y Cajal E-O - Principe Vergara-Rodriguez Marin;-3.6782246379259202;40.45169669643742
3919;URB;5.0;Ramon y  Cajal O-E - La Pedriza-Padre Claret;-3.6664724358076892;40.45227429407131
3920;URB;5.0;Alfonso XIII S-N - Carlos Pereira-Ramon y Caja;-3.6675356530423793;40.45139745949463
3921;URB;5.0;Ramon y Cajal(En el Puente) E-O - M-30 -Pº de los  Jacintos;-3.663889792363263;40.45300783538192
3922;URB;5.0;Padre Claret S-N - Carlos Pereyra-Ramon y Cajal;-3.665489521518462;40.45200131359
3925;URB;5.0;Dr.Arce, 11 N-S - Nervion-Pl. Republica Argentina;-3.683761590614974;40.44567593851891
3927;URB;5.0;Pl. Cataluña (Isleta Central) O-E - Dr.Arce-Principe Vergara;-3.6787363554066475;40.448647273122894
3928;URB;5.0;(TACTICO) Doctor Arce O-E - Delante Grupo 6;-3.6826316526924696;40.445984781525844
3604;URB;5.0;(TACTICO) Pl. Cataluña S-N -  Extensiones Grupo 7;-3.6775475482859474;40.44879349124124
10078;URB;5.0;Puerto Rico N-S - Uruguay -Pl. Virgen Guadalupana;-3.6745307349092613;40.452773975653585
10076;URB;5.0;Ramón y Cajal E-O - Pardo Bazán-Pl.Virgen Guadalupana;-3.672647776001018;40.45190416644114
3606;URB;5.0;Serrano, 218 N-S - Pl. Republica del Salvador-Concha Espina;-3.6809193380555802;40.45250586284698
3933;URB;5.0;Lopez de Hoyos, 21 E-O - Velazquez-Maria Molina;-3.684124052633597;40.438552840527954
3934;URB;5.0;Concha Espina, 39 O-E - Pl. Sagrados Corazone-Serrano;-3.683307321058206;40.45170701675032
3935;URB;4.0;Eduardo Dato O-E - Gta. Ruben Dario-Serrano;-3.6873796064824385;40.43298412417056
3936;URB;3.0;(AFOROS) Alcala O-E - Pl. Cibeles-Pl. Independencia;-3.691535871459137;40.41953718948086
3937;URB;4.0;Serrano N-S - General Oraa-Diego de Leon;-3.6864520207354317;40.43619292199239
3938;URB;4.0;Serrano N-S - Maldonado-Juan Bravo;-3.6866466477926187;40.43391389067327
3942;URB;4.0;Hermanos Becquer N-S - General Oraa-Serrano;-3.687346575261833;40.43600881686771
3943;URB;4.0;Hermanos Becquer S-N - Serrano-General Oraa;-3.687175195507576;40.436018585477115
3945;URB;4.0;Ayala E-O - Serrano-Pº Castellana;-3.6876359753718946;40.42788998277566
3798;URB;4.0;Serrano N-S - Recoletos-Pl. Independecia;-3.688592365939608;40.421031262090224
3697;URB;4.0;Alcala E-O - Lagasca-Pl. Independencia;-3.6861831625387;40.420564085616384
3947;URB;3.0;Alfonso XII S-N - Montalban-Pl. Independencia;-3.6887998974600937;40.41790756136279
3948;URB;4.0;Maria Molina O-E - Claudio Coello-Lagasca;-3.6850342133371443;40.43768166957822
3578;URB;4.0;Serrano N-S - Goya-Jorge Juan;-3.6879307225305498;40.425027537641334
4223;URB;4.0;Jorge Juan O-E - Pº Castellana-Serrano;-3.6894572497749776;40.42431791456434
10048;URB;5.0;Serrano 191 N-S - Turia - Cidacos;-3.681976411700147;40.4508379267967
10049;URB;5.0;Serrano 206 S-N - Cinca - Turia;-3.6819078289880784;40.4507970049718
10050;URB;5.0;Cinca 6 E-O - Sil - Serrano;-3.681589739570158;40.44998565988263
10812;URB;4.0;Goya E-O(Giro a Serrano) - Claudio Coello -Serrano;-3.686721674794076;40.425321927372586
10018;URB;3.0;(AFOROS) Alcala O-E - Pl. Cibeles-Pl. Independencia;-3.69129446954401;40.41956240813712
3950;URB;4.0;Francisco Silvela, 76 S-N - Mejico-Coslada;-3.676012859541287;40.43622159452753
3952;URB;5.0;Principe Vergara, 131 N-S - Lopez Hoyos - Gomez Ortega;-3.678620848204456;40.442873510537524
3953;URB;5.0;Lopez Hoyos, 74 E-O - Gomez Ortega-Principe Vergara;-3.677424765283406;40.44197159751877
3954;URB;5.0;Principe Vergara S-N - Francisco Silvela-Lopez Hoyos;-3.678812747214162;40.440254141651515
10606;URB;5.0;Velazquez N-S - Lopez Hoyos -Maria Molina;-3.683080298977187;40.438539835479546
4225;URB;4.0;Maria Molina (Debajo Tunel) O-E - Serrano-Velazquez;-3.6844376484350354;40.4377068221889
9893;URB;4.0;Velazquez S-N -  Villanueva-Jorge Juan;-3.6843169489795975;40.42280924177137
3958;URB;5.0;Principe Vergara, 103 N-S - Francisco Silvela-Maria Molina;-3.679100996914065;40.438323972035946
3757;URB;4.0;Velazquez S-N - Maldonado-Diego de Leon;-3.683379556915574;40.43419359958733
3959;URB;4.0;Velazquez S-N - General Oraa-Maria Molina;-3.6832495652250232;40.436265502540536
3720;URB;4.0;(AFOROS) Velazquez, 24 S-N - Jorge Juan -Goya;-3.684157489698537;40.42409152873049
9890;URB;4.0;Velazquez S-N - (Hermosilla -Ayala;-3.6840142173171033;40.426742622271554
3961;URB;5.0;Lopez Hoyos, 38 O-E - Pedro Valdivia-Gta. Lopez Hoyos;-3.682286595104727;40.43939767224944
3497;URB;5.0;Lopez Hoyos, 28 S-N - Lagasca-Velazquez;-3.683532460409855;40.438770380417274
3434;URB;5.0;Velazquez S-N - Maria Molina-Lopez Hoyos;-3.683018347839082;40.43804435279764
3435;URB;4.0;Maria Molina, 40 O-E - Velazquez-Nuñez de Balboa;-3.6827973882366214;40.43759151702011
3962;URB;4.0;Juan Bravo  E-O - Nuñez de Balboa-Velazquez;-3.682380395158106;40.43285990265972
3963;URB;4.0;Juan Bravo, 8 O-E - Claudio Coello-Lagasca;-3.6851289057747407;40.43283797812313
3964;URB;4.0;Velazquez, 90 S-N - Padilla-Juan Bravo;-3.683598801548533;40.43165405299823
3965;URB;4.0;Velazquez, 74 S-N - Ramon de la Cruz-Ortega y Gasset;-3.683802413741662;40.42921436372313
3966;URB;5.0;Lopez Hoyos, 27 N-S - Gta. Lopez Hoyos-Velazquez;-3.6812508875461556;40.44017036845751
3967;URB;5.0;Maria Molina, 31 E-O - Nuñez de Balboa-Velazquez;-3.6819336945416477;40.437640890017065
3969;URB;5.0;Maria Molina E-O - Fco. Silvela-Principe Vergara;-3.6782288135201666;40.43744166938782
3970;URB;5.0;Francisco Silvela N-S - Principe Vergara-Maria Molina;-3.678367230259341;40.43813409184817
3972;URB;4.0;Diego de Leon O-E - Lagasca-Velazquez;-3.6842487909436272;40.43496304814046
3973;URB;5.0;Principe Vergara N-S - Lopez Hoyos-Francisco Silvela;-3.6789219780317794;40.440662996537995
3974;URB;5.0;Francisco Silvela S-N - Av. America-San Fdo.del Jarama;-3.677711184924415;40.43787246035446
3975;URB;5.0;Principe Vergara S-N - Maria Molina-Francisco Silvela;-3.6790586661336118;40.43769467806811
3977;URB;5.0;Francisco Silvela E-O - Principe Vergara-Lopez Hoyos;-3.679625158429154;40.43971767858198
3978;URB;5.0;Lopez de Hoyos E-O - Principe Vergara- Gta.Lopez Hoyos;-3.679097295209489;40.44121615925186
3979;URB;4.0;Jose Ortega y Gasset, 13 E-O - Claudio Coello-Serrano;-3.6859922678476855;40.43042403174475
3980;URB;4.0;Jose Ortega y Gasset, 16 O-E - Lagasca-Velazquez;-3.68459153287363;40.43033097446785
3981;URB;4.0;Velazquez S-N (Lateral) - General Oraa-Maria Molina;-3.6831307037678616;40.43624288529849
3982;URB;4.0;Velazquez S-N (Entrada Tunel) - General Oraa-Maria Molina;-3.6831906093745195;40.436240709451496
4014;URB;4.0;Hermosilla a 50 mts G.2 O-E - Lagasca - Velazquez;-3.6848403443580025;40.42637409675382
9892;URB;4.0;Velazquez S-N - Diego de León-Gral.Oraá;-3.683279036659349;40.43535636981894
3949;URB;5.0;Joaquin Costa 26 O-E - Pl. Republica Argentina - Velazquez;-3.68373324459304;40.443397648590086
3951;URB;5.0;Joaquin Costa 55 E-O - Gta. Lopez de Hoyos - Velazquez;-3.6810889824510027;40.44107251590867
10607;URB;5.0;Velázquez N-S - Oquendo -López de Hoyos;-3.6829301103730883;40.440199341856136
3957;URB;5.0;Joaquin Costa 70 O-E - Velazquez - Gta. Lopez de Hoyos;-3.681467492964847;40.44119287856657
9895;URB;5.0;Joaquin Costa E-O - Velazquez-República Argentina;-3.6830760529514204;40.44292233625042
3992;URB;4.0;Francisco Silvela N-S - Maria Molina-Diego de Leon;-3.676131415183006;40.43609708422019
3994;URB;4.0;Conde Peñalver, 14 S-N - Hermosilla-Ayala;-3.6755800751940675;40.426269904565025
3607;URB;4.0;(AFOROS) Francisco Silvela N-S - Maldonado-Juan Bravo;-3.6733139063179;40.43335108380145
3996;URB;4.0;Juan Bravo 64 O-E - Alcantara -Francisco Silvela;-3.673368008985843;40.432297580909854
3579;URB;4.0;Conde Peñalver N-S - Maldonado-Juan Bravo;-3.675047820501382;40.43333839937796
3997;URB;4.0;Conde Peñalver, 64 S-N - Padilla-Juan Bravo;-3.6751577407795155;40.431187699036904
3612;URB;4.0;Conde Peñalver, 60 N-S - Padilla-Jose Ortega y Gasse;-3.6752310745448944;40.43090053104605
3613;URB;4.0;Conde Peñalver S-N - D. Ramon de la Cruz-Jose Ortega y Gasset;-3.6753539004161695;40.42879606441271
3998;URB;4.0;Jose Ortega y Gasset O-E - Gral. Diaz Polier-Conde Peñalver;-3.676407938491272;40.429926175882024
3999;URB;4.0;Jose Ortega y  Gasset, 67 E-O - Alcantara-Conde Peñalver;-3.673835820985691;40.42983391892084
4000;URB;4.0;Jose Ortega y Gasset E-O - Montesa-Martires Concepcionistas;-3.6721225735248106;40.42972834479603
4001;URB;4.0;Juan Bravo, 69 E-O - Alcantara-Conde Peñalver;-3.67360361036728;40.43242296805965
10013;URB;4.0;Francisco Silvela N-S - Padilla-Ortega y Gasset;-3.67147166083553;40.431206459981
10192;URB;4.0;Conde Peñalver N-S - Diego de León-Maldonado;-3.6750132350495646;40.434093943270376
10193;URB;4.0;Conde Peñalver N-S(Giro a Maldonado) - (Diego de León-Maldonado);-3.674960470994973;40.43408485933259
4002;URB;4.0;Goya, 54 O-E - General Pardiñas-General Diaz Porlier;-3.678267056032391;40.42488085096679
4003;URB;4.0;Principe de Vergara N-S - Hermosilla-Goya;-3.680133342220096;40.42597243588067
4004;URB;4.0;Diego de Leon, 38 O-E - Castello-Principe de Vergara;-3.6805288664714197;40.43477875620345
4005;URB;4.0;(AFOROS)Jose Ortega y Gasset 45 E-O - Gral. Diaz Polier-Ppe.Vergara;-3.6777535030892663;40.43005827968387
4006;URB;4.0;(AFOROS)Jose Ortega y Gasset 45 O-E - Ppe. Vergara-Gral. Diaz Polier;-3.6778385233640436;40.42999013465032
5081;URB;4.0;Principe de Vergara, 85 N-S - General Oraa-Diego de Leon;-3.679326761812054;40.43580448852738
4009;URB;4.0;Principe Vergara, 54 S-N - Padilla-Juan Bravo;-3.6795672604819094;40.43151750914856
4011;URB;4.0;Principe Vergara S-N - D.Ramon de la Cruz-Jose Ortega y Gasset;-3.67977540663826;40.42906638941495
4012;URB;4.0;Diego de Leon, 23 O-E - Nuñez Balboa-Velazquez;-3.6822146464486387;40.43490928590508
4013;URB;4.0;Diego de Leon, 51 E-O - General Pardiñas-Ppe. Vergara;-3.677990105769582;40.434691186366294
4015;URB;4.0;Goya, 34 O-E - Castello-Principe de Vergara;-3.6812848055352414;40.425032413180816
10098;URB;4.0;Principe Vergara N-S - Diego León -Gral Oraá;-3.6792740315315293;40.434977052764964
10099;URB;4.0;Principe Vergara N-S(Giro a Maldonado) - Diego León-Maldonado;-3.6794565347035726;40.433878166793285
10100;URB;4.0;(MICRO)Principe Vergara S-N - Marqués Salamanca-Padilla;-3.679617829330517;40.431244839169814
10101;URB;4.0;(MICRO)Principe Vergara S-N - Hermosilla -Ayala;-3.679958883638206;40.42734213599893
10102;URB;4.0;(TACTICA)Principe Vergara N-S(Giro a Hermosilla) - Ayala-Hermosilla;-3.680072727411902;40.42630569274054
10170;URB;4.0;Ppe. Vergara N-S(Giro a Gral Oraá) - Maria Molina-Gral Oraá;-3.6792654078190807;40.43621689991084
4018;URB;4.0;Lateral M-30 N-S - Salida Puente Ventas-Pl. Toros;-3.660965833295755;40.43233504183621
4019;URB;15.0;Lateral M-30 S-N - Salida Puente Ventas-Ciudad Lineal;-3.660280619459037;40.43031959692017
3753;URB;4.0;Alcala E-O - Montesa-Hermosilla;-3.6726746121711167;40.42623284603926
4021;URB;4.0;Alcala O-E - Jorge Juan-Felipe II;-3.678165643099598;40.42364512006923
4022;URB;3.0;O´Donnell O-E - Alcala-Av. Menendez Pelayo;-3.6812712864253507;40.42137721101437
4023;URB;4.0;Fco. Silvela N-S - Jose Ortega y Gasset-Pl. Manuel Becerra;-3.669993343515567;40.429297032583186
4024;URB;4.0;Conde de Peñalver N-S - Ayala-Hermosilla;-3.675562962537577;40.42711602107897
4026;URB;4.0;O´Donnell E-O - Aguirre-Alcala;-3.681338981351082;40.42141983400978
4027;URB;4.0;Alcala O-E - Velazquez-O´Donnel;-3.683387943610647;40.421144695620534
4030;URB;4.0;Dr. Gomez Ulla E-O - Ruiz Perello-Pl. Manuel Becerra;-3.668068851970195;40.429449774700444
4031;URB;4.0;Alcala E-O - Cardenal Belluga-Pl. Manuel Becerra;-3.666493795544046;40.42921740439866
4032;URB;4.0;Alcala O-E - Pl. Manuel Becerra-Rufino Blanco;-3.6673704728420713;40.428725269196434
4033;URB;4.0;Dr. Esquerdo S-N - Marques Zafra-Pl. Manuel Becerra;-3.6683644394320556;40.427058009246174
4035;URB;4.0;Alcala E-O - Pl. Manuel Becerra-Ayala;-3.6700419124588364;40.42750275625733
3616;URB;4.0;Fco. Silvela S-N - Jose Ortega y Gasset-Pl. Manuel Becerra;-3.6699359379851924;40.42962771342308
4036;URB;4.0;Alcala, 213 O-N - Rufino Blanco-Bocangel;-3.665864490496621;40.42945466657903
4037;URB;4.0;Julio Camba, 5 N-S - Av. Toreros-Alcala;-3.6641614832835643;40.43120123263214
4040;URB;4.0;Goya O-E - Fuente del Berro-Dr. Esquerdo;-3.670818927600425;40.42451985379245
4041;URB;4.0;Narvaez N-S - Jorge Juan-Duque de Sesto;-3.6758789772031686;40.42317216255646
4042;URB;4.0;Narvaez S-N - Duque de Sesto-Jorge Juan;-3.6758713273710724;40.42256122726329
4043;URB;4.0;Principe de Vergara S-N - Jorge Juan-Goya;-3.6802189887925643;40.42375162997686
4044;URB;4.0;Jorge Juan O-E - Principe Vergara-General Pardiñas;-3.6800242150322493;40.423569110029284
4045;URB;4.0;Principe de Vergara N-S - Jorge Juan-Alcala;-3.68033429271479;40.4235259002686
4047;URB;4.0;Jorge Juan O-E - Fernan Gomez-Maiquez;-3.6727902634094427;40.42324783176418
4048;URB;4.0;Tunel O´Donnell O-E(Salida M-30) - ;-3.683457115132869;40.42101096273215
9888;URB;4.0;Jorge Juan O-E - Castelló-Principe Vergara;-3.681280146051333;40.42364769857724
10103;URB;4.0;Principe Vergara N-S(Giro a Jorge Juan) - Goya -Jorge Juan;-3.680295446967682;40.423751942449
4052;URB;4.0;O´Donnell, 45 E-O - Fernan Gonzalez-Narvaez;-3.674548806083234;40.421498505875704
4053;URB;4.0;O´Donnell, 21 E-O - Lope de Rueda-Antonio Acuña;-3.6777348932937404;40.421646990452196
4055;URB;3.0;O´Donnell, 16 O-E - Lope de Rueda-Narvaez;-3.677354701667488;40.421571915692276
4060;URB;3.0;Menendez Pelayo N-S - Sainz de Baranda-Puerta Granada;-3.6771065371980582;40.4135218703595
4061;URB;3.0;Menendez Pelayo N-S - Conde de Cartagena-Pl. Mariano Cavia;-3.677951130234819;40.408885370503405
4062;URB;3.0;Nazaret E-O - Samaria-Reyes Magos;-3.674171155190175;40.41106565934154
4064;URB;3.0;Narvaez N-S - Menorca-Ibiza;-3.6761832017821194;40.41933578830811
3609;URB;3.0;Menendez Pelayo N-S - (Pio  Baroja-Niño Jesus(Puerta Granada);-3.67677611120181;40.412435266030826
3610;URB;3.0;Menendez Pelayo N-S - Giro Izqda. Pl. Niño Jesus;-3.676727835130543;40.41244379419676
4066;URB;3.0; Menendez Pelayo S-N - Pl. Niño Jesús -Pio Baroja;-3.676388837703189;40.41174001893218
4067;URB;3.0;Narvaez S-N - Doctor Castelo-O´Donnell;-3.676053493429282;40.42055347969122
4070;URB;4.0;(TACTICO) Fernan Gonzalez N-S - Duque Sesto-O´Donnell;-3.6743692597774054;40.42166711727247
4071;URB;4.0;Av. Menendez Pelayo N-S - Alcala-O´Donnell;-3.680088292184039;40.42183344491151
4073;URB;4.0;(TACTICO) Antonio Acuña N-S - Duque de Sesto-O´Donnell;-3.6789096041920613;40.421901251746114
4074;URB;3.0;(TACTICO) Antonio Acuña S-N - Doctor Castelo-O´Donnell;-3.6789464671877576;40.42141998174747
4076;URB;3.0;O´Donnell O-E - Fernan Gonzalez-Maiquez;-3.6740678343163835;40.421405065187045
4077;URB;3.0;(TACTICO) Maiquez S-N - Ibiza-O´Donnell;-3.6728582271269805;40.421130530842824
3764;URB;3.0;Narvaez, 33 S-N - Sainz de Baranda-Ibiza;-3.67630684708818;40.41722720164987
10080;URB;3.0;Menéndez Pelayo S-N - Doce Octubre-Alde.Sainz Baranda;-3.6780316692869404;40.41634202652074
10082;URB;3.0;Menéndez Pelayo N-S - Ibiza -Alde.Sainz de Baranda;-3.678525182588311;40.417442144070584
10083;URB;3.0;Narvaez S-N - Doce de Octubre-Alde Sainz Baranda;-3.6763831942263354;40.416169790195276
10084;URB;3.0;Alde. Sainz Baranda E-O - Narváez-López de Rueda;-3.6766846935671356;40.41704599337733
4379;URB;7.0;Guzmán el Bueno, 54 N-S - Donoso Cortés-Fernández de los Rios;-3.7130903057548355;40.43623504562412
4382;URB;1.0;Alberto Aguilera O-E - Serrano Jover-Mártires Alcalá;-3.7129616464584836;40.4302454775541
4385;URB;1.0;Alberto Aguilera O-E - Princesa-Serrano Jover;-3.715478093115561;40.43053062533814
4386;URB;1.0;(AFOROS) Alberto Aguilera O-E - Conde Duque-Acuerdo;-3.7078310270823898;40.42974193924648
4400;URB;1.0;Carranza O-E - San Bernardo -Fuencarral;-3.704596651426686;40.42935466390776
4388;URB;7.0;Alberto Aguilera E-O - Vallehermoso-Galileo;-3.709883717209773;40.430037827057674
4389;URB;1.0;Alberto Aguilera O-E - Mártires Alcalá-Baltasa Gracián;-3.7103918332411396;40.42999777080045
7067;URB;7.0;Alberto Aguilera E-O - San Bernardo-Vallehermoso;-3.706762485929703;40.429719922738734
4390;URB;1.0;San Bernardo N-S - Esquina Sta Cruz de Marcenado;-3.7060900761651583;40.42879039769801
3619;URB;7.0;Guzmán el Bueno N-S - Fdez de los Rios -Andres Mellado;-3.7131607201710546;40.435189768023044
4392;URB;1.0;San Bernardo S-N - Divino Pastor-Malasaña;-3.7061695355688316;40.428202599192
3620;URB;1.0;San Bernardo S-N - Travesia Pozas-Espiritu Santo;-3.707290820857012;40.425601583260296
4393;URB;1.0;San Bernardo N-S - Noviciado-Reyes;-3.7074417008191642;40.42516391659108
4394;URB;1.0;(TACTICO) Noviciado O-E - Norte-San Bernardo;-3.707572344239147;40.425581356399334
4395;URB;1.0;San Bernardo S-N - Luna-Travesia Cruz Verde;-3.7074633505586188;40.42327023848646
5130;URB;7.0;Alberto Aguilera E-O - Guzmán el Bueno-Andrés Mellado;-3.714538339005342;40.43051078562605
4402;URB;1.0;Serrano Jover N-S( Lateral Izquierdo) - Alberto Aguilera-Sta Cruz de Marcenado;-3.7141311088306823;40.43019420869755
10217;URB;7.0;Alberto Aguilera, 44 E-O(Entrada Tunel) - Blasco de Gara-Guzmán el Bueno;-3.712268724637732;40.43025892772914
10259;URB;1.0;San Bernardo N-S - Daoiz -Palma;-3.706554579362029;40.42698824824516
10498;URB;7.0;Fernando el Católico E-O  - Guzmán el Bueno-Andrés Mellado;-3.7137193492711496;40.43428742904373
10499;URB;7.0;Andrés Mellado S-N - Meléndez Valdés - Fernando el Católico;-3.714439877934946;40.4338208752478
4398;URB;1.0;(MICRO) Gta. Ruiz Gimenez E-O(Delante G. 5) - (MICRO) Gta. Ruiz Gimenez E-O(Delante G. 5);-3.705519521396126;40.42950863674944
4403;URB;7.0;Fernández de los Rios, 12 O-E - Vallehermoso-Bravo Murillo;-3.70550873779779;40.43493903507994
4404;URB;7.0;Bravo Murillo, 11 N-S - Fernández de los Rios-Gta.Quevedo;-3.704329444108741;40.43480344531412
4405;URB;7.0;Eloy Gonzalo, 27 E-O - Santisima Trinidad-Gral.Alvarez Castro;-3.7004024888371396;40.43455962159062
4406;URB;7.0;Fuencarra, 146 S-N - Gonzalo de Córdoba-Gta. Quevedo);-3.703849765735827;40.432570539035616
4408;URB;7.0;San Bernardo, 126 S-N - Jerónimo de la Quintana-Gta. Quevedo;-3.7047332672972737;40.432438478834165
4409;URB;7.0;Bravo Murillo, 25 N-S - Donoso Cortés-Fdez.de los Rios;-3.70429211778783;40.435872965958374
4410;URB;7.0;Fuencarral, 117 S-N - Sandoval-Gta. Bilbao;-3.702712688202442;40.42989126173962
4412;URB;7.0;Francisco de Rojas, 5 N-S - Luchana-Sagasta;-3.6996361468544112;40.42922020309914
4413;URB;7.0;Sagasta, 13 E-O - Francisco de Rojas-Gta. Bilbao;-3.7000717541481194;40.428598664475395
4414;URB;7.0;Eloy Gonzalo, 10 N-S - Cardenal Cisneros-Gta. Quevedo;-3.7028814249282846;40.43395419259572
4416;URB;7.0;Gonzalo de Córdoba E-O - Cardenal Cisneros-Fuencarral;-3.7030575948360864;40.432253400443926
4417;URB;1.0;Sagasta, 2 O-E - Gta. Bilbao-Mejia Lequerica;-3.7015740366240104;40.42885364300516
3748;URB;7.0;Luchana S-N - Manuel Silvela -Santa Engracia;-3.698657553520274;40.43170673455152
4418;URB;7.0;San Bernardo N-S - Gta. Quevedo-Carranza;-3.7052953122324443;40.431099542014145
4419;URB;7.0;(AFOROS) Cea Bermúdez, 30 O-E - Galileo-Vallehermoso;-3.709508538576011;40.43885245429624
4421;URB;7.0;Cea Bermúdez, 4 O-E - Boix y Morer-Bravo Murillo;-3.706469427658117;40.438742182823596
3693;URB;7.0;Bravo Murillo N-S - Av. Islas Filipinas-José Abascal;-3.704172894644062;40.43970520212172
3694;URB;7.0;Fernando el Catolico E-O - Blasco de Gara-Guzmán el Bueno;-3.7116981502688295;40.43415094288683
4422;URB;7.0;Vallehermoso, 18 S-N - Rodriguez San Pedro-Arapiles;-3.708877400781271;40.43176834866371
4425;URB;7.0;Fernando el Cátolico, 10 E-O - Escosura-Vallehermoso;-3.7075011773865443;40.43387881362992
9977;URB;7.0;Cea Bermudez - Blasco Garay-Galileo;-3.710813785626706;40.43888205303628
4423;URB;7.0;Meléndez Valdés O-E - Galileo -Vallehermoso;-3.709804769984903;40.43290207439199
10022;URB;7.0;Vallehermoso S-N -  Meléndez Valdés -Fernando el Católico;-3.70873623591134;40.43327784421054
10057;URB;7.0;Blasco de Garay S-N - Meléndez Valdés-Fernando el Católico;-3.711598399694321;40.433176323057516
10066;URB;7.0;Fernando el Católico E-O - Galileo -Blasco de Garay;-3.7105768145592033;40.43408256896907
10605;URB;7.0;Rodríguez San Pedro E-O -  Galileo-Blasco de Garay;-3.7112666913891528;40.431713779357956
4426;URB;7.0;Miguel Angel, 23 N-S - Garcia de Parede-Martinez Campos;-3.6912701266403656;40.43638531111132
4427;URB;7.0;Gral. Martinez Campos E-O - Fdez.de la Hoz-Modesto Lafuente;-3.6950120362895267;40.43507746447024
4428;URB;7.0;Gral. Martinez Campos, 24 O-E - Fdez. de la Hoz-Zurbano;-3.694655386052047;40.43504480208261
4429;URB;7.0;Eduardo Dato,33 E-O - Pº Castellana-Gta Ruben Dario;-3.6895523551356324;40.43304363573047
4430;URB;7.0;Eduardo Dato, 2 E-O - Fernández de la Hoz-Santa Engracia;-3.6959249954204756;40.4327533673683
4431;URB;7.0;Eduardo Dato, 6 O-E - Zurbano-Gta. Ruben Dario;-3.692993880771518;40.432875805751195
4432;URB;7.0;Almagro, 42 S-N - Marqués de Riscal-Gta. Ruben Dario;-3.6917012578964243;40.43219457937688
3407;URB;7.0;Santa Engracia, 26 S-N - Caracas-Pl. Chamberi;-3.6970884969902844;40.431178455635624
4433;URB;7.0;José Abascal, 52 O-E - Alvarez de Castro-Santa Engracia;-3.70203039813358;40.438565575828164
4415;URB;7.0;Eloy Gonzalo, 24 O-E - Trafalgar-Gta.Pintor Sorolla;-3.701409042428802;40.43425949986549
3622;URB;7.0;(AFOROS) José Abascal, 44 O-E - Fernández de la Hoz-Zurbano;-3.694134263881557;40.4381649913947
4439;URB;7.0;Santa Engracia, 103 S-N - Ponzano-José Abascal;-3.6996778973118563;40.43715115411887
4441;URB;7.0;José Abascal, 30 O-E - Alonso Cano-Modesto Lafuente;-3.6973354733028976;40.43833776509938
4442;URB;7.0;José Abascal, 52 O-E - Zurbano-Migeul Angel;-3.6927842252662795;40.4381147238568
4444;URB;4.0;Pº Castellana S-N - López de Hoyos-Pl. Gregorio Marañón;-3.6895017246314143;40.43637214173047
4445;URB;7.0;(TACTICO) Modesto Lafuente N-S - Viriato-Gral. Martínez Campos;-3.696489305553729;40.43531159310727
4446;URB;7.0;Gral. Martínez Campos,13 E-O - Modesto Lafuente-Alonso Cano;-3.696694904435642;40.43503198314243
4447;URB;7.0;Gral. Martínez Campos, 36 O-E - Zurbano-Miguel Angel;-3.693025375192544;40.4350858759233
4448;URB;7.0;Miguel Angel S-N - Rafael Calvo-Gral. Martínez Campos;-3.6912450689235268;40.434172202194894
4449;URB;7.0;Miguel Angel N-S - Rafael Calvo-Eduardo Dato;-3.6913122201067208;40.43397206306967
4450;URB;7.0;Eduardo Dato, 4 O-E - Fernández de la Hoz-Zurbano;-3.694730385573408;40.432808665369436
3674;URB;7.0;Eduardo Dato, 12 E-O - Gta. Ruben Dario-Alfonso X;-3.6920972413659805;40.43294883115412
4451;URB;7.0;(TACTICO) Garcia Paredes E-O - Castellana-Miguel Angel;-3.6909562720299345;40.436517060284196
4452;URB;7.0;Gral. Martínez Campos E-O - Emilio Castelar-Miguel Angel;-3.6898299265078176;40.435218346091496
4453;URB;7.0;Gral. Martínez Campos O-E - Gta. Pintor Sorolla-Fdez. de la Hoz;-3.6980033525965696;40.43494817946741
7071;URB;5.0;Pº Castellana S-N - José Abascal - Rios Rosas;-3.6910975584891617;40.43919640983349
4464;URB;7.0;Santa Engracia ,115 S-N - Bretón de los Herreros - Rios Rosas;-3.7012205392899595;40.44068863505911
4454;URB;7.0;(AFOROS) Bravo Murillo, 75 N-S - Cristóbal Bordiu-Rios Rosas;-3.7040711867584357;40.44314274802042
4455;URB;7.0;Rios Rosas, 28 E-O - Ponzano-Santa Engracia;-3.6992917342694915;40.44193770203933
4456;URB;7.0;Rios Rosas, 72 E-O - Santa Engracia - Bravo Murillo;-3.7022504962274514;40.44204733903141
4457;URB;7.0;Modesto Lafuente, 40 N-S - Cristóbal Bordiu-Rios Rosas;-3.6959218822540083;40.44265198108121
4459;URB;7.0;Agustín de Bethancourt, 7 N-S - Cristóbal Bordiu-Rios Rosas;-3.694831900951533;40.44253654843434
4460;URB;7.0;(MICRO) Pl. San Juan de la Cruz  E-O (P.M.7) - Zurbano-Agustín de Bethancourt (P.M.7);-3.693160561316482;40.441366808807686
4461;URB;7.0;Pº Castellana N-S - Pl. San Juan de la Cruz-Bretón de los  Herreros;-3.691417801698922;40.4398896571484
4462;URB;7.0;Pº Castellana N-S - Entrada Pl. San Juan de la Cruz;-3.691748413097327;40.44245142567904
4465;URB;7.0;(MICRO) Pl. San Juan de la Cruz N-S (P.M.3)(Delante G.2) - (MICRO) Pl. San Juan de la Cruz N-S (P.M.3)(Delante G.2);-3.6919407690865143;40.44097479819991
4466;URB;7.0;(MICRO) Pl. San Juan de la Cruz N-S(Delante G.1) (P.M.4) - (MICRO) Pl. San Juan de la Cruz N-S(Delante G.1) (P.M.4);-3.6919449917150833;40.44133824625579
4468;URB;7.0;(MICRO) Pl. San Juan de la Cruz E-O(Delante G.14) (P.M.6) - (MICRO) Pl. San Juan de la Cruz E-O(Delante G.14) (P.M.6);-3.6924356000559646;40.441279161133544
4469;URB;7.0;(MICRO) Pº Castellana N-S(Delante G.3,salida) (P.M.1) - (MICRO) Pº Castellana N-S(Delante G.3,salida) (P.M.1);-3.691617655135789;40.44040291973502
5422;URB;8.0;Av.Betanzos S-N - Av.Monforte de Lemos-Av.Ilustración;-3.712409164132915;40.478642755127815
5423;URB;8.0;Av.Ilustración O-E - M-30 -Av.Betanzos;-3.7142854818244584;40.479708211292
5424;URB;8.0;(AFOROS)Av.Ilustración E-O - Centro Cívico-Av.Betanzos;-3.711075023950629;40.480739193010265
5425;URB;8.0;(AFOROS)Av.Ilustración O-E - Av.Betanzos-Centro Cívico;-3.7110650589301946;40.48063443468495
5426;URB;8.0;Av.Ilustración O-E - Centro Cívico-Ginzo de Limia;-3.7068764983679974;40.481506687961016
5427;URB;8.0;Av.Ilustración E-O - Arzobispo Morcillo-Ginzo de Limia;-3.703004889548649;40.482678175393964
5428;URB;8.0;Av.Ilustración O-E  - Ginzo de Limia-Arzobispo Morcillo;-3.7008973342675158;40.48333661160763
5429;URB;8.0;Av.Ilustración E-O - Nudo Norte-Arzobispo Morcillo;-3.6979827863826715;40.4845604812278
5431;URB;8.0;Ginzo de Limia S-N - Av.Monforte de Lemos-Av.Ilustración;-3.704458625693181;40.4801578621987
5432;URB;8.0;Ginzo de Limia N-S - Fermín Caballero-Av.Ilustración;-3.7057521714793764;40.48293390452665
5433;URB;8.0;Arzobispo Morcillo S-N - Hospital-Av.Ilustración;-3.698824004549151;40.483000512310625
5440;URB;8.0;(TACTICO) Ramón Castroviejo O-E - Pto.Maspalomas-Av.Betanzos;-3.713310999051119;40.47975600580832
5441;URB;8.0;Pedro Rico O-E - Ginzo  Limia-Arzobispo Morcillo;-3.7003784718765456;40.483201089729995
5442;URB;8.0;(TACTICO)Santiago de Compostela E-O - Ginzo de Limia-Centro Cívico;-3.709020893397652;40.481465592228474
5443;URB;8.0;(TACTICO) Pº Vaguada O-E - Centro Cívico-Ginzo de Limia;-3.705794997284318;40.48143789169187
10031;URB;8.0;Narcís Monturiol N-S - Sangenjo-Av. Ilustración;-3.700186977970077;40.48471241444229
10463;URB;8.0;Av. Ilustración O-E (Azobispo Morcillo - Nudo Norte) - Azobispo Morcillo - Nudo Norte;-3.6986185314687536;40.48418994182488
3421;URB;6.0;Bravo Murillo E-O - Pl.Castilla-Conde Serrallo;-3.690585880142456;40.46569266635577
7017;URB;6.0;Pº Castellana N-S - San Benito-Pl.Castilla;-3.689222434399814;40.4678456939681
5452;URB;6.0;PºCastellana N-S - Sor Angela de la Cruz-Juán Gris;-3.6902221550612326;40.457742365884954
5454;URB;6.0;PºCastellana N-S - Rafael Salgado-Pl.Lima;-3.6905593248908692;40.454266482599145
5455;URB;6.0;PºCastellana N-S - Pl.Lima-Hermanos Pinzón;-3.6909029909734503;40.45074164388541
5456;URB;6.0;PºCastellana N-S - Gral.Perón-Raimundo Fdez.Villaverde;-3.691170863423617;40.44796361837803
5457;URB;7.0;PºCastellana N-S - Raimundo Fernández Villaverde-Nuevos Ministerios;-3.6914122055042284;40.44578343408062
5458;URB;5.0;PºCastellana S-N - Jorge Manrique-Carbonero y Sol;-3.69133378582581;40.44421449942663
5459;URB;5.0;PºCastellana S-N - Joaquín Costa -Pº de la Habana;-3.691086169524287;40.44729603103257
5460;URB;5.0;PºCastellana S-N - Hermanos Pinzón-Pl.de Lima;-3.690813558690081;40.45010919248197
5461;URB;5.0;Pº Castellana S-N - Concha Espina-Rafael Salgado;-3.690488211627496;40.45347831548017
5462;URB;;(AFOROS)PºCastellana S-N - Pedro Teixeira-San Germán;-3.6903741828738195;40.454653559830376
5464;URB;5.0;PºCastellana S-N - Fco.Gervás-Carlos Maurras;-3.6897611041264167;40.4609549447095
5465;URB;5.0;Lateral PºCastellana S-N - Félix Boix-Pl.Castilla;-3.6891097995055335;40.4642755614931
5467;URB;5.0;(TACTICO) Alberto Alcocer E-O(Giro a Padre Damián E-S) - (TACTICO) Alberto Alcocer E-O(Giro a Padre Damián E-S);-3.6851998037847333;40.4587833518897
5468;URB;6.0;Bravo Murillo O-E - Poeta Joan Maragall-Pl.Castilla;-3.691200603207876;40.46547262020313
5471;URB;5.0;Concha Espina E-O - Pl.Sagrados Corazones-PºCastellana;-3.6865576638848263;40.45188355109079
5472;URB;7.0;Raimundo Fdez.Villaverde O-E - Modesto Lafuente-PºCastellana;-3.692918299100957;40.44619803103806
5474;URB;5.0;Alberto Alcocer E-O - PºCastellana-Doctor Fleming;-3.6891304128225424;40.45894934979184
5475;URB;5.0;Alberto Alcocer O-E - Doctor Fleming -Juán Ramón Jiménez;-3.687831849290336;40.458871135844376
5476;URB;5.0;Alberto Alcocer O-E - Juán Ramón Jiménez-Padre Damián;-3.6864077486090308;40.458793726464116
5477;URB;5.0;Alberto Alcocer E-O - Menéndez Pidal-Padre Damián;-3.6839261448687397;40.458723035294085
5478;URB;5.0;Alberto Alcocer O-E - Padre Damián-Juán Ramón Jiménez;-3.685862422330801;40.45887948501139
5479;URB;5.0;Alberto Alcocer E-O - Juán Ramón Jiménez-Dr.Flemin;-3.686984440363183;40.45894111949384
5480;URB;5.0;Doctor Fleming N-S - Hurtado de Mendoza -Alberto Alcocer;-3.687985133549851;40.45982709986618
5482;URB;5.0;Padre Damián N-S - Juán Hurtado de Mendoza-Alberto Alcocer;-3.685523505224177;40.459561442074275
5484;URB;6.0;(AFOROS)General Perón E-O - PºCastellana-Poeta Joan Maragal;-3.691615083869732;40.45224088379633
5485;URB;6.0;General Perón O-E - Orense -Poeta Joan Maragall;-3.693760375518533;40.45220651414072
5486;URB;6.0;General Perón E-O - Orense-Julián Besteiro;-3.6953962220192;40.452417343322026
5488;URB;6.0;Avila O-E - Lerida-Gabriel Díaz;-3.700945269996297;40.452717395492066
5489;URB;6.0;General Perón O-E - Dulcinea-Fortunata y Jacinta;-3.699073979464409;40.452547213344566
5490;URB;6.0;General Perón O-E - Edgar Neville-Montevideo;-3.6962805418447138;40.45239672229927
5492;URB;6.0;Orense N-S - Fortunata y Jacinta -General Perón;-3.6949692749129825;40.45306969471943
5493;URB;6.0;Orense N-S - General Perón-Reina Mercedes;-3.6950948807240347;40.45196358658215
5494;URB;6.0;Presidente Carmona N-S - Mártires de Paracuellos-Gral.Perón;-3.697265054672372;40.4530943690241
3743;URB;6.0;Gral.Perón E-O(Giro E-S) - Presidente Cármona-AviadorZorita);-3.697475471027618;40.45252161995789
11082;URB;6.0;Infanta Mercedes S-N - Juan de Olías-Salamanca;-3.699216986208359;40.45339951570671
5497;URB;5.0;Segre E-O - Serrano-Concha Espina;-3.684621898831368;40.45114010229088
5498;URB;5.0;Concha Espina E-O - Serrano-Pºde la Habana;-3.684001085659075;40.451811909267455
5500;URB;5.0;Pºde la Habana S-N - Pl.Quito-Segre;-3.6871437942625604;40.45058448621985
5501;URB;5.0;Concha Espina O-E - PºCastellana-Pºde la Habana;-3.688095545602824;40.4519194472706
5502;URB;5.0;Pºde la Habana N-S - Gutiérrez Solana-Pl.Quito;-3.6875425136809366;40.45031353415611
5503;URB;5.0;Pºde la Habana S-N - Hnos.Pinzón-Pl.Quito;-3.6889775004360317;40.44901548609288
5504;URB;5.0;Padre Damián N-S - Rafael Salgado-Concha Espina;-3.686636119261407;40.453023658493755
5508;URB;6.0;Lateral PºCastellana N-S - Sor Angela de la Cruz -Juán Gris;-3.6905153289847275;40.458374346548595
5509;URB;6.0;Lateral PºCastellana N-S - Juán Gris-San Germán;-3.6905964364676533;40.45747922135818
5680;URB;6.0;Juán Gris O-E - Poeta Joan Maragall-PºCastellana;-3.6910509602902386;40.457605608426576
5510;URB;6.0;Aviador Zorita N-S - Gral.Perón -Reina Mercedes;-3.698120736671375;40.4521495458556
5511;URB;6.0;Lateral PºCastellana N-S - Francisco Gervás-Sor Angela de la Cruz;-3.6902924745246035;40.46047777691493
11083;URB;6.0;Fortunata y Jacinta S-N - Fortunata y Jacinta S-N;-3.698729463628986;40.45283546733944
5512;URB;;PºCastellana S-N - San Germán-Pl.Cuzco;-3.6901802181712315;40.45665861665743
5513;URB;6.0;PºCastellana N-S - Estébanez Calderón-Rosario Pino;-3.689688176473323;40.46292518779289
11085;URB;6.0;Gral Perón O-E - Aviador Zorita-Presidente Carmona;-3.6979338853818793;40.452501838244274
7082;URB;7.0;(TACTICO)Salida Edificio Nuevos Ministerios(Delante G.4) - (TACTICO)Salida Edificio Nuevos Ministerios(Delante G.4);-3.6919542530052123;40.4434721905155
7080;URB;5.0;(TACTICO)Entrada Edificio Nuevos Ministerios (Delante G.6) - (TACTICO)Entrada Edificio Nuevos Ministerios (Delante G.6);-3.691530222678772;40.44331836348644
11340;URB;5.0;(TACTICO) CCTV Jorge Manrique E-O - Entrada Lateral Castellana;-3.690590663482771;40.44361750262457
7085;URB;5.0;(TACTICO)Alberto Alcocer E-O(Giro E-S) - Juan Ramón Jiménez - Dr. Fleming ;-3.6877329374319987;40.45892611283032
10469;URB;5.0;(TACTICO) Jorge Manrique E-O - Entrada Lateral Castellana;-3.690807465810177;40.44363202266846
5515;URB;5.0;Mateo Inurria O-E - Pl.Castilla-Gral.López Pozas;-3.6871721953716783;40.46642933803628
5517;URB;5.0;Mateo Inurria O-E - Av.Recuerdo-Pº de la Habana;-3.6806598213489847;40.46750089162176
5518;URB;5.0;Memorial 11 de Marzo 2004 O-E - Duque de Pastrana-Av.Pio XII;-3.6759024212562275;40.467569428815615
5519;URB;5.0;Memorial 11 de Marzo 2004 O-E - Av.Pio XII-Comandante Franco;-3.6733863488656353;40.466802408778015
5564;URB;5.0;Alfonso XIII E-O - Bonetero-Francisco de Goya;-3.67950114887733;40.46033120077443
5565;URB;5.0;Fray Bernardino Sahagún E-O - Arenal Maudes-Pl.Madre Molas;-3.6843711697119828;40.462355919670735
5567;URB;5.0;Fray Bernardino Sahagún O-E - Manuel Benedito-Menendez Pidal;-3.6820247647641344;40.46091027974022
5568;URB;5.0;Pº de la Habana N-S - José Rdguez.Pinilla-Pl.Presidente Cárdenas;-3.6805788936355763;40.46141279919863
5569;URB;5.0;Pº de la Habana S-N - Ntra.Sra.de Luján-Honduras;-3.6815221570831627;40.459189583932435
5570;URB;5.0;Padre Damián S-N - Henri Dunant-Pl.Madre Molas;-3.6852451654604894;40.46160745738504
5571;URB;5.0;Pº de la Habana N-S - Honduras -Domingo Fernández;-3.681397329487591;40.45947226549962
5572;URB;5.0;Pº de la Habana N-S - Veracruz-Romero Girón;-3.6812944079030343;40.45729797364037
5573;URB;5.0;Pº de la Habana S-N - Herreros de Tejada-Ramón de Santillán;-3.681643869879429;40.45580498534424
5574;URB;5.0;Pº de la Habana S-N - Veracruz-Alberto Alcocer;-3.68163006420557;40.457763601988766
5575;URB;5.0;Alberto Alcocer E-O - Víctor Andrés Belaunde-Pº de la Habana;-3.6808308718556932;40.45867563081612
5576;URB;5.0;Alberto Alcocer O-E - Lígula-Condes de Val;-3.6833945378196784;40.45858927500737
5577;URB;5.0;Potosi E-O - Víctor Andrés Belaunde-Herreros de Tejada;-3.680177577554793;40.45670160925654
5578;URB;5.0;Potosi O-E - Pº de la Habana-Ramiro Girón;-3.6807925165016195;40.45647354252426
5609;URB;5.0;Princip de Vergara N-S - Pl.República Dominicana-Potos;-3.6769434714075837;40.45797037954473
5610;URB;5.0;Serrano N-S - Pl.Ecuador-Rodríguez Marín;-3.6780598038953154;40.454548027516616
5611;URB;5.0;Rodríguez Marín S-N - Acceso Serrano S-N;-3.6788817222213983;40.4530328039303
5612;URB;5.0;Serrano S-N - Pl.República El Salvador-Rodríguez Marín;-3.6797076550651346;40.45338391910487
5613;URB;5.0;Mateo Inurria O-E - Hiedra-Av.del Recuerdo;-3.6825046146624874;40.467349364341196
5615;URB;5.0;Av.del Recuerdo N-S - Ntra.Sra. Angustias-Mateo Inurria;-3.6813998223353144;40.468080098801046
5618;URB;5.0;Pte Costa Rica O-E(Salida Túnel) - José MªSoler-Arturo Soria;-3.6662880223620617;40.459592136031944
7093;URB;5.0;Acceso M-30(Túnel)E-O - M-30-Pl.José MªSoler;-3.667213518252218;40.459984918157296
7088;URB;5.0;Acceso M-30 S-E(Superficie) - M-30 Sur-Pl.José Mª Sole;-3.6672636531696177;40.460132147911494
5586;URB;5.0;Acceso M-30 N-E(Superficie) - M-30 Norte-Pl.José Mª Soler;-3.6673406268653244;40.4601736086182
7092;URB;5.0;Acceso M-30 N-E(Túnel) - M-30 Norte-Pl.José Mª Soler;-3.6671866714796155;40.460105138673704
5619;URB;5.0;Acceso M-30 S-E(Túnel) - M-30 Sur-Pl.José Mª Soler;-3.6670977187472755;40.4600715751512
7086;URB;5.0;Alberto Alcocer O-E (Giro izqda) - Lígula -Condes del Val;-3.683349725292208;40.45863479394225
6981;URB;5.0;Costa Rica O-E(Túnel) - Principe de Vergara-Puerto Rico;-3.6758390682663973;40.45852753369996
5582;URB;5.0;Alberto Alcocer E-O(Túnel) - Bolivia-Víctor Andrés Belaunde;-3.6784134168224947;40.458683983840366
3452;URB;5.0;(AFOROS)Principe de Vergara N-S (ES21) - Alberto Alcocer-Potosi;-3.6769916415581534;40.45752120299829
9991;URB;6.0;Poeta Joan Maragall, 55  - Rosario Pino -Estebanez Calderon;-3.6916408239673233;40.462807760386234
5622;URB;6.0;(AFOROS)Bravo Murillo  E-O - Pinos Alta-Capitán Blanco Argibay;-3.6945777183804993;40.464723854762106
3663;URB;6.0;Bravo Murillo N-S - Azucenas-Conde Vallellano;-3.6971249631625764;40.4628148276909
5623;URB;6.0;Bravo Murillo  N-S - Lope de Haro-San Enrique;-3.701773866397159;40.45709849160147
10444;URB;6.0;Poeta Joan Maragall S-N - San Germán -Pintor Juan Gris;-3.692232531887;40.456581297191434
5624;URB;6.0;Bravo Murillo S-N - Alonso Castrillo-Pensamiento;-3.699246828146501;40.45966947683846
3834;URB;6.0;Bravo Murillo S-N - General Margallo-San Felipe;-3.698058863111965;40.4612758788463
5625;URB;6.0;Bravo Murillo S-N - Pedro Villar-Rosa Silva;-3.6968038455554506;40.463088284547766
5626;URB;6.0;Bravo Murillo O-E - Oñate-Amalia;-3.6952190305419252;40.464418285309506
5627;URB;6.0;Bravo Murillo O-E - Ulpiana Benito- Poeta Joan Maragall;-3.6928185965666978;40.46525530647049
5629;URB;6.0;Capitán Blanco Argibay N-S - Mundillo-Bravo Murillo;-3.6964040591697103;40.46491242867581
5630;URB;6.0;Marqués de Viana O-E - Ceuta-Bravo Murillo;-3.6992506463048414;40.4609583390567
5631;URB;6.0;Pensamiento E-O - Infanta Mercedes-Bravo Murillo;-3.6983757040683805;40.459551819313766
5632;URB;6.0;Lope de Haro O-E - Juán Risco-Bravo Murillo;-3.70246488120673;40.457206635150115
5633;URB;6.0;San Germán E-O - Infanta Mercedes-Bravo Murillo;-3.7001756526169056;40.457195025232835
5635;URB;6.0;Poeta Joan Maragall S-N - Pedro Teixeira-San Germán;-3.6923762762280927;40.45526509579449
5636;URB;6.0;Poeta Joan Maragall S-N - Pintor Juán Gris-Sor Angela de la Cruz;-3.6920955742776806;40.45808768935229
5637;URB;6.0;Poeta Joan Maragall S-N - Sor Angela de la Cruz-Francisco Gervás;-3.691902444415704;40.459718998760515
5638;URB;6.0;Poeta Joan Maragall S-N - Francisco Gervas-Rosario Pino;-3.6918164354937826;40.46106811196151
5639;URB;6.0;Poeta Joan Maragall S-N - Jose Castán Tobeñas-Bravo Murillo;-3.6914779978065497;40.46448469264024
5640;URB;6.0;Pedro Teixeira E-O - PºCastellana-Poeta Joan Maragall;-3.6913461553343345;40.454959018627704
5641;URB;6.0;Pedro Teixeira O-E - Orense-Av.del Brasil;-3.693970267554451;40.45506115547314
5642;URB;6.0;San Germán E-O - PºCastellana-Poeta Joan Maragall;-3.691333550488329;40.456212512007234
5643;URB;6.0;San Germán O-E - Orense-Poeta Joan Maragall;-3.6933580028842856;40.45628910629654
5646;URB;6.0;Sor Angela de la Cruz O-E - Orense-Poeta Joan Maragall;-3.693248804134173;40.45918598204598
5647;URB;6.0;Francisco Gervás E-O - PºCastellana-Poeta Joan Maragall;-3.6909198918020887;40.460655319001354
5648;URB;6.0;Francisco Gervás O-E - Orense-Poeta Joan Maragall;-3.6931261524475114;40.46078629451577
5649;URB;6.0;Rosario Pino E-O - PºCastellana-Poeta Joan Maragall;-3.690830434337151;40.46207464811615
5650;URB;6.0;Orense S-N - Francisco Gervás-Rosario Pino;-3.693970119023401;40.46174302625217
5651;URB;6.0;Orense N-S - Francisco Gervás-Sor Angela de la Cruz;-3.6941595304534376;40.46044074796188
5652;URB;6.0;Orense N-S - San Germán-Pedro Teixeira;-3.6946834927329135;40.45592754977221
5656;URB;6.0;Francisco Gervás E-O - Poeta Joan Maragall-Orense;-3.69307578485875;40.46082247803297
5659;URB;6.0;Sor Angela de la Cruz E-O - Poeta Joan Maragall-Orense;-3.6930753981894133;40.45925624188641
5660;URB;6.0;San Germán E-O - Poeta Joan Maragall-Orense;-3.6932477335906;40.45632353950196
5661;URB;6.0;Pedro Teixeira E-O - Av.del Brasil-Orense;-3.693856999171643;40.45509742121054
5662;URB;6.0;San Germán E-O - Julián Besteiro-Teresita González;-3.696777248277405;40.45651725296801
3668;URB;6.0;San Germán O-E - Gral.Ramírez de Madrid-Gral.Cabrera;-3.6966978840358515;40.45647254363347
5663;URB;6.0;Julián Besteiro S-N - Pedro Teixeira-San Germán;-3.6953066560999117;40.4557010956218
5664;URB;6.0;Infanta Mercedes S-N - San Enrique-San Germán;-3.698280338479648;40.456020072276765
5666;URB;6.0;Infanta Mercedes N-S - Pensamiento-Alonso Castrillo;-3.6971878847293103;40.45871674956771
5667;URB;6.0;Infanta Mercedes N-S - Huesca-San Germán;-3.697749672976014;40.45746986708652
5668;URB;6.0;Huesca E-O - Hermano Gárate-Infanta Mercedes;-3.69702168048328;40.45794420193511
5670;URB;6.0;Sor Angela de la Cruz O-E - Poeta Joan Maragall-Pl.Cuzco;-3.691715889982712;40.45909242381406
5671;URB;6.0;Infanta Mercedes N-S - Francisco Gervás- Sor Angela de la Cruz;-3.6963675047483466;40.460657938564694
5672;URB;6.0;Infanta Mercedes S-N - Pensamiento-Sor Angela de la Cruz;-3.6967996159748546;40.459492264606446
5673;URB;6.0;Sor Angela de la Cruz E-O - Orense-Iinfanta Mercedes;-3.695123909269932;40.459634726047405
5674;URB;6.0;Sor Angela de la Cruz E-O - Infanta Mercedes-Bravo Murillo;-3.696776175738283;40.460245611332184
3751;URB;6.0;Sor Angela de la Cruz O-E(Lateral) - Bravo Murillo-Infanta Mercedes;-3.6973965340880657;40.46020726650264
5675;URB;6.0;San Germán O-E - Poeta Joan Maragall-PºCastellana;-3.692051763260499;40.456214078399036
5679;URB;6.0;Francisco Gervás E-O - Orense-Infanta Mercedes;-3.694321755194637;40.46096657615618
5681;URB;6.0;Bravo Murillo S-N(Giro a Lope de Haro) - San Enrique-San Germán;-3.7017277416847523;40.457072924553124
7111;URB;6.0;Sor Angela de la Cruz E-O - Poeta Joan Maragall-Orense;-3.6933082913453896;40.45929055399888
5682;URB;6.0;Lope de Haro E-O - Bravo Murillo-Juán Risco;-3.7016973000980906;40.45746704096434
5684;URB;6.0;Bravo Murillo S-N - Conde Vallellano-Marqués de Viana;-3.69795799433453;40.46165607112801
5685;URB;6.0;Bravo Murillo N-S - Marqués de Viana -Algodonale;-3.698666224764222;40.460363520375466
5686;URB;6.0;Bravo Murillo N-S - Marqués de Viana-Maria Zayas;-3.699364861054639;40.45966308966229
5687;URB;6.0;Bravo Murillo S-N - Maria Zayas- Lope de Haro;-3.700854390337464;40.458349134139766
5688;URB;6.0;Bravo Murillo S-N - San Germán-Huesca;-3.701082240206318;40.457924896001664
5689;URB;6.0;Bravo Murillo S-N - Huesca-Pensamiento;-3.6999312439171295;40.459090730616886
5691;URB;6.0;Bravo Murillo N-S(San Germán) - Maria Zayas-Lope de Haro;-3.701080475026937;40.4580181345539
5692;URB;6.0;Bravo Murillo S-N - Rosa Silva-Oñate;-3.696319731833196;40.463618343076796
5694;URB;6.0;Sor Angela de la Cruz E-O - Infanta Mercedes-Bravo Murillo;-3.6976005290889082;40.460488709694005
7094;URB;6.0;Sor Angela de la Cruz O-E(Giro Izqda) - Poeta Joan Maragall-Orense;-3.693311491884292;40.45925225561077
5695;URB;6.0;Bravo Murillo N-S - Juán Pantoja- Carnicer;-3.7035789005455135;40.44988863212939
3583;URB;6.0;(AFOROS)Bravo Murillo N-S - Carnicer-Almansa;-3.703697084988954;40.44905262271772
5696;URB;7.0;Sta.Engracia S-N - Maudes-Gta.Cuatro Caminos;-3.7032844099881626;40.4455344060025
5697;URB;6.0;Bravo Murillo S-N - Gta.Cuatro Caminos-Hernani;-3.703836277209822;40.44760517508919
5698;URB;6.0;(AFOROS)Bravo Murillo S-N - Hernani-Palencia;-3.7037003062106337;40.4485145246839
5700;URB;6.0;Bravo Murillo S-N - Teruel -Avila;-3.7032120474853474;40.45181637058128
5701;URB;6.0;Bravo Murillo S-N - Avila-Juán de Olías;-3.703033954342522;40.452925068721825
5702;URB;6.0;Bravo Murillo S-N - Manuel Luna-San Enrique;-3.7025416919869927;40.45538610757832
5703;URB;6.0;Bravo Murillo S-N  - San Enrique-San Germán;-3.702064895457584;40.45647825657105
5705;URB;6.0;Francos Rodríguez O-E - Fulgencio de Miguel-Bravo Murillo;-3.703692944150421;40.45495630465911
5706;URB;6.0;Castilla O-E - Goiri-Bravo Murillo;-3.7039150632482074;40.45290136352053
5707;URB;6.0;Juán Pantoja O-E - Topete-Bravo Murillo;-3.7044420128400497;40.45005813903428
5708;URB;6.0;Jaén E-O - San Antonio-Bravo Murillo;-3.7025929374223217;40.45044625038367
5709;URB;6.0;Hernani E-O - Istúriz-Bravo Murillo;-3.7027953413836436;40.44834359241936
5710;URB;7.0;Reina Victoria O-E - Marques de Lerma-Gta.Cuatro Caminos;-3.705725433635783;40.44684133415738
5711;URB;7.0;Raimundo Fdez.Villaverde O-E - Alenza-Ponzano;-3.7001718550089158;40.44660504608165
5713;URB;7.0;Raimundo Fdez.Villaverde O-E - Alonso Cano-Modesto Lafuente;-3.696863612016418;40.4464319276409
5714;URB;7.0;Raimundo Fdez.Villaverde O-E(Puente) - Orense-PºCastellana;-3.6953020418002236;40.446380560967704
5716;URB;6.0;Raimundo Fdez.Villaverde E-O - Orense-Edgar Neville;-3.696185176424495;40.44652680167403
5717;URB;6.0;(AFOROS)Raimundo Fdez.Villaverde E-O - Edgar Neville-Aviador Zorita;-3.697405231830111;40.4465890778349
5718;URB;6.0;Raimundo Fdez.Villaverde E-O - Cicerón-Gta.Cuatro Caminos;-3.700717173887182;40.44679664963019
5719;URB;6.0;Orense N-S - Hernani-Raimundo Fdez.Villaverde;-3.695489794222877;40.447643058248254
5721;URB;6.0;Orense S-N - Raimundo Fdez.Villaverde-Hernani;-3.6955009044562503;40.44672425807115
5723;URB;6.0;Orense S-N - Reina Mercedes-Gral.Perón;-3.6950638419417516;40.45125696633114
5724;URB;6.0;Orense N-S - Reina Mercedes-Basílica;-3.695206628288112;40.450468496985934
5725;URB;6.0;Orense N-S - Basílica-Hernani;-3.6953224215044216;40.44909748811322
5727;URB;6.0;Basílica E-O - Edgar Neville- Orense;-3.6967024070141923;40.4493096472644
5728;URB;7.0;Alonso Cano S-N - Maudes-Raimundo Fdez.Villaverde;-3.6971896940555777;40.44562330289323
5729;URB;6.0;Edgar Neville N-S - Raimundo Fdez.Villaverde-Hernani;-3.6970995003434317;40.44698661082297
5730;URB;6.0;Edgar Neville S-N - Hernani-Basílica;-3.696952187104242;40.448327144281826
5731;URB;6.0;Edgar Neville S-N - Basílica-Reina Mercedes;-3.696764657091255;40.45002382758891
5732;URB;6.0;Hernani E-O - Orense-Edgar Neville;-3.6957340548782662;40.44795706080295
5733;URB;6.0;Basílica O-E - Aviador Zorita-Edgar Neville;-3.6980059617223224;40.44930657900343
5734;URB;6.0;Reina Mercedes E-O - Orense-Edgar Neville;-3.69538809680734;40.450852331138854
5735;URB;6.0;Aviador Zorita N-S - Oviedo-Hernani;-3.6984074373206384;40.44885278888791
5736;URB;6.0;Hernani E-O - Edgar Neville-Aviador Zorita;-3.697514049687748;40.44805122026585
5737;URB;6.0;Reina Mercedes E-O - Edgar Neville-Aviador Zorita;-3.6970142110088013;40.450922583122946
5738;URB;6.0;Raimundo Fdez.Villaverde E-O(Giro) - Edgar Neville-Aviador Zorita;-3.698107620812291;40.44656112324501
5739;URB;7.0;Raimundo Fdez.Villaverde O-E(Lateral) - Orens-PºCastellana;-3.6953173990264303;40.44633163475224
5740;URB;6.0;Raimundo Fdez.Villaverde E-O(Puente) - PºCastellana-Orense;-3.694173983337111;40.44640472420165
5741;URB;6.0;Raimundo Fdez.Villaverde O-E(Giro izdq) - Ponzano-Alonso Cano;-3.6978115707873718;40.44653860569359
7115;URB;6.0;Bravo Murillo S-N(Giro a Avila) - Navarra-Castilla;-3.7030925389144085;40.45318332817785
3454;URB;6.0;Juán de Olías E-O - Infanta Mercedes-Bravo Murillo;-3.70164007132368;40.45340320593297
3455;URB;6.0;Bravo Murillo S-N - Hernani-Palencia;-3.7036149979131054;40.44910791361954
5742;URB;6.0;Aviador Zorita N-S - Hernani-Raimundo Fdez.Villaverde;-3.6985518058655913;40.447392879482265
7018;URB;7.0;Av. Filipinas 44 E-O  -  (Boix y Morer-Santander);-3.706608125437353;40.44137657804106
7069;URB;7.0;Vallehermoso 102 S-N - Cea Bermúdez -Av.Filipinas;-3.708201928803307;40.439592886858215
7021;URB;7.0;Filipinas 30 E-O - Vallehermoso -Galileo;-3.7088196146393275;40.44054738911562
3511;URB;7.0;Filipinas 14 E-O(Entrada Túnel) - Jesús Maestro-Blasco Garay;-3.7109647275600595;40.43974689752706
7140;URB;6.0;(AFOROS)Raimundo Fdez.Villaverde(Es 40) (PM63025+PM63054) - (AFOROS)Raimundo Fdez.Villaverde(Es 40) (PM63025+PM63054);-3.6975906465913693;40.44648549787254
5762;URB;5.0;Av.America 27  E-O - Cartagena - Fco.Silvela;-3.6744021026760616;40.43896288811088
5763;URB;4.0;Av.America 22 O-E - Pilar de Zaragoza - Cartagena;-3.6746768279059037;40.43872158781818
5764;URB;5.0;Cartagena 103 N-S - Mataelpino - Av. America;-3.6738994918242778;40.439854242619354
5765;URB;4.0;Cartagena N-S - Av.America - Coslada;-3.673075152161869;40.438613998529746
5766;URB;4.0;Cartagena  86 S-N - Coslada - Av.America;-3.6724932081309145;40.43810071933986
5767;URB;9.0;Av.Memoria S-N - Reyes Católicos - Av.Complutense;-3.725301859991395;40.43913541527547
5768;URB;9.0;Ctra. A-6 N-S(Lateral) (Entrada a Gta.Cardenal Cisneros) - Paul Guinard - Gta.Cardenal Cisneros;-3.7277051880237275;40.44023645548977
5769;URB;9.0;Av.Juán Herrera O-E  - Paul Guinard -Gta.Cardenal Cisneros;-3.72800285578134;40.43941398103226
5771;URB;9.0;Acc.Ingeniros Navales E-O -  Ing.Navales-Gta.Cardenal Cisneros;-3.7254440926665686;40.43977009437946
4472;URB;7.0;San Francisco Sales O-E - Santander-Pablo Iglesias;-3.7085412579112704;40.445159939249464
3513;URB;6.0;Av.Reina Victoria E-O - Castillo Piñeiro -Av.Pablo Iglesias;-3.706986509902825;40.44709825526392
5772;URB;9.0;Av.Reina Victoria E-O  - Av.Pablo Iglesias -Ibánez Íbero;-3.70887406969451;40.44718030212942
3498;URB;9.0;Av.Gregorio del Amo O-E  - Estación Metro - Juán XXIII;-3.719381451483568;40.446717824443795
5775;URB;7.0;Av.Reina Victoria O-E - Av. Del Valle - Guzmán el Bueno;-3.7143222057649394;40.445801607348514
3411;URB;7.0;Av.Pablo Iglesias S-N  - San Francisco de Sales-Reina Victoria;-3.707405106329715;40.44611888073839
3439;URB;9.0;Av.Pablo Iglesias N-S  - Juán Montalvo - Reina Victoria;-3.708944720743342;40.44787617164159
5778;URB;7.0;Gral. Ibáñez Íbero S-N  - Francisco Sales - Reina Victoria;-3.7104258943001334;40.44606297553643
5780;URB;7.0;Av. Del Valle S-N - Poeta Angela Figuera - Reina Victoria;-3.714816758297452;40.44492406151385
3500;URB;9.0;Juan XXIII - N-S  - Ramiro Maetzu - Av. Moncloa;-3.7174509922065777;40.447485249078184
7057;URB;13.0;Méndez Álvaro  E-O (inferior M-30) - (Entrevías - Retama);-3.6761288659718447;40.39215300619201
3522;URB;2.0;Méndez Álvaro O-E - (Ariel - M-30);-3.678000908462032;40.393494066972984
4136;URB;2.0;Méndez Álvaro O-E(paso inferior M-30 - Titán-Av.Entrevías;-3.6767986124614445;40.39251904802884
4139;URB;13.0;Méndez Álvaro - E-O (Delante Gr5) - Méndez Álvaro - E-O (Delante Gr5);-3.6757546985217218;40.39191107519508
4134;URB;2.0;Retama N-S  - Ombú - Méndez Álvaro;-3.6766065569554236;40.3938727269535
4135;URB;2.0;Entrada M-30 N-S  - M-30 - Méndez Álvaro ;-3.675906485505446;40.39314693050285
4140;URB;13.0;Méndez Álvaro E-O  - (Convenio - M-30);-3.6741760395786436;40.39227962001093
3471;URB;9.0;Pº Ruperto Chapí E-O - Entrada Pte Franceses ;-3.731761025612513;40.433963473869376
4485;URB;9.0;Av.Séneca 14 E-O - Entrada Pte Franceses;-3.7315179662014755;40.43488391410466
4487;URB;9.0;Pte Castilla O-E - Entrada Pte Franceses por Cra Castilla;-3.737538607282697;40.43435838253484
4488;URB;9.0;Márques de Monistrol O-E - Entrada Pte Franceses por M-30;-3.736714042862654;40.434122524822065
4702;URB;2.0;Pº.Imperial N-S - Pl.Fco.Morano-Gta.Pirámides;-3.7151340421657415;40.40193700743026
3505;URB;2.0;Toledo N-S - Juan Antonio Vallejo- Nájera Botas-Gta.Pirámides;-3.7139347817739767;40.40202283723609
3506;URB;2.0;PºAcacias N-S - Pl.Ortega y Munilla-Gta.Pirámides;-3.712487556923793;40.40168337448308
3507;URB;2.0;Salida Calle 30 E-O - (M-30 -Gta.Pirámides) a 80mts;-3.712611706887711;40.40038457785618
4704;URB;2.0;Salida calle30 E-O - Marqués de Vadillo-Gta.Pirámides a 280mts;-3.711518979300541;40.39873440769217
4133;URB;2.0;Av.Planetario O-E - Meneses-Méndez Alvaro;-3.681054371036956;40.39456341021149
4130;URB;2.0;Pedro Bosch E-O - Ciudad de Barcelona-Jacaranda;-3.6785820540980634;40.39624109954054
4154;URB;2.0;(AFOROS)Méndez Alvaro O-E - Sabal - Oriana;-3.68167147962801;40.396751291628945
4153;URB;2.0;Méndez Alvaro O-E  - Estrella Naos -Sabal;-3.682462221711225;40.39745478219013
7003;URB;2.0;(AFOROS)Méndez Alvaro S-N - Estrella Naos -Repsol;-3.6829926879709096;40.39816254099374
7004;URB;2.0;Méndez Alvaro O-E - Repsol -Estrella Naos;-3.6837380818005565;40.398608448032846
4129;URB;2.0;Ramírez de Prado O-E - Juán Mariana-Pl.Amanecer en Méndez Alvaro;-3.685758426502911;40.39920847536542
4126;URB;2.0;Comercio E-O - Garganta de los Montes-Méndez Alvaro;-3.684012238555196;40.400556677793666
4050;URB;3.0;Dr.Esquerdo 63 S-N - Ibiza-O´Donnell;-3.669006680538796;40.419623148974345
4049;URB;4.0;Dr.Esquerdo N-S - Jorge Juan - Duque de Sesto;-3.668998212578025;40.42281690610961
4056;URB;3.0;O´Donell 52 O-E - Maíquez - Dr.Esquerdo;-3.670575245162756;40.421251347378856
4051;URB;4.0;O´Donell 69 E-O - Iturbe-Dr.Esquerdo;-3.667429290709342;40.42089042606574
4059;URB;4.0;Dr.Esquerdo 43 S-N - Jorge Juan - Fundadores;-3.668666747779235;40.42377173993708
7076;URB;2.0;Méndez Alvaro S-N - Garganta de los Montes-Comercio;-3.684419559119458;40.39944056018568
7023;URB;2.0;Méndez Alvaro N-S - Áncora - Canarias;-3.6867396723414787;40.401282599606255
7074;URB;4.0;Dr.Esquerdo 35 S-N(Giro a Goya) - Jorge Juán-Fundadores;-3.6687481040468253;40.423773795107614
7072;URB;4.0;O´Donnell E-S (giro a Dr. Esquerdo) - O´Donnell E-S (giro a Dr. Esquerdo);-3.6689632779117014;40.421422474831665
10852;URB;9.0;(TACTICO)Esc. Ing. Navales - E-O  - (TACTICO)Esc. Ing. Navales - E-O ;-3.7257818775957547;40.43978220789937
5782;URB;9.0;Dr. Teófilo Hernando N-S - Juán Montalvo - Reina Victoria;-3.7148820185321423;40.44610509352812
7100;URB;2.0;(TACTICA) Méndez Álvaro E-O(Giro a Sabal - Oriana-Sabal;-3.68166349002505;40.39686085168263
7099;URB;2.0;(TACTICA)Sabal S-N - Mezquite - Mendez Alvaro;-3.682073232170066;40.396765996320426
4127;URB;2.0;(TACTICA)Méndez Álvaro S-N - (Comercio-Bustamante);-3.6855454405376413;40.40033435921222
7070;URB;4.0;(FICTICIO) Dr.Esquerdo N-S - (FICTICIO)Jorge Juan - Duque de Sesto;-3.668915498016059;40.42281077314661
5783;URB;13.0;Av. Buenos Aires - Arroyo del Olivar-Av. Palomeras ;-3.653082994371784;40.38795922887372
5784;URB;13.0;Av. Palomeras - Pedro Laborde-Av. Buenos Aires;-3.6518952361703123;40.386671072794584
5787;URB;13.0;Av. Pablo Neruda - Lago San Martín-Av. Buenos Aires;-3.65130201929277;40.38187426467235
5788;URB;13.0;Av. Buenos Aires - Túnel Av. San Diego-Av. Pablo Neruda;-3.652763357250012;40.38000922596402
5789;URB;13.0;Av. Pablo Neruda - Cenicienta-Av. Buenos Aires;-3.6542692668003327;40.38132990721419
5791;URB;13.0;Av. Pablo Neruda - Guillermo Pingarrón-Av. Palomeras;-3.6464562928414224;40.38595159618118
5792;URB;13.0;Av. Pablo Neruda - Leoneses-Av. Palomeras;-3.6476117421421432;40.38407452020409
3754;URB;13.0;Av. Palomeras - Pedro Laborde-Av. Pablo Neruda;-3.647720374779146;40.385336253466036
5793;URB;13.0;Av. Pablo Neruda - Candilejas-Santos Inocentes;-3.662546629429502;40.38169125031706
5794;URB;13.0;Candilejas - Pto. Balbarán-Av. Pablo Neruda;-3.664307241198173;40.38163690350589
3755;URB;13.0;Candilejas - Javier de Miguel-Av. San Diego;-3.6625962549181703;40.38355438708056
5796;URB;13.0;Arroyo del Olivar - Tte. Muñóz Diaz-Payaso Fofó;-3.658895792313402;40.39088285695772
5797;URB;13.0;Payaso Fofó - Av. Albufera-Arroyo del Olivar;-3.6597259155356197;40.39194216006105
5798;URB;13.0;Arroyo del Olivar - Sierra del Cadi-Payaso Fofó;-3.6605320473376484;40.39143874130533
5799;URB;13.0;Arroyo del Olivar - Payaso Fofó-Sierra de Cadi;-3.661273944372077;40.39176985691655
5800;URB;13.0;Sierra del Cadi - Av. Albufera-Arroyo del Olivar;-3.6607412489181277;40.39270741912028
5802;URB;13.0;Carlos Martín Álvarez - Javier de Miguel-Arroyo del Olivar;-3.662171462554465;40.391007715205234
5804;URB;13.0;Av. Pablo Neruda - Luis Buñuel- Guillermo Pingarrón;-3.645501235349183;40.38681046462959
5805;URB;13.0;Av. Pablo Neruda - Av. Albufera-Luis Buñuel;-3.6443875090545492;40.38866593144087
5806;URB;13.0;Carlos Martínez de la Riva - Javier de Miguel-Carlos Martín Álvarez;-3.664587022808134;40.388830707958306
3774;URB;13.0;Carlos Martínez de la Riva - Carlos Martín Álvarez-Javier de Miguel;-3.6644837993073396;40.38857585078192
5807;URB;13.0;Carlos Martín Álvarez - Javier de Miguel-Martínez de la Riva;-3.664262913141198;40.38841913917037
5808;URB;13.0;Javier de Miguel - Martínez de la Riva-Carlos Martín Álvarez;-3.664375276755624;40.389067614618014
5809;URB;13.0;Javier de Miguel - Martínez de la Riva-Carlos Martín Álvarez;-3.664324373120144;40.38914119350758
7027;URB;13.0;Av. Pablo Neruda - Candilejas-Romeo y Julieta;-3.6626406424969318;40.38149395292551
5812;URB;3.0;Av. Ciudad de Barcelona - Seco-M-30;-3.670805442648388;40.39910573122028
5813;URB;13.0;Av. Albufera - Melquiades Biencinto-M-30;-3.6684446274530327;40.39793788132105
3587;URB;13.0;Av. Albufera - Dr. Salgado - Felipe Fraile;-3.6662678322975295;40.39679060404296
5814;URB;13.0;Av. Albufera - Virgen - Puerto de Alcolea;-3.6660426893578784;40.39661053832231
5815;URB;13.0;Av. Albufera - Puerto Pajares-Perpetuo Socorro;-3.6632612929792385;40.39521531288043
5816;URB;13.0;Av. Albufera - Perpetuo Socorro-Puerto Pajares;-3.6626914864531246;40.394852076731475
5817;URB;13.0;Av. Albufera - Perpetuo Socorro-Puerto Pajares;-3.6613449175796497;40.39414399811892
5818;URB;13.0;Av. Albufera - Perpeto Socorro-Siera de Cadi;-3.660525106688015;40.39378230029562
5819;URB;13.0;Av. Albufera - Payaso Fofó-Sierra de Cadi;-3.6597738199285654;40.39331743330495
5820;URB;13.0;Av. Albufera - Sierra del Cadi-Josefa Díaz;-3.6591391661198154;40.39304669284697
5822;URB;13.0;Av. Albufera - Cantalapiedra-Josefa Díaz;-3.656546404332346;40.39182707994416
5825;URB;13.0;Vía Servicio M-30 - M-30-Av. Albufera;-3.6698951888055578;40.39721668397198
5827;URB;13.0;Av. Albufera - Melquiades Biencinto-Monte Igueldo;-3.6682569361152337;40.397775941393256
5828;URB;13.0;Peña Prieta - Sierra de los Filabres-M-30;-3.668463703295798;40.398795299694775
5831;URB;13.0;Dr. Fernando Primo de Rivera - Peña Gorbea-Av. Albufera;-3.665723657959735;40.39582372515222
5832;URB;13.0;Ntra. Señora Perpetuo Socorro - Puerto del Monasterio-Av. Albufera;-3.661866970168643;40.39393212965225
5833;URB;13.0;Sierra del Cadi - Arroyo del Olivar-Av. Albufera;-3.660603291373689;40.39279676958402
5834;URB;13.0;Josefa Díaz - Enrique Velasdco- Av. Albufera;-3.658450499637037;40.393217719536636
5835;URB;13.0;Payaso Fofó - Arroyo del Olivar-Av. Albufera;-3.6592778453107457;40.39235075777378
5836;URB;13.0;Pío Felipe - Pío Felipe-Av. Albufera;-3.6542300448945304;40.39223415702016
5838;URB;13.0;Av. Albufera - Av. Pablo Neruda-Santiago Alió;-3.6450181417407026;40.38947545374958
5840;URB;13.0;Av. Albufera - Av. Pablo Neruda-San Claudio;-3.641683623931334;40.387970303383774
6945;URB;13.0;Av. Albufera - Fuengirola-Rafael Alberti;-3.639304423355014;40.38704362603127
5842;URB;13.0;Av. Albufera - Fuengirola-Acceso M-40;-3.6371353628506804;40.385966079943486
5844;URB;13.0;Av. Albufera - Av. Albufera-M-40;-3.6352608547840046;40.38531779485817
5846;URB;13.0;Av. Pablo Neruda - Av. Pablo Neruda-Av. Albufera;-3.6433871576163357;40.38997187046707
5847;URB;13.0;Av. Pablo Neruda - Luis Buñuel-Av. Albufera;-3.644366143036019;40.38829576806044
5848;URB;13.0;Av. Rafael Alberti - Av. Rafael Alberti-Av. Albufera;-3.6397602916124634;40.38845710964612
3428;URB;13.0;Av. Rafael Alberti - Av. Albufera-Luis Buñuel;-3.6410207126751875;40.386596542584215
5849;URB;13.0;Incorporación  M-40 hacía Av. Albufera N-S - M-40-Av. Albufera ;-3.6349764678113456;40.38630273234619
5850;URB;13.0;Av. Albufera - Sierra Carbonera-Puerto Pajares;-3.6639002397364937;40.3954871305391
5852;URB;13.0;Av. Monte Igueldo - Av. Albufera-Antonia Calas;-3.667818311908048;40.397018798999646
5853;URB;13.0;Sierra de Javalambre - Francisco Iglesias-Av. Albufera;-3.6673914600287802;40.39793144755085
5855;URB;13.0;Av. Albufera - Puerto de Alcolea-Concordia;-3.6656552638074347;40.3964635713291
5856;URB;13.0;Av. Albufera - Av. Buenos Aires-Sierra Faladora;-3.6526003625714214;40.39140617214901
5857;URB;13.0;Av. Albufera - Sierra Faladora-Adra;-3.6507652117371867;40.391235592813324
5858;URB;13.0;Av. Albufera - Pedro Laborde-Adra;-3.648852729211545;40.39111055774729
5859;URB;13.0;Av. Albufera - Adra-Sierra Faladora;-3.6504145424403642;40.39124850090802
5860;URB;13.0;Av. Albufera - Cantalapiedra-Josefa Díaz;-3.6575179585490454;40.392192586628454
5841;URB;13.0;Av. Albufera - M-40-Av. Albufera 300 P.P.;-3.636396504105075;40.38574782146099
9840;URB;13.0;Av. Albufera - Pedro Callejo-Pedro Laborde;-3.647863441983568;40.390724763150764
6947;URB;13.0;Av. Albufera - Santiago Alió-Pedro Laborde;-3.6450909933204936;40.38989064299753
6946;URB;13.0;Av. Albufera - Rafael Alberti-Fuengirola;-3.639856795164336;40.387162368194645
10064;URB;13.0;Pío Felipe - Jose Luis Saura-Mohernando;-3.6503494554759386;40.39628638083645
5864;URB;13.0;Santiago Alió - Santiago Alió-Av. Albufera;-3.645246916303986;40.389358249029726
5865;URB;13.0;Fuengirola - Av. Albufera-Benalmádena;-3.6388593086168184;40.38655693984756
5868;URB;13.0;Sierra de Cameros - Peña Gorbea-Av. Albufera;-3.6646695497843;40.395699217718175
5869;URB;13.0;Puerto Pajares - Peña Gorbea-Av. Albufera;-3.6642237623449114;40.395450156011705
9856;URB;3.0;Gandia - Vía de Servicio- Cerro Negro;-3.6703350260116636;40.397756383746426
5907;URB;15.0;Alcalá - Av. Daroca-Fernandez Lanseros;-3.658675954643478;40.4316568531067
5909;URB;15.0;Alcalá - Fernandez Lanseros-Angel Gonzalez Tejedor;-3.6572131952248927;40.43184271752197
5910;URB;15.0;Alcalá - Alcalde Lopez Casero-Ventas;-3.656767338146689;40.43192897919683
5911;URB;15.0;Alcalá - Cipriano Sancho - Marcelino Alvarez;-3.6547672089895245;40.43219242504802
5912;URB;15.0;Alcalá - Florencio Llorente - Buen Gobernador;-3.653631543008021;40.43237259241941
5914;URB;15.0;Alcalá - Hermanos Machado - Jose Maria Pereda;-3.6491603165384916;40.43296364046259
5915;URB;15.0;Alcalá - Lago Constanza-Ezequiel Solana;-3.6474159948745424;40.433465042397124
5916;URB;15.0;Alcalá - Lago Constanza-Ezequiel Solana;-3.6479333576103725;40.43318994410209
5919;URB;15.0;Alcalá - Hermanos de Pablo-Vicente Espinel;-3.6429072280076635;40.435634444122655
5921;URB;15.0;Alcalá - Boldano-Pileo;-3.6404334504526297;40.43683017341852
3594;URB;20.0;Alcalá  - Arturo Soria-Albarracín;-3.636721102268017;40.43819769918855
5922;URB;15.0;Alcalá  - General Aranaz-Arturo Soria;-3.6368400737480346;40.43823295981694
5923;URB;20.0;Alcalá - Rio Bamba-General Aranaz;-3.6344955438530873;40.438884104587665
5924;URB;20.0;Alcalá  - Miguel Yuste-San Romualdo;-3.6249826744146496;40.441394369618536
5925;URB;15.0;Alcalá - Concejal Julio Gomez-Florencio Llorente;-3.6507143782444995;40.43277220301434
3644;URB;15.0;Alcalá - Santa Elena - Maximo San Juan;-3.6513443002691575;40.4326582257966
3775;URB;15.0;Alcalá - Boldano-Arturo Soria;-3.639560545589053;40.437252675999986
3776;URB;15.0;Alcalá - Vicente Espinel-Vazquez de Mella;-3.640968409507243;40.43654246134226
3756;URB;20.0;Alcalá - San Romualdo-Miguel Yuste;-3.624521046173256;40.441585135173185
5927;URB;15.0;Virgen de la Alegria - Virgen de la Alegría- Alcalá;-3.6587144505109057;40.4323554195809
5928;URB;15.0;Av. Daroca  - Virgen de la Alegría-Ricardo Ortega;-3.6584884085009515;40.43102469962679
5929;URB;15.0;Jose María Fernández Lanseros  - Av. Daroca-Alcalá;-3.6574334729960833;40.4310167941508
5930;URB;15.0;Ricardo Ortíz - Cyesa-Av. Daroca;-3.657744066274347;40.430202860815996
5931;URB;15.0;José Villena  - Jose Villena-Alcalá;-3.655754514989924;40.43151266962149
5932;URB;15.0;Alcalde López Casero  - Alcalde López Casero-Alcalá;-3.6555937892134684;40.43284906090539
5934;URB;15.0;Lago Constanza  - Lago Constanza-Alcalá;-3.647841653933347;40.432592261951406
5936;URB;15.0;Emilio Ferrari - Amos Escalante-Alcalá;-3.643811596322043;40.43454253075774
5937;URB;15.0;Vicente Espinel  - Vicente Espinel-Alcalá;-3.641176791574235;40.43595017242636
5938;URB;15.0;Misterios - Misterios-Alcalá;-3.6389878667011053;40.43819620606634
5939;URB;15.0;Arturo Soria - López de Aranda-Alcalá;-3.638972266130139;40.4389371274578
5940;URB;20.0;Hermanos García Noblejas - Caunedo-Alcalá;-3.6373342983061137;40.43704645983342
5941;URB;20.0;General Aranaz   - López de Aranda-Alcalá;-3.635844825431957;40.43912651179448
5942;URB;15.0;Hermanos García Noblejas - Alcalá-Caunedo;-3.6377150488354233;40.43728383281945
10552;URB;20.0;Alcalá - Albarracin-Santa Leonor;-3.6342063144256045;40.43887628942434
10555;URB;20.0;Alcalá - Sta. Leonor-Alfonso Gomez;-3.6312003500553574;40.43969395729449
10556;URB;20.0;Alcalá - Alegria de Horia-Tampico;-3.6308426488729304;40.43988099498094
10554;URB;20.0;Tampico - Iquitos-Alcalá;-3.632464088273547;40.44017937110914
10557;URB;20.0;Alcalá - Valentin Beato-Miguel Yuste;-3.6264585977712094;40.44099314241077
10721;URB;20.0;Hermanos García Noblejas - Caunedo-Alcalá;-3.63725295809627;40.437029504425574
10701;URB;15.0;Alcalá - Av. Daroca-Fernández Lanseros;-3.658664327644195;40.43159580453605
10702;URB;15.0;Alcalá - Fernandez Lanseros-Angel Gonzalez Tejedor;-3.6572248032873027;40.431807528073705
10707;URB;15.0;Alcalá - Cipriano Sancho - Marcelino Alvarez;-3.654734869036423;40.43215296456447
10716;URB;15.0;Alcalá - Santa Elena - Maximo San Juan;-3.6513513830998634;40.43263008712358
10724;URB;15.0;Alcalá - Hermanos Machado - Jose Maria Pereda;-3.6491499346200444;40.4329355999913
10725;URB;15.0;Alcalá - Lago Constanza-Ezequiel Solana;-3.6479138173723813;40.4331654671945
10732;URB;15.0;Alcalá - Urquiza-Gutierre de Cetina;-3.646056709608875;40.43405788157511
10735;URB;15.0;Alcalá - Vicente Espinel-Vazquez de Mella;-3.64094937343813;40.436520811930905
10736;URB;15.0;Alcalá - Boldano-Arturo Soria;-3.6395707514310516;40.43728603890069
10734;URB;15.0;Alcalá - Boldano-Pileo;-3.640464873342441;40.436847561058705
10731;URB;15.0;Alcalá - Urquiza-Virgen del Sagrario;-3.6464968606107266;40.43393946445965
10726;URB;15.0;Alcalá - Lago Constanza-Ezequiel Solana;-3.6474327705197176;40.43348883240127
10722;URB;15.0;Alcalá - Argentina - Concejal Juilo Gomez;-3.6496795067259766;40.432951353168946
10718;URB;15.0;Alcalá - Concejal Julio Gomez-Florencio Llorente;-3.6507212771807183;40.43280351056272
10715;URB;15.0;Alcalá - San Gumersindo-Mateo Garcia;-3.652459646525248;40.43256355704821
10705;URB;15.0;Alcalá - Alcalde Lopez Casero-Ventas;-3.6567374756542987;40.43197627852028
10818;URB;15.0;Alcalá - Santa Elena - Florencio Llorente;-3.6518740844539876;40.43264272313755
10819;URB;15.0;Alcalá - Santa Elena - Florencio Llorente;-3.651869111142065;40.432611513558896
10821;URB;15.0;Alcalá - Angel Gonzalez Tejedor - Jose Villena;-3.6564383578301696;40.43191405753266
10820;URB;15.0;Alcalá - Angel Gonzalez Tejedor - Jose Villena;-3.6564504187381153;40.431953259199915
10822;URB;15.0;Alcalá - Alcalde López Casero - Ventas;-3.6560212310451834;40.432067810450555
10823;URB;15.0;Alcalá - Alcalde López Casero - Ventas;-3.656009248419001;40.432036640825615
11037;URB;15.0;Alcalá - Misterios - Luva;-3.6387785556415237;40.43767239860713
11059;URB;15.0;Federico Gutiérrez - Alcalá-Germán Pérez Carrasco;-3.645060793770811;40.43483652291177
11172;URB;15.0;Alcalá - Lago Constanza-La Argentina;-3.648254166452653;40.43316225203976
11173;URB;15.0;Alcalá - Lago Constanza-La Argentina;-3.6482326094410538;40.43313268889469
11174;URB;15.0;Alcalá 402 - Vicente Espinel-Vazquez de Mella;-3.639935052758177;40.43700221731251
11176;URB;15.0;Alcalá 408 - Arcones Gil-Alfonso Paso;-3.6391264214209524;40.437399609030194
11178;URB;15.0;Alcalá 374 - Río Ulla-Campuzano;-3.6425803400057473;40.43576576146474
11180;URB;15.0;Alcalá 361 - Federico Gutiérrez-Emilio Gastesi Fdez;-3.645246897391409;40.434542030091905
11179;URB;15.0;Alcalá 361 - Federico Gutiérrez-Emilio Gastesi Fdez;-3.6452272621820785;40.43451840989564
11182;URB;15.0;Alcalá 328 - Ezequiel Solana-Los Urquiza;-3.646948047963171;40.43362610413059
11181;URB;15.0;Alcalá 328 - Ezequiel Solana-Los Urquiza;-3.64696252695858;40.43365173037546
3528;URB;20.0;Tumaco - Tumaco-Tampico;-3.6354084099676163;40.445068584966215
5946;URB;15.0;Concejal Julio Gómez - Concejal Julio Gómezz-Alcalá;-3.650399114349246;40.43300583761307
10003;URB;15.0;Alcalá - Urquiza-Virgen del Sagrario;-3.646357253475532;40.433991601004344
10004;URB;15.0;Alcalá - Urquiza-Gutierre de Cetina;-3.646213235701803;40.43400063173261
10007;URB;20.0;Alcalá - Alfonso Gómez-Tampico;-3.631485076688452;40.439705657915724
5947;URB;15.0;Hermanos García Noblejas - Dr. Cirajas-Vital Aza;-3.636269485020413;40.43534534357867
5948;URB;20.0;Hermanos García Noblejas - Albasanz-Ascao;-3.6353432999413253;40.434252867813086
5949;URB;15.0;Hermanos García Noblejas - Vital Aza-Ascao;-3.634974393150266;40.43355737513467
5950;URB;20.0;Hermanos García Noblejas - Vital Aza-Ascao;-3.6349197938321884;40.43360890903827
5951;URB;20.0;Hermanos García Noblejas - Ascao-Santo Domingo Savio;-3.633675976085961;40.43204658686098
5953;URB;15.0;Hermanos García Noblejas - Emilio Muñóz-Miguel Fleta;-3.6326757091718087;40.43049655945682
10717;URB;20.0;Hermanos García Noblejas - Miguel Fleta-Julián Camarillo;-3.6341034721041665;40.432488909564015
5955;URB;20.0;Hermanos García Noblejas - Emilio Muñóz-Valdecanillas;-3.6319002278174133;40.429569241607275
5956;URB;15.0;Hermanos García Noblejas - Gandhi-Fco. Largo Caballero;-3.6292900896081144;40.425710710886705
5957;URB;20.0;Hermanos García Noblejas - Pobladura del Valle-Av. Arcentales;-3.6273257014177123;40.423233967379026
5959;URB;15.0;Hermanos García Noblejas - Francisco Largo Caballero-Pobladura del Valle;-3.6269989175947535;40.42265353310555
5964;URB;20.0;Emilio Muñóz - Albarracín-Hermanos García Noblejas;-3.6313060426469645;40.43053003452041
5965;URB;15.0;Braulio Gutiérrez - José Arcones Gil-Hermanos García Noblejas;-3.6339271294206763;40.429446583949
5966;URB;20.0;Av. Arcentales - Ajofrin-Hermanos García Noblejas;-3.627112504694318;40.4254844264482
5967;URB;15.0;Pl. Alsacia - Malmoe-Hermanos García Noblejas;-3.6235124142032586;40.41699648269871
5968;URB;20.0;Pl. Alsacia - Aquitania-Av. Guadalajara;-3.622591814376156;40.41741710577227
5969;URB;20.0;Aquitania - Pl. Alsacia-Capri;-3.622106994171451;40.417302548223276
5971;URB;15.0;Francisco Largo Caballero - José Arcones Gil-Hermanos García Noblejas;-3.629721122713467;40.42387191343967
5972;URB;20.0;Pobladura del Valle - San Román del Valle-Hermanos García Noblejas;-3.6259072736865336;40.422433807020475
5973;URB;20.0;Hermanos García Noblejas - Pl. Alsacia-Pobladura del Valle;-3.623941976652559;40.4185674333191
3646;URB;15.0;Fuente Carrantona  - Prolongación O`Donnell-Pl. Alsacia;-3.6248883248231643;40.416883715248105
5976;URB;20.0;Hermanos García Noblejas - Emilio Muñóz-Miguel Fleta;-3.632505520903878;40.43040384543877
5979;URB;20.0;Hermanos García Noblejas - Castillo de Uclés-Castillo de Arévalo;-3.629802288814965;40.426658462959
5980;URB;20.0;Hermanos García Noblejas - Arcentales-Castillo de Uclés;-3.628733246446721;40.42522835911588
5981;URB;15.0;Hermanos García Noblejas - Francisco Largo Caballero-Pepe Ysbert;-3.6276280617376258;40.42341549235682
5984;URB;15.0;Hermanos García Noblejas - Idioma Esperanto-Pl. Alsacia;-3.624523863092659;40.41916326976376
5985;URB;20.0;Hermanos García Noblejas - Albasanz-Argos;-3.635878924720926;40.43504689443686
5986;URB;15.0;Braulio Gutiérrez - Luis Ruíz-José Arcones Gil;-3.6353047019266262;40.42886941100546
5989;URB;15.0;Gandhi - Luis Ruíz-José Arcones Gil;-3.6328084051739684;40.424806256231065
3647;URB;15.0;José Arcones Gil  - Portugalete-Gandhi;-3.6323604480678275;40.42582791327944
5990;URB;15.0;José Arcones Gil  - Gabriel Montero-Gandhi;-3.6314472132997175;40.42463001202321
5991;URB;15.0;Hermanos García Noblejas - Luis del Campo-Castillo de Arévalo;-3.6316389174377997;40.42895525628533
5993;URB;15.0;Pl. Alsacia - Fuente Carrantona-Malmoe;-3.623703923600028;40.41721137707606
5999;URB;15.0;Hermanos García Noblejas - Luis del Campo - Gandhi;-3.629819180508247;40.426529517508534
10345;URB;20.0;Emilio Muñoz - Hermanos García Noblejas - Valdecanillas;-3.6307344343102312;40.43071079887034
10344;URB;20.0;Emilio Muñoz - Valdecanillas - Epifania;-3.6285223030554463;40.43164919572018
10343;URB;20.0;Emilio Muñoz - Zaldivar - Sta. Leonor;-3.6269240353684813;40.432434371977145
10340;URB;20.0;Emilio Muñoz - Rufino Gonzalez - Alfonso Gomez;-3.6245924592795666;40.43355133990413
10486;URB;20.0;Alfonso Gomez - Juan de Arespacochaga y Felipe - Emilio Muñoz;-3.625993425209182;40.43395335023018
10341;URB;20.0;Emilio Muñoz - Valdecanillas - Castillo de Ucles;-3.6238252232323998;40.433858898336396
10348;URB;20.0;Julian Camarillo - Hermanos García Noblejas-Albarracín;-3.632876067403463;40.43358331027122
10480;URB;20.0;Julian Camarillo - Santa Leonor - Alfonso Gómez;-3.6276839250307744;40.43486482878636
10481;URB;20.0;Julian Camarillo - Alfonso Gómez - Santa Leonor;-3.6278465565503977;40.43486273241449
10482;URB;20.0;Julian Camarillo - Santa leonor - Albarracin;-3.6304017281587253;40.43421683098101
10695;URB;20.0;Hermanos García Noblejas - Pl. Alsacia-Pobladura del Valle;-3.623856431586338;40.418566556185056
10697;URB;20.0;Hermanos García Noblejas - Pl. Alsacia-Pobladura del Valle;-3.624529143055869;40.41950210013884
10699;URB;20.0;Hermanos García Noblejas - Villaescusa-Pobladura del Valle;-3.6260028934562314;40.42151388192137
10711;URB;20.0;Hermanos García Noblejas - Castillo de Arévalo-Castropol;-3.630887963407938;40.428249015535926
10720;URB;15.0;Hermanos García Noblejas - Dr. Cirajas-Vital Aza;-3.6363543163485104;40.435361164841936
10719;URB;15.0;Hermanos García Noblejas - Vital Aza-Ascao;-3.6350527667849653;40.433569885942994
10714;URB;15.0;Hermanos García Noblejas - Pl. Orotava-Santo Domingo Savio;-3.634000425420789;40.43211307454823
10713;URB;15.0;Hermanos García Noblejas - Braulio Gutiérrez-Santo Domingo Savio;-3.6328133453477105;40.43046996123698
10712;URB;15.0;Hermanos García Noblejas - Luis del Campo-Castillo de Arévalo;-3.6317272829217817;40.42897530106842
10709;URB;15.0;Hermanos García Noblejas - Castillo de Arévalo-Castillo de Uclés;-3.6306406747434448;40.42747388990305
10706;URB;15.0;Hermanos García Noblejas - Gandhi-Av. Arcentales;-3.6293714100568075;40.42572722581836
10704;URB;15.0;Hermanos García Noblejas - Francisco Largo Caballero-Pepe Ysbert;-3.627712919651511;40.42343600553943
10700;URB;15.0;Hermanos García Noblejas - Fco. Largo Caballero-Pobladura del Valle;-3.627121151201164;40.42261734425501
10698;URB;15.0;Hermanos García Noblejas - Villaescusa-Nicolás Salmerón;-3.6248932404033867;40.419537549735416
10723;URB;20.0;Aquitania - Pl. Alsacia-Capri;-3.622139999236551;40.41724101079436
5995;URB;15.0;Dr. Cirajas - José Arcones Gil-Hermanos García Noblejas;-3.636807005508123;40.435616024740476
5997;URB;15.0;Santo Domingo Savio - José Arcones Gil-Hermanos García Noblejas;-3.6333821852267514;40.43089683551012
5998;URB;20.0;Castillo de Arévalo - Llanes-Hermanos García Noblejas;-3.6303695009146875;40.42791202698862
6000;URB;20.0;Hermanos García Noblejas - Esculano-Castillo de Uclés;-3.6293664728593815;40.426017612900395
6001;URB;15.0;Gandhi - José Arcones Gil-Hermanos García Noblejas;-3.629852841953664;40.42603368936255
6003;URB;15.0;Paredes de Nava - Idioma Esperanto-Hermanos García Noblejas;-3.6257139727906673;40.42030450372863
6004;URB;15.0;Hermanos García Noblejas - Versalles-Aquitania;-3.622760328122335;40.41688413281125
6005;URB;20.0;Albarracín - Albasanz-Julián Camarillo;-3.632268425717984;40.434101657101074
6006;URB;20.0;Albarracín - Miguel Fleta-Emilio Muñóz;-3.62991568654896;40.43134675848143
6010;URB;15.0;Arturo Soria - Emeterio Castaños-Allende Salazar;-3.6633621506406593;40.461379755078546
6011;URB;15.0;Arturo Soria - Emilio Rubin-Pablo Vidal;-3.6620888673225314;40.46050358575833
6012;URB;15.0;Arturo Soria - Navarro Amandi-López de Hoyos;-3.660274615932253;40.459605819197684
6014;URB;15.0;Arturo Soria - López de Hoyos-Santo Ángel;-3.6584951789356026;40.45796295986289
6015;URB;15.0;Arturo Soria - Arturo Baldasano-José Silva;-3.6574576179872316;40.45677581529789
6016;URB;15.0;Arturo Soria - Ulíses-Belisana;-3.6570326036396508;40.456522661940355
6017;URB;15.0;Arturo Soria - José Silva-Bueso de Pineda;-3.655648434640851;40.45477569683899
6018;URB;15.0;Arturo Soria - Ramírez de Arellano-Emilio Vargas;-3.6516522309517785;40.449842786028874
6019;URB;15.0;Arturo Soria - Emilio Vargas-Hernández de Tejada;-3.650815020741291;40.44873061233285
6020;URB;15.0;Arturo Soria - Josefa Valcárcel-Gregorio Benítez;-3.6501632992278767;40.4480961288481
6021;URB;15.0;Arturo Soria  - Condesa de Venadito-Hernández de Tejada;-3.648988618066589;40.44677412061898
6024;URB;15.0;Arturo Soria - Fernández Caro-Marqués de Portugalete;-3.6454745654218392;40.44488380778573
6025;URB;15.0;Arturo Soria - Marqués de Pico Velasco-José del Hierro;-3.641497165979387;40.44243798484335
3791;URB;15.0;Arturo Soria - Alcalá-López de Aranda;-3.6399478930011897;40.440522604724165
6027;URB;15.0;Entrada desde M30  - M-30-Arturo Soria;-3.6632925213481506;40.460733155773745
6028;URB;15.0;Navarro Amandi - Mesena-Arturo Soria;-3.660181338523674;40.46068955753778
6029;URB;15.0;López de Hoyos - Pedro Salinas-Arturo Soria;-3.660325449350206;40.45807620835856
6030;URB;15.0;Belisana - Belisana-Arturo Soria;-3.6566747397135844;40.45780083732699
6031;URB;15.0;José Silva - Agastia-Arturo Soria;-3.6573705924656954;40.455340597292086
6033;URB;15.0;Hernández de Tejada  - Hernández de Tejada-Arturo Soria;-3.6508276827272694;40.44720351755974
6034;URB;16.0;López de Hoyos  - Mesena-Ctra. Canillas;-3.6586627417975213;40.46204449507159
6036;URB;16.0;López de Hoyos - López de Hoyos-Ctra. Canillas;-3.6568181399459356;40.464278965453346
6037;URB;15.0;José del Hierro  - José del Hierro-Arturo Soria;-3.6418059055150365;40.44112999520077
6038;URB;15.0;Torrelaguna  - Arturo Baldasano-José Silva;-3.6606606396667516;40.45483904799362
6039;URB;15.0;Torrelaguna  - Av. Ramón y Cajal-Acceso M30;-3.6606195239275072;40.45327036345435
6040;URB;15.0;Torrelaguna  - Sorzano-Acceso M30;-3.6594751920202766;40.4510183564609
6041;URB;15.0;Av. Ramón y Cajal  - Puente M30-Torrelaguna;-3.6623442021631343;40.453314337516424
10110;URB;15.0;Arturo Soria - Navarro Amandi - Emilio Rubin;-3.661352034973271;40.460315023855685
6044;URB;15.0;Arturo Soria - Lorenzo Solano Tendero-Estrecho de Mesina;-3.653597538134277;40.452456911573556
6045;URB;15.0;Arturo Soria - Estrecho de Mesina-Lorenzo Solano Tendero;-3.6530717400219808;40.451976552778234
10111;URB;15.0;Lopez de Hoyos - Arturo Soria - Asura;-3.659375032881536;40.460447213299204
10113;URB;15.0;Arturo Soria - Luis Carlos Vazquez - Ulises;-3.655563945897467;40.45484891653734
10115;URB;15.0;Arturo Soria - Sorzano - Manuel del Valle;-3.654352111854966;40.45333017360193
10116;URB;15.0;Arturo Soria - Julian Hernandez - Bueso Pineda;-3.6544254492612036;40.45357595578532
10114;URB;15.0;Bueso Pineda - Asura - Arturo Soria;-3.653966165456398;40.45479759815748
10117;URB;15.0;Arturo Soria - Duque de Tamames - Ramirez de Arellano;-3.6523780661701384;40.45080030469846
10118;URB;15.0;Diego Ayllon - Asura - Arturo Soria;-3.6513207492085558;40.45148443568547
10119;URB;15.0;Ramirez de Arellano - Agastia - Arturo Soria;-3.6529168432939945;40.44957732996057
10124;URB;15.0;Lopez de Aranda - General Aranaz - Arturo Soria;-3.6393338444763454;40.44220598545692
10122;URB;15.0;Arturo Soria - Marques de Portugalete - Pilar Cavero;-3.6469176821068885;40.44556719601315
10123;URB;15.0;Marques de Portugalete - General Aranaz - Arturo Soria;-3.645631432401736;40.44602568535017
10121;URB;15.0;Arturo Soria - Emilio Vargas - Hernandez de Tejada;-3.650356821887799;40.44816329637133
10438;URB;15.0;Torrelaguna - Acc. M30 - Rafael Bergamin;-3.6601248318902733;40.45156200325102
10127;URB;15.0;Arturo Soria - Marques de Pico Velasco - Natalia Silva;-3.6443709112401788;40.44437321957691
10298;URB;15.0;Arturo Soria - Asunción Pérez-Ángel Gordillo;-3.664836036863287;40.462781862368956
10436;URB;15.0;José Silva - Torrelaguna - San Nemesio;-3.659994927829977;40.454005099644
10435;URB;15.0;José Silva - Arturo Soria - Agastia;-3.6577584725810888;40.455197139808824
10737;URB;16.0;López de Hoyos - Mesena-Ctra. Canillas;-3.6586395816755233;40.46200635951113
10738;URB;15.0;López de Hoyos  - Arturo Soria - Asura;-3.6593412972457444;40.46040278078744
10824;URB;15.0;Torrelaguna - Rafael Bergamin - Treviana;-3.6589099880000036;40.45069675195876
10827;URB;15.0;Torrelaguna - Emilio Vargas - Ramirez de Arellano;-3.6564832134479524;40.447355091429166
10828;URB;15.0;Emilio Vargas - Agastia - Torrelaguna;-3.655218814842835;40.44757825658257
10829;URB;15.0;Torrelaguna - Ramirez de Arellano - Valvanera;-3.657258864550744;40.44864159187718
10831;URB;15.0;Ramirez de Arellano - Treviana - Torrelaguna;-3.657839379756457;40.447740913389104
10832;URB;15.0;Ramirez de Arellano - Agastia - Torrelaguna;-3.655872139576128;40.448662801907936
10839;URB;15.0;Agastia - Ramirez de Arellano - Emilio Vargas;-3.6539147526892677;40.448951589748376
10840;URB;15.0;Emilio Vargas - Arturo Soria - Agastia;-3.6521155507833334;40.44889677046437
11060;URB;15.0;Asura 83 - Ulises-Bueso Pineda;-3.653418929035384;40.45603199215472
11061;URB;16.0;Asura S-N - Lorenzo Solano Tendero-Julian Hernandez;-3.6516092114855168;40.454071213270836
11062;URB;15.0;Julian Hernandez O-E - Arturo Soria-Asura;-3.6530145896727024;40.454205120511
11063;URB;16.0;Julian Hernandez E-O - Angel Cavero-Asura;-3.651409047291242;40.45510886752492
6048;URB;15.0;Ulíses - Ulíses-Arturo Soria;-3.6561305531911543;40.45602559481178
6050;URB;15.0;Arturo Soria - Giro a Torrecilla del Puerto;-3.651909773005363;40.45024955655586
6056;URB;15.0;Arturo Soria - Fernández Caro-María Portugalete;-3.6453644775645344;40.44475240741459
6061;URB;15.0;Agastia - Arturo Baldasano-José Silva;-3.6588051836113515;40.45487109431308
6062;URB;15.0;Arturo Soria - Manuel Uribe-Añastro;-3.665691965333001;40.46569251010298
6064;URB;15.0;Arturo Soria  - Bausa-Cta. Sagrado Corazón;-3.6666001033882964;40.46847306392705
6065;URB;15.0;Arturo Soria - Bausa-San Juan de Avila;-3.666903297552418;40.46960359837179
6066;URB;15.0;Arturo Soria  - Alonso Saavedra-Julio Danvila;-3.666937870511171;40.47026704104975
6067;URB;15.0;Arturo Soria  - Av. San Luis-Serrano Galvache;-3.6677876031472065;40.4728383873921
6068;URB;15.0;Arturo Soria - Eladio López Vilches-Av. San Luis;-3.668120160895411;40.47460928522697
6069;URB;15.0;Arturo Soria  - Cultura-Caleruega;-3.6688634075858757;40.47821058659265
6071;URB;15.0;Arturo Soria - Briviesca-Caleruega;-3.6669762354865862;40.480536330576534
6073;URB;15.0;Ramonet - Mesena-Arturo Soria;-3.665702889657789;40.46906406376304
6074;URB;15.0;Av. San Luis - Condado de Treviño-Arturo Soria;-3.669925955216416;40.476577791952266
6075;URB;15.0;Caleruega  - Caleruega-Arturo Soria;-3.6679323908455927;40.48037735924902
6076;URB;15.0;Julio Danvila - Mesena-Arturo Soria;-3.665963755156862;40.471749050225704
6077;URB;15.0;Av. San Luis  - Golfo de Salonica-Arturo Soria;-3.667448821833664;40.47540584433685
6078;URB;16.0;Av. San Luis - Eladio López Vilches-Cuevas de Almanzora;-3.6639461837901908;40.47410694421916
6079;URB;16.0;Cuevas de Almanzora  - Bacares-Av. San Luis;-3.6627602302996003;40.474124766337454
6080;URB;16.0;Av. San Luis  - Julio Danvila-Cuevas de Almanzora;-3.6629273531025017;40.47309457311272
6083;URB;15.0;Condado Treviño - M-30 y Av. San Luis;-3.6729606307304516;40.4788604973837
6085;URB;15.0;Av. San Luis  - Arturo Soria-Mesena;-3.667336013547647;40.475304241397964
6087;URB;16.0;Av. San Luis - Av. San Luis-Julio Danvila;-3.661280250066049;40.4722327506422
6088;URB;16.0;Golfo Salonica 1 N-S - (Espliego-Av. San Luis);-3.665520538138004;40.475228492143536
6090;URB;16.0;Julio Danvila - Av. San Luis-Mesena;-3.6640249589791507;40.472031861980454
6091;URB;15.0;Arturo Soria - Laud-M-11;-3.66425847271716;40.4827521998109
6092;URB;15.0;Rotonda Nudo Manoteras - Arturo Soria-Ingeniero Emilio Herrera;-3.663364154865603;40.48330604540545
6093;URB;16.0;Ingeniero Emilio Herrera - Ingeniero Emilio Herrera-Arturo Soria;-3.6614714202016;40.484493447359
6094;URB;16.0;Rotonda Nudo Manoteras - Ingeniero Emilio Herrera-Arturo Soria;-3.6635179184936137;40.48400704015089
6095;URB;15.0;Acceso a Arturo Soria - M-30-Arturo Soria;-3.665117822980048;40.48349894381977
6097;URB;15.0;Arturo Soria  - Dalia-Violin;-3.6669366975667725;40.48032356042278
3831;URB;15.0;Dalia  - Arturo Soria-Dalia;-3.6671335661976237;40.47987635255399
6099;URB;16.0;Bacares - Cuevas de Almanzora-Golfo de Salónica;-3.6644300063811537;40.47804716602718
10167;URB;15.0;Serrano Galvache - Bausa - Arturo Soria;-3.668443346131735;40.47132252467482
6101;URB;15.0;Añastro - Mesena-Arturo Soria;-3.6637648010045063;40.467508471673874
6102;URB;16.0;Mesena - Manuel Uribe-Añastro;-3.6632390909095958;40.46684746247075
6103;URB;15.0;Mesena  - Ramonet-Añastro;-3.663653216059114;40.468165543981215
10109;URB;16.0;Salida a M-11 E-O  - (Dulce Chacón-M-11);-3.6636013927999183;40.484153379568504
6111;URB;16.0;Av. San Luis 77 O-E - Eladio López Vilches-Julio Dánvila;-3.66332999067141;40.473359612506606
3777;URB;16.0;Añastro - Burgo de Osma-Mesena;-3.66280002756439;40.46776446740112
10746;URB;16.0;Avda. San Luis - Eladio López Vilches_Julio Dánvila;-3.6633648046399787;40.47334536342072
10747;URB;16.0;Avda. San Luis - Julio Dánvila_C.de las Cuevas de Almanzora;-3.662888866908168;40.47310954559263
10742;URB;16.0;Avda. San Luis - Eladio López Vilches_Mesena;-3.6640388559405492;40.474382189440334
11136;URB;15.0;Caleruega - Pje. Caleruega - Condado Treviño;-3.6712347095272144;40.48013844054691
6104;URB;16.0;Dulce Chacón - Estación Metro-Ingeniero Emilio Herrera;-3.6631539841748286;40.48435805958785
6105;URB;15.0;Laúd  - Jazmin-Arturo Soria;-3.6641720287622275;40.48253804124218
6106;URB;15.0;Eladio López Vilches - Mesena-Arturo Soria;-3.6675583953069317;40.47351187866389
6107;URB;15.0;Alonso Saavedra - Mesena-Arturo Soria;-3.666476901978051;40.469884362122656
3430;URB;15.0;Manuel Uribe - Mesena-Arturo Soria;-3.664877367840005;40.464339637821254
6109;URB;16.0;Mesena  - Eladio López Vilches-Av. San Luis;-3.665347596213509;40.47454760707494
3778;URB;15.0;Av. San Luis  - Arturo Soria-Mesena;-3.665634865884637;40.47478742993484
6110;URB;16.0;Eladio López Vilches - Mesena-Av. San Luis;-3.6642776601405487;40.47404460249439
6112;URB;16.0;Av. San Luis  - Eladio López Vilches-Cuevas Almanzora;-3.663439497934145;40.47360711251689
10009;URB;15.0;Arturo Soria - Eladio López Vilches-Av. San Luis;-3.6682182319477765;40.475354548571474
10010;URB;15.0;Av. San Luis - Golfo de Salonica-Arturo Soria;-3.668179836605442;40.47582476999441
9857;URB;15.0;Acceso Cuesta Sagrado Corazón -O - M-30-Cuesta Sagrado Corazón;-3.6676700412790058;40.467547397918395
6113;URB;14.0;Camino Vinateros - Manuel Machado-Diego de Valderrábano;-3.659199504989296;40.4106458060698
6114;URB;14.0;Camino Vinateros - Arroyo de la Media Legua-Cdor Diego Valderrábano;-3.657109688732154;40.41068164536651
6117;URB;14.0;Camino Vinateros - Marroquina-Av. Moratalaz;-3.6471521280068826;40.40861601499175
6119;URB;14.0;Camino Vinateros - Av. Moratalaz-Cañada;-3.644629338225956;40.40710663764305
6123;URB;14.0;Av. Moratalaz - Colegio Senara - Av. Moratalaz;-3.644359868471655;40.4085090442011
6122;URB;14.0;Arroyo Media Legua - Av. Doctor García Tapia-Camino Vinateros;-3.6548319460811927;40.41144427315245
6455;URB;14.0;Arroyo Media Legua - Camino Vinateros-Av. Doctor García Tapia;-3.65443219639685;40.41179161962743
6125;URB;14.0;Pico Artilleros - Luis de Hoyos Saínz-Camino Vinateros;-3.640749158445917;40.40552885964109
6456;URB;14.0;Arroyo Media Legua - Av. Doctor García Tapia-Alcalde Garrido Juaristi;-3.653371486739419;40.412830380783326
6454;URB;14.0;Arroyo Media Legua - Alcalde Garrido Juaristi-Av. Doctor García Tapia;-3.653478858054621;40.41284904171488
6453;URB;14.0;Arroyo Media Legua - Acceso O´Donnell;-3.652180524546502;40.41405302701716
6457;URB;14.0;Acceso O´Donnell - Acceso Arroyo Media Legua desde O´Donnell;-3.6512919364572998;40.41411863714363
6439;URB;14.0;Doctor García Tapia  - Fonfo de Saco Av. Doctor García Tapia-Arroyo Media Legua;-3.652732048229908;40.412262170441494
6463;URB;14.0;Doctor García Tapia - Fondo Saco-Doctor García Tapia-Arroyo Media Legua;-3.65341910212066;40.41227295169022
6120;URB;14.0;Corregidor Diego Valderrábano - Alcalde Luis Marichalar-Camino Vinateros;-3.6582154985944166;40.411190942164446
10807;URB;14.0;Camino Vinateros - Arroyo Media Legua-Corregidor Diego Valderrábano;-3.657113106721672;40.4107329450747
10889;URB;14.0;Camino Vinateros - Av. Moratalaz 149 - Cno. Vinateros;-3.6469649720238633;40.40739166097805
11008;URB;14.0;Corregidor Diego Valderrabano - DR. García Tapia - Alfredo Brañas;-3.658091453152968;40.412314125610386
11014;URB;14.0;Cdor. Diego de Valderrabanos - Av. Moratalaz - Cno. de los Vinateros;-3.658671060529679;40.40998405512038
11106;URB;13.0;Sierra Toledana Puente A-3 - Corregidor Alonso-El Bosco;-3.6589035827470466;40.40571871260376
11108;URB;13.0;Sierra Toledana, 63 - Elvira-San Florencio;-3.6592584408186273;40.40459245398241
11111;URB;13.0;Sierra Toledana, 43 - San Florencio-Garganta de Aísa;-3.6597543983874727;40.40369614496138
11110;URB;13.0;Sierra Toledana, 38 - Dr. Lozano-Garganta de Aísa;-3.659864210939797;40.403351792677874
11109;URB;13.0;Sierra Toledana, 53 - Patio de Santiago-El Bosco;-3.659247559368974;40.404457721412115
11185;URB;14.0;Camino Vinateros - P.P. - corregidor Señor de la Elipa;-3.6512853636461053;40.410083320349415
11183;URB;14.0;Arroyo Belincoso - Dr. García Tapia - Camino Vinateros;-3.652169948222805;40.41112263840276
6126;URB;14.0;Camino Vinateros - M-30-Manuel Machado;-3.659810169415504;40.41072985599135
6127;URB;14.0;Alcalde Luis Marichalar - Corregidor Diego Valderrábano-Primavera de Praga;-3.6584112232323127;40.41143208967804
3781;URB;13.0;El Bosco  - Maruja García Romero-Ramón Pérez Ayala;-3.65411827476165;40.40410913350914
6129;URB;13.0;El Bosco - Maruja García Romero-Cerámica;-3.6545883486608988;40.404379689077714
6131;URB;13.0;Acceso Vía Servicio A-3 - El Bosco-A-3;-3.6544790909909124;40.40447248330188
6132;URB;13.0;Maruja García Romero - Maruja García Romero-El Bosco;-3.654589265703461;40.40401911982591
6466;URB;14.0;Alcalde Garrido Juaristi - Alcalde Garrido Juaristi-Arroyo Media Legua;-3.652937864400776;40.413520418218866
9921;URB;14.0;Camino Vinateros - Corregidor Diego Valderrabano-Manuel Machado;-3.658693796619043;40.41071790921058
9945;URB;14.0;Camino Vinateros - Arroyo Media Legua-Arroyo Belincoso;-3.653684483736788;40.41056076047093
9946;URB;14.0;Camino Vinateros - Arroyo Belincoso-Arroyo Media Legua;-3.653969565767494;40.41066737631245
9948;URB;14.0;Camino Vinateros - Corregidor Jose Pasamontes-Marroquina;-3.6488794427296916;40.40929329303875
9947;URB;14.0;Camino Vinateros - Marroquina-Corregidor Jose Pasamonte;-3.6484815757566027;40.40923145266306
9951;URB;14.0;Arroyo Media Legua - García Tapia-Acceso O´Donnell;-3.6527653771412303;40.41337994145205
9950;URB;14.0;Arroyo Media Legua - Santa Irene-Acceso O´Donnell;-3.6510431871596998;40.41506160201317
9953;URB;14.0;Corregidor Diego Valderrabano - Alfredo Brañas-Dr. Garcia Tapia;-3.657967318837953;40.41272386061232
9954;URB;14.0;Doctor García Tapia - Arroyo Media Legua-Félix Rodriguez;-3.656087855051672;40.41306338068278
9955;URB;14.0;Salida M-30 - M-30-Corregidor Diego Valderrabano;-3.6591609324290153;40.41410468417488
6908;URB;14.0;Av. Moratalaz E-O - Arroyo Pilillas-Arroyo Media Legua;-3.654264954653786;40.406007515788055
9949;URB;14.0;Av. Moratalaz O-E - Arroyo Media Legua-Arroyo Pilillas;-3.656298289010225;40.40648131416335
10749;URB;14.0;Camino Vinateros - M-30-Corregidor Diego Valerrabano;-3.6604043502240304;40.41068133087687
6134;URB;15.0;Av. Marqués de Corbera - Montejurra-Ricardo Ortíz;-3.655428268989604;40.42322377136295
6136;URB;15.0;Av. Marqués de Corbera - María Teresa Saenz-Montejurra;-3.651946649591865;40.42575950922587
6137;URB;15.0;Av. Marqués de Corbera - María Teresa Saenz de Heredia-Santa Prisca;-3.651233600575191;40.42615562800042
6138;URB;15.0;Francisco Villaespesa  - Salas Barbadillo-Ezequiel Solana;-3.644584462971668;40.42924571998916
6139;URB;15.0;Francisco Villaespesa - Berastegui-Ezequiel Solana;-3.642958009873678;40.42954563567904
6140;URB;15.0;Ascao  - Berastegui-Gutierre de Cetina;-3.6419171509200066;40.429615550420834
6142;URB;15.0;Ascao  - Luis Ruíz-Emilio Ferrari;-3.6388594799868024;40.431075389094524
6143;URB;15.0;Ascao  - José Arcones Gil-Luis Ruíz;-3.637403380031185;40.43168592873317
6144;URB;15.0;Vital Aza - Luis Ruíz-Emilio Ferrari;-3.6409911584992436;40.432425434064015
6185;URB;15.0;Salas Barbadillo - Trueba-Francisco Villaespesa;-3.6449244936186442;40.42878343362754
6146;URB;15.0;Santa Prisca - Cementerio-Av. Marqués de Corbera;-3.6489820510371787;40.42711001200136
6147;URB;15.0;Gutierrez de Cetina  - Vital Aza-Ascao;-3.6417444593836006;40.43058799416564
10302;URB;15.0;AV. Marqués de Corbera - José Luis Arrese - Montejurra;-3.6558804118336643;40.42280031389064
6148;URB;15.0;Emilio Ferrari - Vital Aza-Esteban Collantes;-3.641518655956763;40.43163333597743
6149;URB;15.0;Av. Marqués de Corbera  - Santa Prisca-Av. Daroca;-3.649507235544922;40.42757549639029
6150;URB;15.0;Ascao - Emilio Ferrari-Luis Ruíz;-3.639523145277325;40.43059968457692
10300;URB;15.0;Poeta Blas de Otero - Poeta Blas de Otero-María Teresa Sáenz de Heredia;-3.655099140778955;40.42151726115002
6152;URB;15.0;Poeta Blas de Otero - Santa Irene-Félix Rodríguez de la Fuente;-3.6537383713728655;40.420550288271215
6154;URB;15.0;Santa Prisca - Av. Marqués de Corbera-Cementerio;-3.6488599106132846;40.42707170997884
6155;URB;15.0;Av. Daroca - Av. Daroca-Santa Genoveva;-3.648525829642369;40.42777304479705
6157;URB;15.0;Av. Daroca - Lago Constanza-Ledesma;-3.6459525358125413;40.42674025141865
6159;URB;15.0;Av. Trece Rosas  - Av. Trece Rosas-Pl. Agustín González;-3.6469721644202924;40.42638894971712
6160;URB;15.0;Lago Constanza - Arriaga-Av. Daroca;-3.6456063371386973;40.42718672417716
6161;URB;15.0;José María Pereda  - Servando Batanero-Francisco Villaespesa;-3.6477549783746976;40.42940817997135
3649;URB;15.0;Ezequiel Solana  - Ezequiel Solana-Francisco Villaespesa;-3.6434174793040666;40.42877503289218
6163;URB;15.0;Ezequiel Solana  - Ezequiel Solana-Vital Aza;-3.6452842386297526;40.431110443777406
6164;URB;15.0;Vital Aza - Gutierre de Cetina-Ezequiel Solana;-3.64426631999551;40.431073781697876
6165;URB;15.0;Vital Aza - Hermanos García Noblejas-José Arcones Gil;-3.6374236853055653;40.43392707498913
6166;URB;15.0;Av. Marqués de Corbera - Ricardo Ortíz-Montejurra;-3.6542605596983297;40.423987946485575
10308;URB;15.0;Av. Márques de Corbera - Gerardo Cordón-José Barbastre;-3.650865117186409;40.42655175370201
6167;URB;15.0;Luis Ruiz  - Vital Aza-Ascao;-3.6391040863997954;40.43186755390974
6168;URB;15.0;Luis Ruíz - Braulio Gutiérrez-Francisco Rioja;-3.6378075738243902;40.43014502348119
6170;URB;15.0;Francisco Villaespesa - José María Pereda-Ledesma;-3.6474386742106826;40.42888235157944
6171;URB;15.0;Francisco Villaespesa  - Lago Constanza-Ledesma;-3.6462414415739732;40.429135584437155
6173;URB;15.0;Av. Daroca - Av. Daroca-Francisco Largo Caballero;-3.6382626416005177;40.42252180451034
6174;URB;15.0;Av. Daroca  - Av. Daroca-Francisco Largo Caballero;-3.640416350640346;40.42366012419303
6175;URB;15.0;Francisco Largo Caballero - Av. Daroca-Nicolás Salmerón;-3.636937434940161;40.42311747547614
6176;URB;15.0;Francisco Largo Caballero  - José Arcones Gil-Av. Daroca;-3.63440153634111;40.423187378835436
6177;URB;15.0;Francisco Largo Caballero - José Arcones Gil-Av. Daroca;-3.638086746319102;40.4232482574262
6178;URB;15.0;Nicolás Salmerón  - Villaescusa-Francisco Largo Caballero;-3.6355839642402077;40.422597068802006
10305;URB;15.0;Av. Marqués de Corbera - Montejurra-Ricardo Ortíz;-3.6541068736458158;40.42418073896186
10304;URB;15.0;Av. Marqués de Corbera - Montejurra-Ntra. Sra. del Villar;-3.6535598832510736;40.4244563318344
6135;URB;15.0;Av. Marqués de Corbera - Ntra. Sra. del Villar-Gerardo Cordón;-3.652730731946206;40.42518604643855
10455;URB;15.0;Francisco Villaespesa - Hermanos Gómez - José Maria Pereda;-3.648245100815811;40.428779647130895
10447;URB;15.0;Francisco Villaespesa - José María Pereda-Hermanos Machado;-3.64790504546196;40.428920939106405
10453;URB;15.0;Fco. Villaespesa - Ledesma-José María Pereda;-3.6470106465855485;40.42903334120593
10454;URB;15.0;Fco. Villaespesa - Ledesma-Lago Constanza;-3.6464935276530523;40.42899839636333
10448;URB;15.0;Francisco Villaespesa  - (Lago Constanza-S. Barbadillo);-3.6456529955174073;40.42911322428098
10452;URB;15.0;Francisco Villaespesa - Ezequiel Solana-Salas de Barbadillo;-3.644363689228279;40.42936298036089
10451;URB;15.0;Francisco Villaespesa - Ezequiel Solana-Berastegui;-3.6433818915006624;40.42939614904778
10450;URB;15.0;Ascao - Gutierre Cetina-Berastegui;-3.6415696279341354;40.42993658672925
10449;URB;15.0;Ascao - Gutierre Cetina-Emilio Ferrari;-3.6409447640918406;40.43000997176054
10445;URB;15.0;Ascao - (Pl. Vilaflor-Arcones Gil);-3.6359353788254056;40.43229672088405
10446;URB;15.0;José Arcones Gi - (Fco. Rioja-Ascao);-3.6362795738274905;40.43128649628674
6179;URB;15.0;Av. Marqués de Corbera - Santa Prisca-Teresa Sáinz Heredia;-3.6514035452715468;40.426133597444405
6180;URB;15.0;Francisco Villaespesa - Ledesma-Francisco Villaespesa;-3.647458307408894;40.42895132181311
6182;URB;15.0;Francisco Villaespesa - Francisco Villaespesa-Ledesma;-3.646967359055503;40.428972888392614
6183;URB;15.0;Francisco Villaespesa - Francisco Villaespesa-Lago Constanza;-3.6457122923401335;40.42915986109627
6184;URB;15.0;Francisco Villaespesa - Francisco Villaespesa-Salas Barbadillo;-3.645188839458576;40.42918716758394
6186;URB;15.0;Francisco Villaespesa - Berastegui-Ezequiel Solana;-3.6437116408756673;40.42941729428046
6189;URB;15.0;Pl. Villaflor - Vital Aza-Ascao;-3.635807771608756;40.43256713598016
6192;URB;15.0;San Marcelo - San Marcelo-Ricardo Ortíz;-3.6582868257767465;40.427019323820076
6221;URB;16.0;Ctra. Canillas - Carril del Conde-Matapozuelos;-3.6524749605392652;40.46335195927631
6222;URB;16.0;Ctra. Canillas - Matapozuelos-Ricardo San Juán;-3.6518960526896977;40.46325246982745
6224;URB;16.0;Ctra. Canillas - Javier Quinto-Utrillas;-3.6441376388438522;40.46421110872919
6225;URB;16.0;Ctra. Canillas - Javier Quinto-Torquemada;-3.6403902120472136;40.46524186760581
6226;URB;16.0;Ctra. Canillas - Torquemada-Javier Quinto;-3.6404581319863345;40.46529667064993
6227;URB;16.0;Ctra. Canillas - Torquemada-Emigrantes;-3.6381270262772007;40.465214478809415
6228;URB;16.0;Ctra. Canillas - Emigrantes-Torquemada;-3.6377985589191537;40.46526771975105
6229;URB;16.0;Moscatelar - Milán-Pl. Liceo;-3.6461022252764703;40.45714322220137
6231;URB;16.0;Silvano - Algabeño-Av. Machupichu;-3.6367941927796004;40.462657425801446
6232;URB;16.0;Silvano - Av. Machupichu-José Domingo Rus;-3.6340213250454094;40.46264020579288
6233;URB;16.0;Silvano - José Domingo Rus-Av. Machupichu;-3.634062295968193;40.46271834643387
6234;URB;16.0;Puente Felipe Juvara - A2-Pl. Yucatán;-3.6263012097412592;40.44995862035294
6235;URB;16.0;Av. de los Andes - Abelias-Pl. Yucatán;-3.6267617551765388;40.452079074111175
6236;URB;16.0;Av. de los Andes - Abelias-Gta. Mar Caribe;-3.6241963303279947;40.453757070399064
6237;URB;16.0;Av. de los Andes - Mitra-Gta. Mar Caribe;-3.6206797292261714;40.45530719908234
3508;URB;16.0;Av. de los Andes - Boj-Añil;-3.6185536302922454;40.4564848019594
10131;URB;16.0;Salida Hacia a M-40 dir. SUR - Av. de los Andes-Av. Logroño;-3.61680902324022;40.45759668320173
10132;URB;21.0;Salida Hacia a M-40 dir. NORTE - Av. de los Andes-Silvano;-3.6179684041723648;40.458669940097835
6238;URB;16.0;Av. Machupichu - Silvano-Mota del Cuervo;-3.6353247947643665;40.463816261969164
6241;URB;16.0;Moscatelar - Estrecho de Torres-Asura;-3.6528055555473884;40.45715992495159
6243;URB;16.0;Silvano - Ángel Cavero-Moscatelar;-3.6450369223867076;40.456379766350715
6244;URB;16.0;Av. Machupichu - Mota del Cuervo-Silvano;-3.635413152988408;40.46378540806385
6245;URB;16.0;Av. Machupichu - Pl. Manuel Rodrigo-Silvano;-3.6349962864273158;40.461573459558984
6246;URB;16.0;Peonias - Peonias- Pl. Yucatan;-3.625094294629736;40.45066512381541
11009;URB;16.0;Av. Machupichu - Machaquito - Av. del Papa Negro;-3.6252698605545755;40.45795146295234
3656;URB;16.0;Entrada desde M-40 - M-40- Av. de los Andes;-3.6188502140528853;40.45871206865004
3657;URB;21.0;Entrada desde M-40 - M-40- Av. de los Andes;-3.615919898821054;40.45754967495043
6248;URB;16.0;Asura - Asura-Moscatelar;-3.653617175702648;40.45631423918042
6249;URB;15.0;Asura - Carril del Conde-Moscatelar;-3.6547676225510894;40.457567652302814
6250;URB;16.0;Liceo - Liceo-Silvano;-3.643337112373674;40.45712522940331
3658;URB;16.0;Silvano - Mosqueda-Haendel;-3.626162842331215;40.4625604970009
11010;URB;16.0;Av. Machupichu - Av. Papa Negro-Machaquito;-3.6248256204524774;40.45772663856253
6252;URB;21.0;Av. Consejo de Europa - Consejo de Europa-M-40;-3.6166345673848137;40.45930106132376
6253;URB;16.0;Emigrantes  - Tribaldos-Arequipa;-3.6372269327554263;40.467721828285725
6254;URB;16.0;Av. Machupichu - Silvano-Pl. Manuel Rodrigo;-3.633966921715507;40.460870280892145
6255;URB;16.0;Av. Machupichu - Florencio Castillo-Machaquito;-3.626515087041217;40.459076959029446
3785;URB;16.0;Av. Machupichu - Av. Papa Negro-Machaquito;-3.6248684822903052;40.457701388524335
6257;URB;16.0;Ctra. Canillas - Pegaso-Servator;-3.6483400879003827;40.46301688759801
6258;URB;16.0;Ctra. Canillas - Utrillas-Servator;-3.646744442306511;40.46336620816256
6262;URB;16.0;Pl. Manuel Rodrigo - José Rizal-Av. Machupichu;-3.6319968230535635;40.46033508977762
6263;URB;16.0;Machaquito - Machaquito-Av. Machupichu;-3.6262608306478024;40.45762513231014
1024;other;12.0;14RL30PM01;-3.7045455704993775;40.394168184003306
1026;other;2.0;14RM32PM01;-3.7024492570461516;40.39499061388556
1023;other;11.0;14RN01PM01;-3.705875925906873;40.394388605262016
6858;other;2.0;15NL09PM01;-3.7106597975793436;40.397748868397215
6850;other;2.0;15NL71PM01;-3.716326509144173;40.40035719543946
1040;other;11.0;16RC01PM01;-3.7233792585382446;40.404279828581686
1039;other;11.0;16RE18PM01;-3.7230504628096073;40.40311954393364
6846;other;11.0;16XC14PM01;-3.7200371866098987;40.39961806025523
6844;other;11.0;16XC70PM01;-3.723113742588681;40.404492045351475
6842;other;2.0;17NC04PM01;-3.721635866730238;40.40749688143402
6265;URB;16.0;Av. de los Andes - Mahonia-Mitra;-3.6185806530727427;40.456866576554106
6266;URB;16.0;Mahonia - Av. Piceas-Av. de los Andes;-3.6195477941277687;40.456808907710176
6268;URB;16.0;Av. de los Andes - Pl. Yucatan-Abelias;-3.6264264024910347;40.45225936997392
6940;URB;16.0;Av. de los Andes - Gta. Mar Caribe-Petunias;-3.621149737367056;40.45488609288724
6269;URB;16.0;Av. Machupichu - Av. Papa Negro-Av. Piceas;-3.623929946028322;40.45638329452765
6270;URB;16.0;Av. Machupichu - Av. Piceas-Av. de los Andes;-3.6230913586154196;40.45503255483108
6925;URB;16.0;Av. Machupichu - Machaquito-Florencio Castillo;-3.6268096216362764;40.45937239050257
6924;URB;16.0;Av. Machupichu - Pl. Manuel Rodrigo-Antonio Larrazabal;-3.631130380384214;40.46071759515338
6926;URB;21.0;Ribera del Loira - Ribera del Sena-Av. Consejo de Europa;-3.6176361287521956;40.4602282254601
6998;URB;21.0;Av. Consejo de Europa - Glorieta Juan de Borbón-Ribera del Loira;-3.6161587149163616;40.45988540441346
6999;URB;21.0;Av. Consejo de Europa - Av. Consejo de Europa-Ribera del Loira;-3.6162383216189204;40.45953236559291
10138;URB;16.0;Silvano - Pl. Liceo-Alcorisa;-3.6404726008553197;40.46118830525891
10140;URB;16.0;Silvano - Alcorisa-José Rizal;-3.639237442659076;40.462012504830156
10142;URB;16.0;Silvano - Alcorisa-Alcorisa;-3.638740065903465;40.46239594899265
10143;URB;16.0;Silvano - Alcorisa-José Rizal;-3.6384375133374043;40.46243714674178
10141;URB;16.0;José Rizal - Vicente Morales-Silvano;-3.637513486474807;40.46172975167989
10139;URB;16.0;Silvano - Av. Machupichu-Alcorisa;-3.636266330174142;40.462724325646306
10151;URB;16.0;Silvano - José Domingo Rus-Miguel Riesco;-3.6321074154099144;40.46262112031422
10152;URB;16.0;Silvano - Joaquín Fernández Leiva-Miguel Riesco;-3.6319705248788328;40.46268773971026
10148;URB;16.0;Silvano - José Álvarez de Toledo-Francisco Mosqueda;-3.62875019641815;40.46258711298139
10150;URB;16.0;Plaza Andrés Jáuregui - Ramón Power-Silvano;-3.6297029268802143;40.463208315928654
10149;URB;16.0;Silvano - Francisco Mosqueda-Plaza Andrés Jáuregui;-3.6285279310761367;40.462655420305545
10347;URB;16.0;Ctra. Canillas - Antonio Cavero-Carril del Conde;-3.6544062551188676;40.46345756875659
6271;URB;16.0;Carril del Conde - Carril del Conde-Ctra. Canillas;-3.653277639685013;40.462553520083944
10752;URB;16.0;Torquemada - Valdespina-Ctra. Canillas;-3.639814879741507;40.465849520722664
10346;URB;16.0;Pegaso - Agustín Calvo-Ctra. Canillas;-3.649254448997839;40.463722381755936
10754;URB;16.0;Emigrantes - Mota del Cuervo-Tribaldos;-3.6364325631266317;40.466406550629955
10756;URB;16.0;Emigrantes - Tribaldos-Arequipa;-3.6371879135256124;40.46773543087211
10755;URB;16.0;Emigrantes - Tribaldos-Ctra. Canillas;-3.636577314907261;40.46632491278389
10679;URB;16.0;Av. del Arroyo del Santo - Gta. Mar Caribe-Arces;-3.622657718964205;40.45384081748631
10681;URB;16.0;Av. de los Andes - Arroyo del Santo - Petunias;-3.621600200252224;40.45472209116779
10997;URB;16.0;Av. Machupichu - Silvano-Mota del Cuervo;-3.6352898420746094;40.46381385125557
10998;URB;16.0;Av. Machupichu - Mota del Cuervo-Silvano;-3.6354523345388117;40.46378454196038
10999;URB;16.0;Av. Machupichu - Pl.Manuel Rodrigo-Silvano;-3.6349873201421548;40.461616455445736
11000;URB;16.0;Av. Machupichu - Silvano-Pl. Manuel Rodrigo;-3.634002473898455;40.46084600975068
11001;URB;16.0;Av. Machupichu - Pl. Manuel Rodrigo - Antonio Larrazabal;-3.6311403470381034;40.46069021105288
11002;URB;16.0;Av. Machupichu - Antonio Larrazabal-Pl. Manuel Rodrigo;-3.6309397315255296;40.460794960557585
11003;URB;16.0;Av. Machupichu - Machaquito-Florencio Castillo;-3.626777396400746;40.45938818221136
11004;URB;16.0;Av. Machupichu - Florencio Castillo-Machaquito;-3.626547300101459;40.459059866045195
11011;URB;16.0;Av. Machupichu - Av. Papa Negro-Av. Piceas;-3.6239789012491066;40.45636459570034
11012;URB;16.0;Av. Machupichu - Av. Piceas-Av. Papa Negro;-3.6239146437373986;40.456564861344276
11013;URB;16.0;Av. Machupichu - Av. Piceas-Av. de los Andes;-3.6231540173549033;40.45500456519367
11065;URB;15.0;Asura N-S - Estrecho Mesina-Silvano;-3.6505023306558506;40.452617630341294
11068;URB;16.0;Silvano E-O - Asura-Estrecho Mesina;-3.6493690742461853;40.45260168005362
11069;URB;16.0;Silvano O-E - Asura-Estrecho Mesina;-3.6492508949522757;40.4526710966244
11128;URB;16.0;Silvano - P.P. Liceo Frances - P.P. Cementerio;-3.6414131544947073;40.46056084238159
11129;URB;16.0;Silvano - P.P. Cementerio - P.P. Liceo Frances;-3.642245976628094;40.45986965395884
11130;URB;16.0;Silvano - Olimpo - Ángel Cavero;-3.6456265635029377;40.45584517149641
11131;URB;16.0;Silvano - Umbría - Jaenar;-3.647188354984369;40.45449897137016
11132;URB;16.0;Silvano - Jaenar - Umbría;-3.647057687599351;40.45456524487999
11134;URB;16.0;Moscatelar - Milan - Parma;-3.648156364477229;40.457146951347575
11135;URB;16.0;Moscatelar - Parma - Milan;-3.649216191293049;40.457097685105474
11138;URB;16.0;Moscatelar - Asura - Bueso Pineda;-3.65161999173931;40.45713087740146
10869;URB;16.0;Ramon Power - Silvano-Ramon Power;-3.6246044835973823;40.462798117936
6273;URB;16.0;Emigrantes - Trefacio-Tribaldos;-3.636775308460106;40.46689993202442
6275;URB;16.0;Silvano - Liceo-Alcorisa;-3.639994518917087;40.46153370498026
6276;URB;16.0;Ángel Cavero - Milán-Silvano;-3.6465256305443656;40.45535061805368
6278;URB;16.0;Sotillo - Sotillo-Av. Madroños;-3.637179713716395;40.45724288749629
6279;URB;16.0;Av. Machupichu - Av. Piceas-Av. Papa Negro;-3.6245195523514537;40.457239015857525
6280;URB;16.0;Gta. Yucatán - Salida a A-2-Puente Felipe Juvara;-3.626643145191199;40.45075026811831
6281;URB;16.0;Abelias - Abelias-Av. de los Andes;-3.625215436344747;40.45318883030153
6282;URB;16.0;Jarilla - Av. Piceas-Av. de los Andes;-3.6255510449042965;40.453731038790096
6283;URB;16.0;Av. de los Andes - Av. de los Andes-Boj;-3.6194531393726446;40.455867216315944
6284;URB;16.0;Añil - Hipercor-Av. de los Andes;-3.6177436558424545;40.45703441797328
6287;URB;16.0;López de Hoyos - Guisona-Ángel Luis Herrán;-3.652360832112317;40.4689192001459
6288;URB;16.0;López de Hoyos - Solsona-Ángel Luis Herrán;-3.65081075250443;40.470724724045105
6289;URB;16.0;López de Hoyos - Solsona-Valdetorres;-3.6498823605274064;40.47171353564545
6290;URB;16.0;Santa Susana - Mar Menor-Santa Virgilia;-3.646467509216199;40.476650652065295
6291;URB;16.0;Santa Susana - Santa Susana-Mar de las Antillas;-3.6466400081204;40.47650728918403
9845;URB;16.0;Av. San Luis - Julio Dánvila-Ctra. Acceso Estación de Hortaleza;-3.6596451783805293;40.47134264279819
10759;URB;16.0;Av. San Luis  - Ctra. Acceso Estación de Hortaleza-Lorca;-3.65633255902332;40.471332482476264
6295;URB;16.0;Valdetorres del Jarama  - Ángel Luis Herrán-Liberación;-3.644191136183609;40.47058049642763
6296;URB;16.0;Valdetorres del Jarama - Liberación-Mar de Kara;-3.6445533757061095;40.47085736169639
6297;URB;16.0;Ayacucho - Mar Adriatico-Valdetorres del Jarama;-3.640700544390608;40.46989038674559
6298;URB;16.0;Arequipa - Torquemada-Emigrantes;-3.640261397656671;40.469024351625244
6299;URB;16.0;Ayacucho - C.O.E.-Mar Adriático;-3.636652154665016;40.46969909872495
6300;URB;16.0;Ctra. Acceso Estación de Hortaleza - Monovar-Virgen del Carmen;-3.6558469248886647;40.47417321778345
6301;URB;16.0;Ctra. Acceso Estación de Hortaleza - Virgen del Carmen-Monovar;-3.655722862502115;40.47417792954375
6302;URB;16.0;Av. Gran Vía de Hortaleza - Av. Gran Vía de Hortaleza-López de Hoyos;-3.655577799349986;40.46663280836803
6303;URB;16.0;Av. Gran Vía de Hortaleza - Haro-López de Hoyos;-3.652491310243099;40.467180056822606
6304;URB;16.0;Av. Gran Vía de Hortaleza - Tijuana-Javier Quinto;-3.6444179394712406;40.468907859886336
6331;URB;16.0;SAnta Adela - Santa Adela - Ctra. Estación de Hortaleza;-3.6510055081360098;40.47881433189959
6305;URB;16.0;Mar Caspio - Felipe Herranz-Mar de las Antillas;-3.6465121274616523;40.47371371988466
6306;URB;16.0;Mar Negro - Mar Menor-Mar de las Antillas;-3.6444983697338764;40.47386148417011
6307;URB;16.0;Mar de las Antillas - Mar Menor-Mar Caspio;-3.645779468811007;40.474917045122716
6309;URB;16.0;Mar Adriático - Chiquinquira-Ayacucho;-3.6392210414132524;40.47097168080082
6312;URB;16.0;Ctra. Acceso Estación de Hortaleza - Doña Guiomar-Monovar;-3.6550165850655993;40.47582172778934
6313;URB;16.0;Ctra. Acceso Estación de Hortaleza - Av. San Luís-Virgen del Carmen;-3.6568043413085376;40.472329822862754
6314;URB;16.0;Virgen del Carmen - Totana-Ctra. Acceso Estación de Hortaleza ;-3.655175825472958;40.47341119470881
6315;URB;16.0;Monovar - Monovar-Ctra. Acceso Estación de Hortaleza ;-3.656178149488852;40.475235521991046
6316;URB;16.0;Barranquilla - Barranquilla-Gregorio Sánchez Herráez;-3.6393405056770427;40.475190312425816
6317;URB;16.0;Gregorio Sánchez Herráez - Barranquilla-Barichara;-3.6386479187014102;40.47621871897602
6318;URB;16.0;Gregorio Sánchez Herráez - M40-Vía de los Poblados;-3.6382657244290786;40.47654580238894
6320;URB;16.0;Gregorio Sánchez Herráez - Vía de los Poblados-M-40;-3.637500389590464;40.4772013060698
6323;URB;16.0;Acceso M-40 - M-40-Gregorio Sánchez Herráez;-3.6388165985443544;40.476902050508855
6324;URB;16.0;Vía de los Poblados - Vía de los Poblados-Gregorio Sánchez Herráez;-3.6372638428980775;40.47694512085994
10741;URB;16.0;López de Hoyos - Guisona-Gran Vía de Hortaleza;-3.653449501029736;40.46777136665711
10744;URB;16.0;López de Hoyos - Solsona-Ángel Luis Herrán;-3.65085009375695;40.47074458371809
10745;URB;16.0;López de Hoyos - Guisona-Ángel Luis Herrán;-3.6523296734798163;40.46889951792361
10843;URB;16.0;Gran Via de Hortaleza - Arroy del Quinto - Andres Obispo;-3.650029771224587;40.46740248775796
10651;URB;16.0;Nevado del Cumbal - Chiquinquira - Aconcagua;-3.6311974544076273;40.46975192895891
10844;URB;16.0;Gran Via de Hortaleza - Andres Obispo - Tijuana;-3.6478240102158126;40.467996282437674
6292;URB;16.0;Av. San Luis - Lorca-Ctra. Estacion de Hortaleza;-3.6563383375194305;40.47135914331074
10846;URB;16.0;Av. Gran Vía de Hortaleza - Gran Vía de Hortaleza-Leira;-3.653369485313714;40.46691693439261
10847;URB;16.0;Gran Vía de Hortaleza - Gta. Sandro Pertini-Puerto Principe;-3.643672982997685;40.46927727893966
11020;URB;16.0;Arequipa - Minaya-Aconcagua;-3.635180784205586;40.4687223281973
11056;URB;16.0;Ctra. Estación de Hortaleza - Santa Adela-Doña Guiomar;-3.6535920363303354;40.47765412805025
11055;URB;16.0;Ctra. Estación de Hortaleza - Monovar-Manuel Chaves Nogales;-3.6547315835743013;40.47608515732916
11057;URB;16.0;Manuel Chaves Nogales - Abizanda-Ctra. Estación de Hortaleza;-3.65354303157334;40.47662675652853
11058;URB;16.0;Ctra. Estación de Hortaleza - Manuel Chaves Nogales-Santa Adela;-3.6531027429945273;40.47803981521066
6325;URB;16.0;Gregorio Sánchez Herráez - Vía de los Poblado-M-40;-3.6373128065599265;40.477464840744084
6327;URB;16.0;Totana - Totana-Virgen del Carmen;-3.6545204141707486;40.47345868704482
6329;URB;16.0;Nevado del Cumbal - Chiquinquira-Aconcagua;-3.6313138428121055;40.46904973317971
6330;URB;16.0;Ctra. Acceso Estación de Hortaleza - M-40-Santa Adela;-3.6521626617412903;40.4792884788121
6332;URB;21.0;Av. Logroño  - Las Ramblas-Joaquín Ibarra;-3.594338599552172;40.459956342222576
6333;URB;21.0;Av. Logroño - Bande-Manuel Aguilar Muñóz;-3.5912215963124257;40.46153293238605
6334;URB;21.0;Av. Logroño - Manuel Aguilar Muñóz-Los Brezos;-3.590947132396239;40.46146073423934
6336;URB;21.0;Av. Logroño - Los Brezos-Basella;-3.5885551916318406;40.46256194978599
6338;URB;21.0;Av. Logroño  - Bureta-San Severo;-3.5857614338219292;40.464428096310876
6340;URB;21.0;Av. Logroño - Av. General-Canal de Suez;-3.5813913541757887;40.469681499972324
6342;URB;21.0;Av. Logroño - Timón-Pajarones;-3.5822871179083244;40.47468268985809
6927;URB;21.0;Av. Logroño  - Pajarones-Timón;-3.5823912999539287;40.47452530054128
9993;URB;16.0;Luis de la Mata - Galatea-Av Logroño;-3.6122928584426703;40.450643011829236
3832;URB;20.0;Alcalá - Jaca-A-2;-3.609714860901108;40.44824386860536
10540;URB;20.0;Alcalá - A-2 - Jaca;-3.6092070149189213;40.44870934696445
9839;URB;21.0;Planeta - Av. General-Av. Logroño;-3.580713428117379;40.47056745019523
6929;URB;21.0;Playa de Riazor - Arroyomolino-Av. Logroño;-3.5834317236280087;40.47568891944736
9969;URB;16.0;Luis de la Mata - Av Logroño-Galatea;-3.612259213919896;40.45067853455281
6348;URB;21.0;Av. Logroño  - Av. Logroño-San Severo;-3.5844615652393865;40.465378382876736
6349;URB;21.0;Bureta - Burriana-Av. Logroño;-3.5861880841095166;40.464527084393886
6350;URB;21.0;Basella - Burriana-Av. Logroño;-3.5879210832313007;40.463292402514895
6351;URB;21.0;Brezos - Antonio Sancha -Av. Logroño;-3.589546436105659;40.461825850543434
6353;URB;21.0;Jardines de Aranjuez - Paseo Alameda de Osuna-Av. Logroño;-3.6038878020304237;40.45386893279077
10001;URB;21.0;Av. Logroño - Timón-Pajarones;-3.582330885705807;40.475310703003416
10002;URB;21.0;Playa de Riazor - Arroyomolino-Av. Logroño;-3.582538018985989;40.47560151914622
9994;URB;21.0;Jardines de Aranjuez - Jardines de Aranjuez-Paseo Alameda de Osuna;-3.601529386060753;40.453935917349476
10145;URB;21.0;Jardines de Aranjuez - Paseo Alameda de Osuna-Jardines de Aranjuez;-3.6018567699249333;40.45392450841566
6346;URB;16.0;Av. Logroño - Luis de la Mata-Isla de Cuba;-3.6106713624826234;40.44985809851148
9854;URB;21.0;Av. Partenón - Ribera del Sena-Av. Capital de España;-3.617108369893146;40.463444927733185
9855;URB;21.0;Av. Partenón - Vía de Dublín-Av. Capital de España;-3.615654580976851;40.46378634465752
6969;URB;21.0;Av. Capital de España - Acceso Campo de las Naciones;-3.6160143239348903;40.46333941940414
6355;URB;15.0;Av. Donostiarra - Av. Donostiarra-Virgen de la Roca;-3.659181220803666;40.43498078740114
6356;URB;15.0;Av. Donostiarra - Virgen de la Roca-Virgen del Lluc;-3.657234746216368;40.434728540307034
6358;URB;15.0;José del Hierro    - Emilio Gastesi Fernández-Virgen del Sagrario;-3.648724305799246;40.43701395052193
6359;URB;15.0;Virgen del Lluc  - José del Hierro-Alcalde López Casero;-3.6544576496747148;40.43455889385471
6362;URB;15.0;Alcalde López Casero - Alcalá-Virgen de Lluc;-3.655764238035825;40.43383140652199
6364;URB;15.0;Virgen del Sagrario - Virgen de Lluc-Elfo;-3.648649864713097;40.43525641682683
6365;URB;15.0;Virgen del Sagrario - Virgen de Lluc-José del Hierro;-3.649038620089451;40.435767652368995
6366;URB;15.0;Hermanos de Pablo    - Virgen del Portillo-José del Hierro;-3.6470752283471524;40.43860043715636
6367;URB;15.0;Hermanos de Pablo    - Alcalá-Germán Pérez Carrasco;-3.6443628537489596;40.43525802641766
6368;URB;15.0;Hermanos de Pablo - José del Hierro-Virgen del Portillo;-3.6470510913313787;40.438680363511864
6369;URB;15.0;Virgen del Portillo - José del Hierro-Fernández Cano;-3.646677865995114;40.43932109120747
6378;URB;15.0;Salvador de Madariaga - Esteban Mora - Verdaguer y García;-3.6571322997672944;40.4384641480876
6372;URB;15.0;Salvador de Madariaga - Verdaguer y García-Av. Badajoz;-3.656928059043568;40.439984072507656
6373;URB;15.0;Av. Badajoz - Salvador de Madariaga-Martínez Villergas;-3.655767428484059;40.44111640634601
6375;URB;15.0;Av. Badajoz - Aristóteles-Torrelaguna;-3.6528133142063584;40.44307181822418
3786;URB;15.0;Av. Badajoz - Torrelaguna-Martínez Villergas;-3.653885407516507;40.4423756966852
6377;URB;15.0;Salvador de Madariaga - Av. Badajoz-Verdaguer y García;-3.6570728982203917;40.440413574186245
6371;URB;15.0;Salvador de Madariaga - Verdaguer y García - Acceso M-30;-3.657027704110866;40.439405446270065
6379;URB;15.0;Esteban Mora   - María Nistal-Antonio Acuña;-3.656341644358189;40.4381799013642
6381;URB;15.0;Acceso desde M-30 - M-30-Salvador de Madariaga;-3.6582138563168285;40.437734824959016
6382;URB;15.0;Av. Badajoz - M-30-Salvador de Madariaga;-3.6581632110423565;40.440788692700245
6383;URB;15.0;Martínez Villergas - Caribe-Av. Badajoz;-3.6549413145231995;40.442637993272356
3792;URB;15.0;Torrelaguna          - Av. Badajoz-General Kirkpatrick;-3.652919607207834;40.44212957171362
3793;URB;15.0;Virgen del Portillo - Virgen del Sagrario-Virgen de Loreto;-3.6548883324888157;40.43561087341284
6384;URB;15.0;Av. Badajoz - Aristótles-Madre Antonia Paris;-3.6521581437469504;40.44342274219673
6385;URB;15.0;Madre Antonia Paris - Agastia-Av. Badajoz;-3.6518382957909576;40.444345831866634
6967;URB;15.0;José del Hierro - Rosalia Trujillo-Doctor Vallejo;-3.6451427565560595;40.439773689969236
10835;URB;15.0;Condesa de Venadito - Martinez Villergas - Torrelaguna;-3.65532152403255;40.443980288323594
10833;URB;15.0;Torrelaguna - Condesa de Venadito - Emilio Vargas;-3.655523132793808;40.44569334745029
10836;URB;15.0;Torrelaguna - Av. Badajoz-Condesa de Venadito;-3.653851779464227;40.44310408127483
6387;URB;15.0;Emilio Gastesi Fernández - Prudencio Álvaro-José del Hierro;-3.648332636783163;40.437002651583505
10748;URB;15.0;Av. Donostiarra - Av. Donostiarra salida comisaria;-3.656199096562086;40.43480527604399
6388;URB;20.0;Av. Canillejas a Vicálvaro - Alcalá-Néctar;-3.615868678550498;40.441759624238436
6389;URB;20.0;Av. Canillejas a Vicálvaro - Canal de Bósforo-Néctar;-3.615100575255735;40.44037972823308
6390;URB;20.0;Av. Canillejas a Vicálvaro - Julián Camarillo-Etruria;-3.613161585623805;40.43690894380943
6392;URB;20.0;Av. Canillejas a Vicálvaro - Albaida-Hinojal;-3.6119598899031184;40.43343379427672
6393;URB;20.0;Av. Canillejas a Vicálvaro - María Sevilla Diago-J.Gª. Boutan;-3.61130561284534;40.43056930107536
6394;URB;20.0;Av. Canillejas a Vicálvaro - Rusia-Av. Guadalajara;-3.611524355604587;40.423597905099406
6396;URB;20.0;Av. Canillejas a Vicálvaro - M-40-Suecia;-3.611084222421339;40.42027681280519
6397;URB;20.0;Av. Canillejas a Vicálvaro - Suecia-Av. Guadalajara;-3.6112700534950526;40.422008879220904
6399;URB;20.0;Av. Canillejas a Vicálvaro - Julia García Boutan-Hinojal;-3.611509144321524;40.43172513515947
6400;URB;20.0;Av. Canillejas a Vicálvaro - María Sevilla Diago-Albaida;-3.6117505006283945;40.43285633902747
6401;URB;20.0;Av. Canillejas a Vicálvaro - Av. Arcentales-Etruria;-3.6122668100683213;40.4350170343787
6402;URB;20.0;Av. Canillejas a Vicálvaro - Etruria-Canal de Bósforo;-3.614180888835303;40.43889060807815
6502;URB;20.0;San Hilario - Gonzalo Torrente Ballester - Luis Aragones;-3.605592001158505;40.44606608950637
11016;URB;20.0;Av Guadalajara - Canillejas a Vicálvaro-Albericia;-3.6117657842207107;40.42258836861482
6404;URB;20.0;Av. Arcentales - Albadalejo-Av. Canillejas a Vicálvaro;-3.6103925207646896;40.4348495134471
6406;URB;20.0;María Sevilla Odiago - Niza-Av. Canillejas a Vicálvaro;-3.6109178423640214;40.432791229975265
6407;URB;20.0;Arcos de Jalón - Pobladura del Valle-Juli García Boutan;-3.6116471842801756;40.42818378935629
6408;URB;20.0;Av. Guadalajara  - Rumania-Marsella;-3.61045024419101;40.42310267002787
6409;URB;20.0;Suecia - Marsella-Av. Canillejas a Vicálvaro;-3.6105799676184547;40.42148419485615
6410;URB;20.0;Aquitania - Toscana-Av. Canillejas a Vicálvaro;-3.6121057101184135;40.420895251082065
6411;URB;20.0;Av. Guadalajara  - San Román del Valle-Pl. Alsacia;-3.6220528592666095;40.4188053011171
10728;URB;20.0;Suecia - Francfort-San Marino;-3.6079050717513725;40.42246312840512
3431;URB;20.0;Toscana - Aquitania-Av. Guadalajara;-3.6124736583785015;40.42115244375553
3529;URB;20.0;Aquitania - Sarre-Toscana;-3.613073051670002;40.42056964669436
6414;URB;20.0;Suecia - Francfort-San Marino;-3.6078913895267766;40.42243508639943
6415;URB;20.0;Rumanía - Suecia-Av. Guadalajara;-3.6096917444452097;40.42212572072976
9865;URB;20.0;Av. Guadalajara - Austria-San Marino;-3.6095354547600866;40.42343552847263
3661;URB;20.0;Av. Canillejas a Vicálvaro - Av. Guadalajara-Suecia;-3.611365546592134;40.42237628099623
11015;URB;20.0;Av. Guadlajara - Canillejas a Vicálvaro-Albericia;-3.6118057602396942;40.42265408362512
10730;URB;20.0;Av. Guadalajara - San Román del Valle-Pl. Alsacia;-3.622059959698773;40.418878894693464
10727;URB;20.0;Aquitania - Sarre-Toscana;-3.613043208779614;40.420524396821186
10620;URB;20.0;San Hilario - Gonzalo Torrente Ballester-Av. Luis Aragonés;-3.6058663890680784;40.445920066302826
10624;URB;20.0;Luis Aragonés - San Venancio - San Hilario;-3.6055587881503914;40.446816587145385
10623;URB;20.0;Luis Aragonés - Acceso M40 - San Hilario;-3.60485755150528;40.44578905878122
10622;URB;20.0;Luis Aragonés - Giro de Luis Aragones a San Hilario;-3.60507719890854;40.446066422562
11018;URB;20.0;Av. Guadalajara 83 - Sarre-Amposta;-3.615327272258587;40.42124694106582
11302;URB;20.0;Julia Garcia Boutan 3 - Calatorao-Ainsa;-3.6097829867773976;40.42974126569029
11303;URB;20.0;Canillejas a Vicalvaro 80 - Pobladura Valle-Salida Gasolinera;-3.611619524470658;40.425853157499624
11304;URB;20.0;Canillejas a Vicalvaro 155 - Guadalajara-Rusia;-3.611372518285423;40.423116255814
11306;URB;20.0;Carril BUS- Aquitania 29 - Nuremberg-Republica Checa;-3.6169714432518365;40.4191034753732
11305;URB;20.0;Aquitania 29 - Nuremberg-Republica Checa;-3.617004108037151;40.41914185340149
11307;URB;20.0;Guadalajara 126 - Francfort-Austria;-3.6072895999818226;40.42422633530193
11309;URB;20.0;Suecia 6 - Marsella - Rumania;-3.609973482751361;40.42165647711486
11310;URB;20.0;CARRIL BUS Suecia 5 E-O - Rumania-Marsella;-3.6096741295406285;40.421827720047666
11311;URB;20.0;Suecia 6 - Rumania-Marsella;-3.609661258197657;40.42179887367042
11312;URB;20.0;Canillejas a Vicálvaro 143 - Butrón-Pobladura del Valle;-3.611591166859147;40.42541096225679
11316;URB;20.0;Av. Guadalajara 53 - República Checa-Bulgaria;-3.6189007454188187;40.42001938827035
11317;URB;20.0;Av. Guadalajara 53 - República Checa-Bulgaria;-3.618869594658477;40.41997437649967
11315;URB;20.0;Av. Canillejas a Vicálvaro 149 - Rusia-Butrón;-3.6114977151821432;40.42440709651737
11318;URB;20.0;San Roman del Valle 20 - Arcos del Jalon-Guadalajara;-3.6210773634225157;40.4199392911456
11319;URB;20.0;Av Canillejas a Vicalvaro - Pobladura del Valle-Arcos del Jalón;-3.6112328271119;40.427827227416145
6416;URB;20.0;Canal de Bósforo - Nicolasa Gómez-Av. Canillejas a Vicálvaro;-3.614374703163862;40.43956451601373
6417;URB;20.0;Julián Camarillo - Albadalejo-Av. Canillejas a Vicálvaro;-3.6148274257726376;40.439363944838185
6418;URB;20.0;Albaida - Albaida-Av. Canillejas a Vicálvaro;-3.612293144271348;40.43394159834318
6419;URB;20.0;Av. Canillejas a Vicálvaro a Suecia - Aquitania-Av. Guadalajara;-3.611283950242067;40.42142256313733
6495;URB;15.0;Fuente Carrantona 28 N-S - Pl. Alsacia-Av. Daroca;-3.6258080786918474;40.4167508856612
6421;URB;14.0;Fuente Carrantona - Paular-Av. Doctor García Tapia;-3.630571627352097;40.409012634810246
6422;URB;14.0;Fuente Carrantona  - Mario Cabré-Luis de Hoyos Sainz;-3.6335786127828116;40.40494468441629
6423;URB;14.0;Fuente Carrantona - Luis de Hoyos Saínz-Hacienda de Pavones;-3.6356798315342784;40.40178783851903
6424;URB;14.0;Fuente Carrantona - Hacienda de Palacios-Encomienda de Palacios;-3.637393726153142;40.39920248792258
6425;URB;14.0;Fuente Carrantona  - Arroyo Fontarron-Miguel Hernández;-3.6399021135766367;40.3952740078248
6426;URB;13.0;Av. Pablo Neruda - El Bosco-Malgrat de Mar;-3.6408550760199727;40.39334927150468
6428;URB;13.0;Av. Pablo Neruda - Av. Pablo Neruda-San Claudio;-3.643370971487472;40.38963723763405
3805;URB;13.0;Av. Pablo Neruda S-N(Puente) - Miguel Hernández-Arroyo Fontarrón;-3.6400290251158247;40.394421644718854
6429;URB;14.0;Fuente Carrantona - Encomienda de Palacios-Hacienda de Pavones;-3.636642177105324;40.40014730336887
6430;URB;14.0;Fuente Carrantona  - Hacienda de Pavones-Luis de Hoyos Sainz;-3.6349518771758342;40.402657911005846
6431;URB;14.0;Fuente Carrantona  - Mario Cabré-Av. Doctor García Tapia;-3.632013822682943;40.40656301051886
6432;URB;14.0;Fuente Carrantona  - Paular-José Bergamín;-3.6301795173684277;40.40947879506958
6497;URB;14.0;Fuente Carrantona S-N - José Bergamín-M-23;-3.628529929824189;40.41248288309391
6496;URB;15.0;Fuente Carrantona N-S - Av. Daroca-M23;-3.6269310418557232;40.415742173783514
6434;URB;14.0;Av. Doctor García Tapia - Marroquina-Av. Moratalaz;-3.642011155967198;40.410497473484284
6435;URB;14.0;Av. Doctor García Tapia - Av. Moratalaz-Molina de Segura;-3.6394553376033483;40.409334935445465
3812;URB;14.0;Doctor Garcia Tapia 216 E-O - Fobos-Fuente Carrantona;-3.6330506222362846;40.40783594332782
6436;URB;14.0;Av. Doctor García Tapia - Rabat-Fuente Carrantona;-3.629606223086536;40.40738352689879
6437;URB;14.0;Av. Doctor García Tapia - Fuente Carrantona-Fobos;-3.633576707747435;40.408139418811786
6438;URB;14.0;Av. Doctor García Tapia - Molina de Segura-Av. Moratalaz;-3.639454879960384;40.409395305657846
6498;URB;15.0;Fuente Carrantona S-N Carril Giro Izq. - M23-Av. Daroca;-3.6269500925135585;40.415479903437536
3811;URB;14.0;Incorporación de O´Donnell (M-23) a Fuente Carrantona O-E - M-23- Fuente Carrantona ;-3.629302641634941;40.41452184968529
6440;URB;14.0;Luis Hoyos Sainz  - Pico Artilleros-Fuente Carrantona;-3.635798878791747;40.40377064974227
6441;URB;14.0;Luis Hoyos Sainz  - Luis de Hoyos Sainz-Fuente Carrantona;-3.6332194102817645;40.40381025388922
6442;URB;14.0;Hacienda de Pavones - Pico Artilleros-Fuente Carrantona;-3.6374160971472986;40.40141582974468
6444;URB;13.0;Vía Servicio A-3 - A-3-El Bosco;-3.642453330976866;40.395040716097974
6445;URB;14.0;Arroyo Fontarrón  - Arroyo Fontarrón-Fuente Carrantona;-3.638591908152904;40.39556455895204
6447;URB;13.0;El Bosco - Benjamín Palencia-Av. Pablo Neruda;-3.6418182949036133;40.39422563625615
6448;URB;13.0;Av. Miguel Hernández - Av. Miguel Hernández-Av. Pablo Neruda;-3.6388608910475346;40.39341413010192
6449;URB;13.0;Av. Miguel Hernández  - Benjamín Palencia-Av. Pablo Neruda;-3.641097611367451;40.39403803213823
6450;URB;14.0;Arroyo Fontarrón - Tacona-Fuente Carrantona;-3.6406587457211472;40.396136729338615
6451;URB;13.0;Andaluces - Antonio Mairena-Av. Pablo Neruda;-3.641205962345866;40.39141819853033
6452;URB;14.0;Av. Moratalaz  - Camimo Vinateros-Av. Doctor García Tapia;-3.6425095334829463;40.40921509760131
10352;URB;14.0;Fuente Carrantona - Encomienda Palacios - Arroyo Fontarrón;-3.638637874544764;40.397324866071045
10350;URB;14.0;Tacona 37 - Encomienda Palacios - Arroyo Fontarrón;-3.6407585983848256;40.396970051274295
10349;URB;14.0;Arroyo Fontarrón 317 - Arroyo Fontarrón - Acceso A-3;-3.6421348069234516;40.39612123043657
10351;URB;14.0;Arroyo Fontarrón  - Fuente Carrantona - Tacona;-3.6401825503352523;40.39609088732652
10354;URB;13.0;Benjamín Palencia 28 - Malgrat de Mar - el Bosco;-3.643448554816478;40.39436794888571
10355;URB;13.0;Av. Pablo Neruda 2 - Malgrat de Mar - Pont de Molins;-3.6415223477046115;40.39245717957607
6458;URB;14.0;José Bergamin - José Bergamín-Fuente Carrantona;-3.630746278366533;40.41082759333713
10928;URB;14.0;Ciudad Encantada - Ankara - Fuente Carrantona;-3.628508184054418;40.410145808244046
6459;URB;14.0;Rabat - Rabat-Av. Doctor García Tapia;-3.627338034228451;40.40756196609222
10357;URB;13.0;Av. Pablo Neruda 17 - San Claudio - de los Andaluces;-3.6424284648565592;40.39087817956617
10356;URB;13.0;Av. Pablo Neruda 9 - De Los Andaluces - Malgrat de Mar;-3.6415837834830134;40.39199467548458
11322;URB;14.0;Hacienda Pavones - Luis de Hoyos Saínz-Valdebernardo;-3.631081386157624;40.39962514278687
6461;URB;14.0;Fuente Carrantona - Av. Doctor García Tapia-Mario Cabré;-3.6321880615211133;40.406555313955664
10671;URB;14.0;Fobos - Jose Bergamín - Dr. Garcia Tapia;-3.634829691513312;40.40897323825517
10672;URB;14.0;Oberón - Mario Cabré - Dr. Garcia Tapia;-3.6350484204897895;40.407315369992155
10669;URB;14.0;Av. Moratalaz - Dr. Garcia Tapia - Cno. Vinateros;-3.64198843803168;40.40947443932874
10670;URB;14.0;Pico Artilleros - Mario Cabré - Pl. Corregidor Ldo. Antonio de Mena;-3.6403545054091295;40.40872728968041
10673;URB;14.0;Dr. Garcia Tapia - Antonio Cumella - Jose Bergamín;-3.6372721669309405;40.40888362463351
10674;URB;14.0;Dr. Garcia Tapia - Merida - Oberon;-3.6362177719622615;40.408458903922295
10675;URB;14.0;Dr. García Tapia - Molina de Segura - Mérida;-3.6376350191387825;40.40881184468515
10677;URB;14.0;José Bergamín - José Bergamín - Dr. Garcia Tapia;-3.6385699632498407;40.410065096438494
3809;URB;14.0;Hacienda Pavones - Luis de Hoyos Saínz-Valdebernardo;-3.6310890157663294;40.399597089613174
6464;URB;14.0;Giro Fuente Carrantona-Ciudad Encantada - Fuente Carrantona-José Bergamín;-3.629648661500869;40.41065745677406
3557;URB;20.0;Pl. Grecia - Pl. Grecia-M-40;-3.607608175767769;40.434569919411906
6469;URB;20.0;Suecia  102 - María Sevilla Diago-Pl. Grecia;-3.606078358014195;40.433676793788514
6470;URB;20.0;Suecia - Bucarest-Pº. Ginebra;-3.6041276953360657;40.42517443894538
6471;URB;20.0;Suecia - Suecia-Pº. Ginebra;-3.6040031940001125;40.42415788591011
6472;URB;20.0;Suecia - Pº. Ginebra (Sur)-Pº. Ginebra (Norte);-3.604179439788025;40.42386118633982
6474;URB;20.0;Pº. Ginebra - Sofía-Suecia;-3.603108840561821;40.42419979935841
6476;URB;20.0;Av. Guadalajara - San Marino-Francfort;-3.607762177420744;40.42401149502058
6477;URB;20.0;Av. Guadalajara - Av. Guadalajara-Av. Niza;-3.6061856850527914;40.424640258302276
6478;URB;20.0;Av. Niza - Pº. Ginebra-Av. Guadalajara;-3.6059873768360657;40.42509860091305
6479;URB;20.0;Av. Niza - Austria-Pº. Ginebra;-3.606236871499859;40.426424691224945
6480;URB;20.0;Pº Ginebra - Av. Guadalajara-Av. Niza;-3.6069217528457975;40.42498623954455
6481;URB;20.0;Pº. Ginebra - Av .Guadalajara-Suecia;-3.6061698701185287;40.42440237673842
6482;URB;20.0;Av. Arcentales - Av. Arcentales-Pl. Grecia-M-40;-3.608758568271365;40.43494592529717
3760;URB;20.0;Pl. Grecia E-O - Av. Arcentales-Pitagoras;-3.6074000429045556;40.43575945122933
6500;URB;20.0;Av. Luis Aragones N-S - Av. Luis Aragones-Pl. Grecia;-3.605536903420956;40.43612084194782
6501;URB;20.0;Pitagoras N-S - Iliada-Pl. Grecia;-3.60688651454884;40.436323894902614
10238;URB;20.0;Av. Arcentales - Sofia - Estocolmo;-3.6023248958982315;40.43351754552416
10240;URB;20.0;Vial 1 - Entrada Av. Arcentales;-3.5993003528710834;40.43340124506838
10627;URB;20.0;Sofia - Julia Garcia Boutan y Manchester;-3.6019014474672493;40.430494296556795
10632;URB;20.0;Sofia - Belgica y Albania;-3.6015957740496645;40.429157179897196
10635;URB;20.0;Sofia - Albania y San Petersburgo;-3.601292170024544;40.42785213131214
10636;URB;20.0;Sofia - San Petesburgo y Albania;-3.601267873344889;40.42805858689959
10631;URB;20.0;Sofia - Belgica y Manchester;-3.601617869461446;40.429550398174136
10628;URB;20.0;Sofia - Manchester y Julia G Boutan;-3.6017639808846487;40.43021901668846
10629;URB;20.0;Machester - Oslo y Sofia;-3.6024683531591335;40.429909669447
10630;URB;20.0;Manchester - Estocolmo y Sofia;-3.601035930699974;40.43012162552093
10633;URB;20.0;Albania 1 - Oslo y Sofia;-3.602179661754326;40.42852443956858
10634;URB;20.0;Albania 6 - Estocolmo y Sofia;-3.600562690608374;40.42875862243221
10960;URB;20.0;Suecia - Bucarest-Pº Ginebra;-3.604165059701845;40.42516863692565
10959;URB;20.0;Suecia - Suecia-Pª Ginebra;-3.604060642227562;40.42414453669656
10958;URB;20.0;Suecia - Pª Ginebra (Sur)-Pª Ginebra (Norte);-3.60414477982235;40.42384118309362
11142;URB;20.0;Suecia - Subr.66011 - Pl. Grecia;-3.6061593412999837;40.4342524755395
11143;URB;20.0;Suecia - Subr.66011 - Pl. Grecia;-3.606262728718248;40.434238091010045
11260;URB;20.0;Suecia, 42 - Bucarest-Budapest;-3.6043418441695074;40.42623802527595
11258;URB;20.0;Calle Suecia, 73 - Calabria-Julia Garcia Boutan;-3.6054603254176882;40.43082898232248
11266;URB;20.0;Suecia, 42 (CARRIL BUS) - Bucarest-Budapest;-3.604309463939788;40.42624269951728
11267;URB;20.0;CARRIL BUS Suecia (Area Infatil) - Manchester-Julia Garcai Boutan;-3.6051325745047915;40.42978156253103
11268;URB;20.0;Niza, 33 - Manchester-Julia Garcia Boutan;-3.6068869620417843;40.42951558237459
11270;URB;20.0;Suecia, 24 - Sajonia-Francfort;-3.6069288807906377;40.42275844517093
11269;URB;20.0;CARRIL BUS_Suecia, 24 - Sajonia-Francfort;-3.606909440784882;40.42272701232058
11289;URB;20.0;Niza, 67 - Plz Grecia-Mª Sevilla Diago;-3.608017494680906;40.43421270257081
11291;URB;20.0;Maria Sevilla Diago, 24 - Niza-Suecia;-3.6073701354204193;40.4332367132523
11293;URB;20.0;Maria Sevilla Diago, 31 - Mónaco-Suecia;-3.6051520629366864;40.43357112806235
11287;URB;20.0;Julia Garcia Boutan, 26 - Niza-Suecia;-3.6066314964483563;40.43008051024732
11288;URB;20.0;Julia Garcia Boutan, 12 - Longares-Niza;-3.608456203185173;40.4298261435662
11297;URB;20.0;Julia Garcia Boutan, 35 - Suecia-Niza;-3.605668795140142;40.43026412524941
11296;URB;20.0;Julia Garcia Boutan, 37 - Monaco-Suecia;-3.6043889996477287;40.430429475069914
11300;URB;20.0;Budapest - Helsinki-Suecia;-3.6036195149314425;40.426902937039216
11299;URB;20.0;CARRIL BUS Suecia, 59 - Alpes-Budapest;-3.604712636725736;40.42753784382898
6483;URB;13.0;Av. Entrevías - Pico Javalón-Timoteo Pérez Rubio;-3.6721222694538294;40.38938767897934
6484;URB;13.0;Timoteo Pérez Rubio - Av. Entrevías-Timoteo Pérez Rubio;-3.6722947520435225;40.387577797481235
6485;URB;13.0;Av. Entrevías - Concejo de Teverga-Timoteo Pérez Rubio;-3.6713931204461607;40.38711916841624
6486;URB;13.0;Av. Entrevías - Ronda Sur-Villacarrillo;-3.66127789660101;40.37691032746264
6487;URB;13.0;Ronda del Sur - Cooperativa Eléctrica-Av. Entrevías;-3.660622770557856;40.37578774707401
6488;URB;13.0;Av. Entrevías - Renfe-Ronda Sur;-3.658288799732187;40.37611082528157
6489;URB;13.0;Embajadores - Santa Catalina-Carretera Villaverde a Vallecas;-3.6760037320751824;40.369021163629014
6490;URB;13.0;Embajadores - Av. Santa Catalina-Caja Mágica;-3.6798010417314058;40.36953069056207
10780;URB;13.0;Av. Entrevías - Ronda Sur-Villacarrillo;-3.6612600883238073;40.376873900559794
10893;URB;13.0;Av. Entrevías - Timoteo Pérez Rubio - Concejo de Trevenga;-3.6716607915069046;40.38772334951933
10894;URB;13.0;Av. Entrevías - Concejo de Trevenga-Mejorana;-3.6713128178914793;40.386584876362214
10895;URB;13.0;Av. Entrevías - Concejo de Trevenga-Mejorana;-3.671262993193762;40.38658992269202
10896;URB;13.0;Concejo de Trevenga - Sierra de Albarracín-Av. Entrevías;-3.67209529209217;40.38624944283805
10897;URB;13.0;Av. Entrevías - Martell-Concejo de Trevenga;-3.671001963170139;40.38600717808953
10898;URB;13.0;Av. Entrevías - Mejorana-Sierra de Albarracín;-3.6709027732837667;40.38539782976137
10899;URB;13.0;Av. Entrevías - Mejorana-Sierra de Albarracín;-3.670856489132089;40.38537462056956
10903;URB;13.0;Av. Entrevías - Vizconde de Arlessón-Imagen;-3.6688379656603023;40.38188627378242
10904;URB;13.0;Av. Entrevías - Paso Peatones-Calero Pita;-3.6697237076151095;40.3834100859508
10907;URB;13.0;Sierra Contraviesa - Conde Rodríguez San Pedro-Av. Entrevías;-3.6708205693318785;40.38409698353337
10909;URB;13.0;Av. Entrevías - Peal-Serena;-3.6644333000203004;40.37847993220643
10912;URB;13.0;Av. Entrevías - Romda del Sur-Villacarrillo;-3.660557092799862;40.37668291025617
10913;URB;13.0;Av. entrevías - Ronda del Sur-Padre Llanos;-3.6589745839494228;40.37619342057447
10911;URB;13.0;Av. Entrevías - Romda del Sur-Villacarrillo;-3.660530472539494;40.376730708345626
10916;URB;13.0;Av. Entrevías - Pozo del Tío Raimundo-Estación El Pozo;-3.6558740116439092;40.37535520526684
10917;URB;13.0;La Mancha - Peñarroya-Campiña;-3.671741579986081;40.37949973234674
10919;URB;13.0;La Mancha - La Mancha-Lagartera;-3.6700435348249103;40.38064975389701
10933;URB;13.0;Av. Entrevías - Membezar - Benamejí;-3.666818351721187;40.379970952227254
10936;URB;13.0;Av. Entrevías - Serena - Benamejí;-3.6665606067121184;40.3798229577991
10938;URB;13.0;Av. Entrevías - Serena - Peal;-3.66469022383543;40.378561191538004
10939;URB;13.0;Serena - Tiscar - Av. Entrevías;-3.666175262571769;40.378580744657604
10934;URB;13.0;Av. Entrevías - Membezar - Benamejí;-3.6668487475655103;40.379943647443504
10935;URB;13.0;Av. Entrevías - Serena - Benamejí;-3.6665291166581846;40.37985027025788
9982;URB;13.0;Av. Entrevías - Hernández Más-La Mancha;-3.668536832547502;40.381484196191806
9983;URB;13.0;Av. Entrevías - La Mancha-Membezar;-3.6691817256795667;40.382172833181826
10163;URB;13.0;Av. Entrevías - Calero Pita-Hernández Más;-3.669441811000639;40.38280291242403
10164;URB;13.0;La Mancha - Guadalcazar-Av. Entrevías;-3.6693385752802694;40.38112778050846
10162;URB;13.0;Av. Entrevías - Benemeji-La Mancha;-3.668065338654109;40.38105429614717
10778;URB;13.0;Av. Entrevías - La Mancha-Membezar;-3.668565147680209;40.38146787556881
10776;URB;13.0;Av. Entrevías - Calero Pita-Hernández Más;-3.6694784908681224;40.38279637780249
10775;URB;13.0;Av. Entrevías - Benemeji-La Mancha;-3.668037935170245;40.38106990890733
6491;URB;20.0;Av. Arcentales - Instucion Libre Enseñanza-Ajofrin;-3.6263705937278927;40.425840729442974
6492;URB;20.0;Av. Arcentales - Colegio Público Chile-Ajofrin;-3.6252401895470907;40.42692436435436
6493;URB;20.0;Av. Arcentales - Colegio Público Chile-Ajofrin;-3.6252318400698202;40.426829197310994
11154;URB;16.0;Fco. Pi y Margall - Isabel Clara Eugenia - Niceto Alcalá Zamora;-3.6487087557113256;40.4861244436487
11153;URB;16.0;Av. Fuerzas Armadas - Av. Fco. Javier Saenz de Oiza - Av. F. Armadas Parking_Oeste;-3.6415025677333532;40.48464028154915
11155;URB;16.0;Fco. Pi y Margall - (Niceto Alcalä Zamora-Gta. Jose Luis Fdez. del Amo;-3.643645302867701;40.48463756747983
11144;URB;16.0;Fuerzas Armadas - Aretha Franklin-P.P. (16-155);-3.637520947331166;40.4855063065774
11149;URB;16.0;Fuerzas Armadas O-E - P.P.(16-162)-Gta. Isidrio Glez. Glez.;-3.6278982404336775;40.48337250490034
11188;URB;16.0;Av Fuerzas Armadas - Gta Isidro Velzaquez-Fuerzas Armadas 298;-3.6245168981732543;40.482178742627056
11191;URB;16.0;Av Fuerzas Armadas, 322 O-E - Av Fuerzas Armadas, 322-Gta Antonio Perpiña;-3.620940995357382;40.48219813404505
11192;URB;16.0;Av Fuerzas Armadas, 322 O-E (Via Servicio) - Av Fuerzas Armadas, 322-Gta Antonio Perpiña;-3.620926641448099;40.481944314285066
11194;URB;16.0;Av Fuerzas Armadas - Gta Antonio Perpiña-Estación;-3.6167443668006998;40.48221531661446
11199;URB;21.0;Fuerzas Armadas - Ciudad Deportiva O-E - Fuerzas Armadas C. Deportiva - Gta Antoñete P.P. (Oeste);-3.6112586254243992;40.48224722640186
11200;URB;21.0;Fuerzas Armadas - Ciudad Deportiva O-E (Vía Servicio) - Av. Fuerzas Armadas - Gta Antoñete P.P. (Oeste);-3.6112443079582737;40.48199340517525
11202;URB;21.0;Manuel Fraga Iribarne S-N-Salida Gta Antoñete - Gta. Antoñete-Jose Antonio Corrales;-3.608302832101857;40.48337456833148
11201;URB;21.0;Fuerzas Armadas E-O Salida Gta Antoñete - Gta Antoñete P.P. (Oeste)-Fuerzas Armadas C. Deportiva;-3.609735351360375;40.48235989932214
11195;URB;21.0;Av Fuerzas Armadas Estacion - Estacion-Gta Antonio Perpiña;-3.6160212667379272;40.48233296842799
11196;URB;21.0;Av. Fuerzas Armadas- Estación E-O (Vía Servicio) - Estacion-Gta Antonio Perpiña;-3.6159155791985347;40.482585108740025
11189;URB;16.0;Av. Fuerzas Armadas 298 E-O (Vía Servicio) - Av. Fuerzas Armadas 298-Gta Isidro Gonzalez;-3.623104655061636;40.48254889372568
11150;URB;16.0;Fuerzas Armadas - Gta. Isidrio Glez. Glez.- P.P.(16-162);-3.6271164133837477;40.48310650031698
11145;URB;16.0;Fuerzas Armadas E-O - P.P. (16-154) Gta. Jose Luis Sanchez del Amo;-3.6406742022604277;40.48494270184043
11140;URB;16.0;Fco. Pi y Margall E-O (Puente) - Gta. Jose Luis Fdez del Amo-Niceto Alcala Zamora;-3.645244961505603;40.48519357095946
11139;URB;16.0;Fco. Pi y Margall, 8 - Niceto Alcala Zamora-Isabel Clara Eugenia;-3.6476113393049747;40.486014965987955
11281;URB;16.0;Niceto Alcala Zamora S-N junto a EMT  - M-11 - Fco. Pi y Margall;-3.6474793063522677;40.48453468578524
11280;URB;16.0;Carril bus Niceto Alcala Zamora S-N EMT  - M-11 - Fco. Pi y Margall;-3.6474098882521084;40.48451017187161
11141;URB;16.0;Niceto Alcala Zamora, 11 - Miguel Angel Asturias-Fco. Pi y Margall;-3.646635248143397;40.48697450677891
11158;URB;16.0;Francisco Javier Saenz de Oza - Paso Cebra-Gta. Jose Luis Fernandez del Amo;-3.6424213548630218;40.485365349705404
11186;URB;16.0;Emma Penella - Gta. Jose Luis Cubillo-Gta. Isidro Gonzalez;-3.627012075394774;40.48145730446451
11187;URB;16.0;Francisco Umbra - Juan Daniel Fullaondo-Gta. Isidro Gonzalez Velázquez;-3.625614570006724;40.480984260362234
11197;URB;16.0;Alejandro de la Sota S-N - Gta. Luis Blanco Soler-Gta. Antonio Perpiña;-3.6177569494076587;40.48093640644737
11198;URB;16.0;Juan Antonio Samaranch - Maria de las Mercedes de Borbón-Antonio Perpiñá;-3.617236048444156;40.48350018730417
11203;URB;21.0;Fuerzas Armadas- Acceso Gta Antoñete - Gta. Anibal Gonzalez-Gta Antoñete;-3.6066537190572596;40.48158426246582
11169;URB;16.0;Av. Fuerzas Armadas - Rocio Jurado y Buenos Aires;-3.6378270214663146;40.48551962552072
6626;URB;16.0;Av. Niceto Alcalá Zamora - Pintor Ignacio Zuloaga - Av. Francisco Pi y Margall;-3.6478622822958866;40.48420533041171
11105;URB;16.0;Av. Niceto Alcalá Zamora - Giro E.M.T. ;-3.6479372683002715;40.48408172001617
11168;URB;16.0; - ;-3.6459943707401017;40.48547084534396
11156;URB;16.0;Fco. Pi y Margall - Niceto Alcalä Zamora-Gta. Jose Luis Fdez. del Amo;-3.642875781751492;40.48439147357987
11231;URB;16.0;Av. Manuel Fraga Iribarne - Gta. José Paz Maroto-P.P.;-3.60864956435508;40.49440874932863
11229;URB;16.0;Av. Manuel Fraga Iribarne - P.P.-Gta. Javier Bellosillo;-3.6086293900587565;40.49217601029502
11225;URB;16.0;Av. Manuel Fraga Iribarne - Gta. Javier Bellosillo-Av. Manuel Fraga Iribarne 43;-3.608615217092429;40.49070993907226
11223;URB;21.0;Av. Manuel Fraga Iribarne - Estanislao Pérez Pita-Gta. Antonio Valdés González Roldán;-3.608597601180111;40.48855470471972
11219;URB;21.0;Av. Manuel Fraga Iribarne - Fernando Higueras-Av. José Antonio Corrales;-3.6085722823251523;40.485751743491605
11218;URB;21.0;Av. Manuel Fraga Iribarne - Av. José Antonio Corrales-Gta. Antoñete;-3.6085318339246717;40.484417836885235
11220;URB;21.0;Av. José Antonio Corrales - Gustavo Pérez Puig-Av. Manuel Fraga Iribarne;-3.607242329615613;40.485067319471035
11238;URB;16.0;César Cort Boti - Félix Candela-Secundino Zuazo;-3.612443548792824;40.49629869711403
6555;URB;20.0;Arrastaria - Aracne-Samaniego;-3.5860654613888174;40.44764969192425
11125;URB;16.0;Ana de Austria 25 - Princesa de Eboli - Fco. Pi y Margall;-3.6597982769915376;40.492196434994995
11126;URB;16.0;Francisco Pi y Margall - Vicente Blasco Ibáñez - Ana de Austria;-3.6595374766791076;40.490790433182994
6592;URB;8.0;Av. Santo Domingo de la Calzada - Ana de Austria-Sauceda;-3.66096012714714;40.50189352284817
6921;URB;8.0;Av. Santo Domingo de la Calzada - Valcarlos-Sauceda;-3.663770188413989;40.503602794872165
3699;URB;8.0;Acceso desde A-1 - A1-Av. Santo Domingo de la Calzada;-3.6608386811806737;40.50233884212678
6920;URB;8.0;Av. Santo Domingo de la Calzada - Giro a la izquierda;-3.66230695419683;40.5030386998054
11160;URB;16.0;Ana de Austria - Princesa de Eboli - Principe Carlos;-3.658191585670222;40.49339240980476
6610;URB;16.0;Av. Francisco Pi y Margall - Ana de Austria-María Tudor;-3.663917883444553;40.49338129993512
6826;URB;16.0;María Tudor - María Tudor-Av. Francisco Pi y Margall;-3.6624716912636854;40.49339283914859
6607;URB;16.0;Francisco Pi y Margall - Princesa de Éboli-Infanta Catalina Micaela;-3.6528244271488255;40.487419810421116
10769;URB;16.0;Niceto Alcalá Zamora - Maria Tudor - Isabel de Valois;-3.6551279388299864;40.49803654621966
10773;URB;16.0;Francisco Pi y Margall - Princesa de Éboli-Infanta Catalina Micaela;-3.6527934161268663;40.48747637509973
10772;URB;16.0;Av. Francisco Pi y Margall - Niceto Alcalá Zamora-Príncipe Carlos;-3.650347210085417;40.48680232654919
10771;URB;16.0;Av. Francisco Pi y Margall - Ana de Austria-María de Portugal;-3.664193403251492;40.493814022257084
10770;URB;16.0;Av. Francisco Pi y Margall - María de Portugal-Av. Burgos;-3.665831786739195;40.494876980988536
11151;URB;16.0;Av. Francisco Pi y Margall, 21 - Plz. Moreno Torres-Princesa de Eboli;-3.65475657955772;40.48802163745091
11152;URB;16.0;Francisco Pi y Margall, 77 - Ana de Austria-Vicente Blasco Ibáñez;-3.6595746195963224;40.49062070231329
6627;URB;16.0;Pintor Ignacio Zuloaga - Príncipe Carlos-Av. Niceto Alcalá Zamora;-3.6519762423353654;40.485865695661175
6628;URB;16.0;Alcalde Aristizabal Manchón - Alcalde Henche Plata-Príncipe Carlos;-3.6506708159563823;40.48866919988753
6630;URB;16.0;Alcalde Redondo Aceña - Alcalde Henche Plata-Príncipe Carlos;-3.651111902138231;40.49023997279484
11164;URB;16.0;Acceso Plz Moreno Torres (Parada BUS) - Plz Moreno Torres-Princesa Eboli;-3.6549981143397554;40.488284133282946
11163;URB;16.0;Acceso Plz Moreno Torres (Parada BUS) - Octavio Paz-Plz Moreno Torres;-3.6574158431694745;40.48932041103364
11162;URB;16.0;Av. Francisco Pi y Margall, 78 - Americo Castro-Ana de Austria;-3.660186192262147;40.49184549088027
11161;URB;16.0;Ana de Austria - Princes Éboli-Francisco Pi y Margall;-3.6599921638141333;40.491079223708894
11159;URB;16.0;Niceto Alcala Zamora Carril BUS - Isabel de Valois-Ana de Austria;-3.6547562448884445;40.497799656732894
9866;URB;16.0;Av. Ingeniero Emilio Herrera - Princesa de Eboli-Infanta Catalina Micaela;-3.6542184641277426;40.49031623545097
9868;URB;16.0;Príncipe Carlos - Alcalde Alvarez de Villaamil-Alcalde Redondo Aceña;-3.651529069309523;40.49037866790382
9869;URB;16.0;Príncipe Carlos - Octavio Paz-Luis Jimenez de Asua;-3.654414605035726;40.492462029429134
9871;URB;16.0;Príncipe Carlos - Vicente Blasco Ibáñez-Americo Castro;-3.655727947006111;40.493494820048376
9870;URB;16.0;Príncipe Carlos - María Tudor-Isabel de Valois;-3.6587415209605236;40.49520453876575
9872;URB;16.0;Ana de Austria - Isabel Clara Eugenia-Príncipe Carlos;-3.6563464188866637;40.49538427245785
10411;URB;16.0;Av. Niceto Alcalá Zamora - María Tudor-Isabel de Valois;-3.655925485039105;40.498468610659046
9876;URB;16.0;Ana de Austria - Isabel Clara Eugenia-Niceto Alcalá Zamora;-3.6552871487209257;40.49616663401287
9877;URB;16.0;Ana de Austria - Ignacio Aldecoa-Niceto Alcalá Zamora;-3.653514309201191;40.498420111820295
9874;URB;16.0;Av. Niceto Alcalá Zamora - Vicente Blasco Ibáñez-Américo Castro;-3.6524120144396712;40.49648898808105
10764;URB;16.0;Niceto Alcalá Zamora - María Tudor-Isabel de Valois;-3.6558780948909235;40.49850614443776
10765;URB;16.0;Ana de Austria - Isabel Clara Eugenia - Príncipe Carlos;-3.65638976614088;40.49539456318874
10763;URB;16.0;Ana de Austria - Isabel Clara Eugenia - Niceto Alcalá Zamora;-3.6552538403157064;40.49614785641409
5199;URB;18.0;San Jaime - Gador-Puerto de Pozazal;-3.6269328267061334;40.379860546316564
5201;URB;18.0;San Jaime - Sierra Tornavaca-Pilas;-3.628224103538999;40.37876987431243
10783;URB;18.0;Av. Mediterraneo - Castillo de Aza - Puentelarra;-3.60606333997216;40.385047926099695
10785;URB;18.0;Av. Santa Eugenia - Castillo de Aza - Puentelarra;-3.610817348497863;40.38255049717855
5207;URB;18.0;Monte de Barbanza - Travesia Gavia Seca-Real Arganda;-3.6190978390102275;40.378700334159944
5208;URB;18.0;Pico de la Sierva - Sierra Gor-Montes Barbanza;-3.618743314718334;40.37915027121002
10787;URB;18.0;Av. Santa Eugenia - Virgen de las Viñas - Puentelarra;-3.6097980328561454;40.381337212419844
10784;URB;18.0;Puentelarra - Av. Mediterraneo - Av. Santa Eugenia;-3.609376726209384;40.382505460902166
5212;URB;18.0;González Dávila - Luis I-Camino Hormigueras;-3.6392120808040405;40.376597606500965
5213;URB;18.0;Camino Hormigueras - Provisional-González Dávila;-3.6375564991027587;40.376091934707524
5214;URB;18.0;Camino Hormigueras - Casas Miravetel-González Dávila;-3.639603111651018;40.37550954999626
5215;URB;18.0;Gonzalez Davila - Gamonal-Hormigueras;-3.6382856719181356;40.37490025004868
5228;URB;18.0;Gonzalez Davila - Luis I-Cno. Hormigueras;-3.6391554481575064;40.37660768978027
5230;URB;18.0;Felipe Alvarez - Manuel Pavia-Jesus del Pino;-3.6234932254305146;40.38203656765896
5644;URB;18.0;San Jaime - Pl. San Jaime-Sierra de Guadalupe;-3.62498691613157;40.38103860570449
10156;URB;18.0;Jesus del Pino - Puerto Idiazabal-Felipe Álvarez;-3.6236321507171083;40.38142408924954
5200;URB;18.0;Puerto de Pilas - Sierra Gredos-San Jaime;-3.6273169602898916;40.37915216259004
5229;URB;18.0;Puerto de Pozazal - Puerto Used-San Jaime;-3.627964265500841;40.37929995276153
5202;URB;18.0;Sierra Gador - Manuel Velez-Sierra Vieja;-3.621893437625908;40.37994293777155
5205;URB;18.0;Real Arganda - Serrania Ronda-Jesus del Pino;-3.6209489371136314;40.379676747820994
5209;URB;18.0;Real de Arganda - Puerto Reinosa-Torcal;-3.617139344981147;40.37949430600266
5210;URB;18.0;Real de Arganda - Sierra Gor-Torcal;-3.6174577754529897;40.37946552941106
5231;URB;18.0;Av. Democracia - Ctra. Vicalvaro a Vallecas- A-3;-3.6245232462674926;40.38464813338252
3482;URB;18.0;Av. Gran Vía del Este - Gran Vía del Este E-O;-3.6235957821134885;40.38401721686482
5232;URB;18.0;Av. Democracia - San Jaime-Ctra. Vicalvaro a Vallecas;-3.6247471307891765;40.382482653208776
5233;URB;18.0;Ctra. Vicalvaro a Vallecas - Bruno Abundez-Av. Democracia;-3.6270228032723133;40.3831985455694
5234;URB;18.0;Arboleda - Arboleda-Ctra. Villaverde a Vallecas;-3.625832350810505;40.384326094408394
9837;URB;18.0;Ctra. Vicalvaro a Vallecas - Av. Democracia-Bruno Abundez;-3.6268317708013256;40.383301304555935
9834;URB;13.0;Ctra. Vicalvaro a Vallecas - Av. Albufera-Bruno Abundez;-3.629132656429442;40.38301901951676
10158;URB;13.0;Av. Albufera - Cocheron de la Villa-Jardinera;-3.629876473800879;40.38249972529264
5862;URB;13.0;Cocherón de la Villa - Cocherón de la Villa-Av. Albufera;-3.63069151210068;40.38239627823568
5861;URB;13.0;Av. Albufera - Av. Albufera-Cocherón de la Villa;-3.630116757544173;40.383044121422394
10159;URB;13.0;Av. Albufera - Calle G-Bruno Abundez;-3.631422832392032;40.383456005191405
10160;URB;13.0;Av. Albufera - Tranvía Arganda-Cocherón Villa;-3.6314520170340128;40.38336905231917
5845;URB;13.0;Av. Albufera - Av. Albufera-M-40;-3.6328448358718335;40.384097330454644
10161;URB;13.0;Av. Albufera - M40-Tranvía de Arganda;-3.6334068116059277;40.384255920287394
5843;URB;13.0;Av. Albufera - Av. Albufera-M-40;-3.6343978760569304;40.38500751924997
5851;URB;13.0;Incorporación desde Av. Albufera hacia M40 - Av. Albufera hacia M40;-3.633387127438382;40.385413734041144
5235;URB;18.0;Av. Democracia  - Ctra. Vicálvaro a Vallecas-San Jaime;-3.625141824027663;40.38273888574985
10980;URB;18.0;Av. Democracia - Gran Vía del Este - Acceso A3 ;-3.6227076831250264;40.38881641483962
9836;URB;18.0;Bruno Abundez - Bruno Abundez-Ctra. Vicalvaro a Vallecas;-3.6277099282631924;40.38301097909761
5358;URB;18.0;Av. Ensanche de Vallecas (carriles centrales) - P.P.- Entrepeñas;-3.608240697687176;40.368087640171595
5359;URB;18.0;Peñagrande de Bracamonte - Puentedey-Av. Ensanche de Vallecas;-3.610149798826764;40.367982225793334
5360;URB;18.0;Av. Ensanche de Vallecas Via de servicio - P.P.-Av. Entrepeñas;-3.6082048718475406;40.368187905722166
5361;URB;18.0;Av. Ensanche de Vallecas - Alto de la Sartenilla-Peñaranda de Bracamonte;-3.6113269841812508;40.369482985760904
5362;URB;18.0;Peñaranda Bracamonte - Av. Entrepeñas-Av. Suertes;-3.6071244841311016;40.371674433404046
5363;URB;18.0;Av. Suertes - Av. Entrepeñas-Peñaranda de Bracamonte;-3.606712961729747;40.37075583007581
5364;URB;18.0;Peñaranda de Bracamonte - Barranco del Novillo-Av. Suertes;-3.607968539549712;40.370563978133895
5366;URB;18.0;Av. Ensanche de Vallecas - Via de servicio - P.P.-M-45;-3.607443449957356;40.36741588770662
5367;URB;18.0;Av. Ensanche de Vallecas (carriles centrales) - P.P.-M-45;-3.607360130713917;40.36751353994098
11090;URB;18.0;Ensanche de Vallecas O-E - Glorieta Av.Ensanche de Vallecas y Vía Servicio M-45;-3.606367333060346;40.366720430649075
9864;URB;18.0;Av. Entrepeñas - Av. Suertes-Peñaranda Bracamonte;-3.6062662499266556;40.37155887998977
11124;URB;18.0;Av.Ensanche Vallecas O-E Vía de Servicio - C/Entrepeñas y Acceso a M-45;-3.6082446365255243;40.3678103734903
11123;URB;18.0;Avda. Ensanche de Vallecas - C/Entrepeñas y Acceso a M-45;-3.60817050825409;40.367910919595325
5373;URB;18.0;Av. Ensanche de Vallecas - M-45-José Gutiérrez;-3.6046652181688468;40.366185496949214
5374;URB;18.0;José Gutiérrez - Av. Cerro Milano-Av. Ensanche de Vallecas;-3.6039788359543947;40.36490828502849
5376;URB;18.0;José Gutiérrez - Av. Suertes-Av. Ensanche de Vallecas;-3.60281394614472;40.36637548333633
5377;URB;18.0;Av. Ensanche de Vallecas - Rafael Leon-Cañada Santisimo;-3.600793237116995;40.36427726176365
5378;URB;18.0;Cañada Santisimo - Av. Cerro Milano-Av. Ensanche de Vallecas;-3.600005555617244;40.36296402746807
5379;URB;18.0;Cañada Santisimo - Av. Ensanche de Vallecas-Av. Cerro Milano;-3.5988758065319093;40.36442593633999
5380;URB;18.0;Av. Ensanche de Vallecas - Adolfo Marsillach-Cañada Santisimo;-3.5983798082233314;40.36321763037399
5383;URB;18.0;Av. Suertes - M-45-Jose Gutierrez;-3.6024598821547356;40.36858290458029
10788;URB;18.0;Rafael León - Av. Suertes-Bernardino Pantorba;-3.60025789341669;40.366107219187086
10790;URB;18.0;Bernardino Pantorba - Cañada Santísimo-Rafael León;-3.5999831566362026;40.36529167576617
10789;URB;18.0;Rafael León - Av. Ensanche de Vallecas-Bernardino Pantorba;-3.601068449746277;40.365039047531724
10791;URB;18.0;Bernardino Pantorba - Gutierrez Maroto-Rafael León;-3.6013203957986386;40.36588078723367
5368;URB;18.0;Av. Ensanche de Vallecas - Via de servicio - P.P.-M-45;-3.604738976979018;40.36648691097782
5369;URB;18.0;Av. Ensanche de Vallecas (carriles centrales) - P.P.-M-45;-3.604807147236389;40.36639864473844
10762;URB;18.0;José Gutiérrez - Av. Suertes-Av. Ensanche de Vallecas;-3.602862086851787;40.36636842811038
10761;URB;18.0;Av. Suertes - Rafael Leon-Jose Gutierrez;-3.6003926470530474;40.367651423676946
11092;URB;18.0;Av.Ensanche de Vallecas - AccesoVia Servicio M45 N-S y Acceso Via Servicio M45 S-N;-3.6057473524596286;40.367171976219055
11093;URB;18.0;Vía de servicio M-45 Acceso Av.Ensanche de Vallecas - M45 - Av. Ensanche de Vallecas;-3.6064325606028937;40.3658345173335
11120;URB;18.0;Av. Ensanche Vallecas - José Gutiérrez-M45;-3.6037535955624955;40.36601202243975
11121;URB;18.0;Ensanche Vallecas - José Gutiérrez-M45;-3.6038382307832246;40.36591971217374
11119;URB;18.0;Av. Ensanche de Vallecas - M-45-José Gutiérrez;-3.6047382707056443;40.36608443722111
11122;URB;18.0;Av. Ensanche de Vallecas - Rafael León-José Gutiérrez;-3.602031940629465;40.36519884660501
3849;URB;1.0;PL.STA BARBARA S-N(SERRANO ANGUITA-PL.ALONSO MARTINEZ);-3.6965610674632705;40.42688140727122
3856;URB;3.0;DR. ESQUERDO N-S(O DONNELL-IBIZA);-3.6692020015623017;40.41944372327485
3857;URB;3.0;DR. ESQUERDO S-N(ALCALDE SAINZ BARANDA-IBIZA)(GIRO A IBIZA);-3.669274318583362;40.41731513294647
3858;URB;3.0;(AFOROS) DR. ESQUERDO N-S (IBIZA-ALCALDE SAINZ BARANDA);-3.6693762326890886;40.417522630870145
3859;URB;3.0;IBIZA O-E(NARVAEZ-DR. ESQUERDO);-3.6705342712968045;40.4179138650649
3861;URB;3.0;ALCALDE SAINZ BARANDA O-E(ANTONO ARIAS- DR. ESQUERDO);-3.670175644698356;40.41649182758745
3862;URB;3.0;DR. ESQUERDO S-N (PEZ VOLADOR-MONEDA);-3.6695209695261903;40.413710637847174
11321;URB;3.0;LIRA E-O (SIRIO-LEO);-3.666399649532688;40.4082641692625
3865;URB;3.0;DR ESQUERDO N-S(SAMARIA-NAZARET)(GIRO A ASTROS);-3.6697708948969106;40.41252661524951
3866;URB;3.0;AV. NAZARET O-E(JESUS APRENDIZ-DR. ESQUERDO);-3.6706983887507088;40.411379648797364
3867;URB;3.0;DR. ESQUERDO N-S(MONTANO-GAVINET);-3.670084048352145;40.40902290638087
4191;URB;3.0;DR. ESQUERDO S-N(LIRA-ESTRELLA POLAR);-3.669944187687071;40.40902823292571
3868;URB;3.0;(TACTICO) LIRA E-O(CRUZ DEL SUR-DR. ESQUERDO);-3.669686948284952;40.40844634711787
3869;URB;3.0;DR. ESQUERDO S-N (AV. MEDITERRANEO-LIRA);-3.670033028688988;40.40794295242558
4193;URB;3.0;AV. MEDITERRANE E-O(CRUZ DEL SUR-PL. CONDE CASAL);-3.667965777550093;40.40666635984981
3870;URB;3.0;AV. MEDITERRANEO E-O(PASO INFERIOR);-3.667966774937387;40.40658115409158
10983;URB;3.0;AV.NAZARET E-O (DR.ESQUERDO -JESUS APRENDIZ);-3.6701997036891902;40.41143629014075
3563;URB;3.0;(TACTICO) ALCALDE SAINZ BARANDA E-O(GIRO IZQ. A ESPLANDIU);-3.665806210280623;40.418453226775114
3724;URB;3.0;(TACTICO) JUAN ESPLANDIU N-S(ENTRADA ALCALDE SAINZ BARANDA);-3.6655232438522884;40.41825165277426
3725;URB;3.0;(TACTICO) ALCALDE SAINZ BARANDA O-E(GIRO IZQ. A VAQUERIAS;-3.666206754651932;40.417952567961564
3878;URB;4.0;(TACTICO) SALIDA TVE TORRESPANA S-N;-3.6625228667661722;40.42113901340164
3726;URB;3.0;ASTROS E-O(CRUZ DEL SUR-DR. ESQUERDO)(GIRO DERECHA);-3.6688732661863397;40.411416736894154
3601;URB;3.0;ASTROS E-O(CRUZ DEL SUR-DR. ESQUERDO)(DE FRENTE);-3.668877730795205;40.41136345054218
10984;URB;3.0;ESTRELLA POLAR E-O(PUENTE M-30 -PEZ AUSTRAL);-3.664637830066975;40.411091303444486
3880;URB;14.0;ESTRELLA POLAR E-O(PUENTE M-30 -SIRIO);-3.662616085335987;40.410974646686356
3881;URB;3.0;SIRIO S-N(M-30 -ESTRELLA POLAR);-3.6640951587088764;40.41033065808002
3602;URB;3.0;ESTRELLA POLAR O-E(PEZ AUSTRAL-SIRIO);-3.6645820890422622;40.411032506666935
3603;URB;3.0;DR. ESQUERDO N-S(ALCALDE SAINZ BARANDA-MONEDA);-3.66950851839627;40.41612056544235
3882;URB;3.0;DR. ESQUERDO S-N(MONEDA-ALCALDE SAINZ BARANDA);-3.669445379919186;40.41467460119525
3883;URB;3.0;DR. ESQUERDO N-S(MONEDA-SAMARIA);-3.669673665600139;40.41412905294756
3884;URB;3.0;DR. ESQUERDO S-N(ASTROS-PEZ VOLADOR);-3.669696688061537;40.41174674192217
3885;URB;3.0;DR. ESQUERDO N-S(AV. NAZARET-ARIAS MONTANO);-3.669928721821529;40.4110621827942
3886;URB;3.0;DR. ESQUERDO S-N(ESTRELLA POLAR-ASTROS);-3.6698365489900286;40.41001054534347
3887;URB;4.0;(TACTICO) ALCALDE SAINZ BARANDA E-O(GIRO A M-30);-3.661289862746222;40.421454699967875
9981;URB;4.0;ALDE. SAINZ DE BARANDA O-E(JUAN ESPLANDIU-T.V.E);-3.6635420804263825;40.421052190545716
9980;URB;4.0;ALDE SAINZ BARANDA E-O(MARQUES DE CORBERA- M-30);-3.660113575355529;40.42153071099122
3889;URB;3.0;(MICRO) PL. CONDE CASAL (ANTES DEL GRUPO 15);-3.6697510221079224;40.4065955033421
7035;URB;3.0;(MICRO) INTERIOR DR. ESQUERDO N-S(DELANTE GRUPO1);-3.6693376462535103;40.417905911717924
7034;URB;3.0;(MICRO) IBIZA E-O(DR. ESQUEDO-MAIQUEZ)(DELANTE GRUPO 4);-3.6702534471936135;40.41804930752173
10024;URB;3.0;(MICRO) PL. CONDE CASAL (DELANTE DEL GRUPO 12);-3.6698175605237986;40.4064609223996
7054;URB;3.0;IBIZA 43 E-O (MAIQUEZ - ANTONIO ARIAS);-3.6724163072410088;40.41815588892089
7053;URB;3.0;MAIQUEZ 52 S-N (ALC. SAINZ BARANDA - IBIZA);-3.6731793344950034;40.41745107498609
4078;URB;2.0;BOLIVAR E-O (EMBAJADORES - PL. LEGAZPI);-3.6935133656862065;40.391646470573846
4079;URB;2.0;Po MOLINO E-O(EMBAJADORES-PL.LEGAZPI);-3.6934586622653756;40.39030150375891
4080;URB;2.0;MAESTRO ARBOS S-N(VALDEMORILLO-TTE. CORONEL NORENA);-3.695175394753564;40.38961927879197
4082;URB;2.0;Po CHOPERA O-E(PL. GENERAL MAROTO -PL. LEGAZPI);-3.6962905425251007;40.3919913084597
3727;URB;2.0;JAIME EL CONQUISTADORS-N(ALDEA DEL FRESNO-PL.GENERAL MAROTO);-3.6983822756903724;40.39526396844719
4083;URB;2.0;JAIME EL CONQUISTADOR S-N(TOMAS BORRAS-ALDEA DEL FRESNO);-3.6982859588266885;40.39530491752345
3728;URB;2.0;GUILLERMO DE OSMA E-O(ALONSO CARBONEL-BENITO VALDERAS);-3.696671231918631;40.39394510650502
3614;URB;2.0;P. CHOPERA E-O(JAIME EL CONQUISTADOR-FERNANDO POO);-3.699534787729279;40.394394664485446
3615;URB;2.0;JAIME EL CONQUISTADOR N-S(TORRES MIRANDA-CTE. BENITEZ);-3.6980616175977126;40.39778997508106
4084;URB;2.0;JAIME EL CONQUISTADOR S-N(CTE. BENITEZ-TORRES MIRANDA);-3.697969157195951;40.39772326770838
4085;URB;2.0;DIVINO VALLES O-E(FERNANDO POO-JAIME EL CONQUISTADOR);-3.698963995758378;40.396512717847436
5095;URB;2.0;CACERES O-E(EMBAJADORES-BATALLA DEL SALADO);-3.697608600497486;40.398746155562016
5096;URB;2.0;EMBAJADORE N-S(JAIME EL CONQUISTADOR-DIVINO VALLES);-3.6972704652291233;40.39779029779972
4086;URB;2.0;EMBAJADORES S-N(CACERES-GRENERAL PALANCA);-3.6980752162598844;40.39915099347419
4087;URB;2.0;EMBAJADORES S-N(BATALLA DEL SALADO-CACERES);-3.6969167061409096;40.39743733756065
4089;URB;2.0;DIVINO VALLES O-E(JAIME EL CONQUISTADOR-ALDEA DEL FRESNO);-3.697157124725627;40.396398705549636
4090;URB;2.0;EMBAJADORES N-S(JAIME EL CONQUISTADOR-DIVINO VALLES);-3.696663353956191;40.39691390205652
4091;URB;2.0;EMBAJADORES S-N(DIVINO VALLES-BATALLA DEL SALADO);-3.6963283268821705;40.39659579320519
4092;URB;2.0;BATALLA DEL SALADO N-S(CACERES-EMBAJADORES);-3.696445358218027;40.398335765402585
4094;URB;2.0;EMBAJADORES S-N(ANTRACITA-BOLIVAR)(SUPERFICIE);-3.692689062324871;40.39097318903916
4121;URB;2.0;EMBAJADORES S-N(GRANITO-PL.BEATA M ANA JESUS);-3.6939047103703895;40.39300897328415
4099;URB;2.0;EMBAJADORES S-N(BRONCE -ANTRACITA)(TUNEL A 130MTS);-3.6913895717346157;40.38856628099011
4100;URB;2.0;PASEO MOLINO E-O(LEGAZPI-EMBAJADORES);-3.6932834140926927;40.390096939778594
4102;URB;2.0;BRONCE E-O(HIERRO-EMBAJADORES);-3.6902549837175784;40.3878080158182
4103;URB;2.0;EMBAJADORES N-S(BRONCE-PLANETARIO);-3.690635517175798;40.38727869141177
4104;URB;2.0;EMBAJADORES N-S(VINUELAS-BRONCE);-3.691096903623754;40.38793227987392
5097;URB;2.0;AV. PLANETARIO E-O(PARQUE TIERNO GALVAN-EMBAJADOR);-3.6895065039023534;40.38728132277774
4105;URB;2.0;EMBAJADORES S-N(PUERTO BEJAR-AV. PLANETARIO);-3.689658473292174;40.38630829318417
3582;URB;2.0;PUERTO SERRANO E-O(PUERTO MIRAVETE-EMBAJADORES);-3.6881171723175465;40.385604538734036
4106;URB;2.0;EMBAJADORES S-N(PUERTO CRUZ VERDE-PUERTO SERRANO);-3.6879785883510317;40.38465721534796
4107;URB;2.0;PUERTO SERRANO O-E (ENTRADA EMBAJADORES);-3.6893569751144972;40.38485107041561
4108;URB;2.0;EMBAJADORES N-S(PUERTO BEJAR-PUERTO SERRANO);-3.6892461095630606;40.3856757636731
4109;URB;2.0;HIERRO N-S(GRANITO-BOLIVAR);-3.6918637864588266;40.39276113093925
4232;URB;2.0;HIERRO N-S(ANTRACITA-BRONCE);-3.69006570137829;40.389657777340524
10409;URB;2.0;P Chopera E-O (Legazpi-Gral Maroto);-3.6962463897961806;40.392053782068494
4098;URB;2.0;(FICTICIO)EMBAJADORES S-N(TUNEL +SUPERFICIE)(SODIO-ANTRACITA);-3.6916658923741483;40.389019246375206
4110;URB;2.0;Po DELICIAS S-N(MURCIA-TORTOSA);-3.6934300154405184;40.405382055684804
4111;URB;2.0;Po DELICIAS O-E(BATALLA DEL SALADO-Po DELICIAS);-3.6948408897858775;40.40420290831149
4112;URB;2.0;Po DELICIAS S-N(ANCORA-DELICIAS);-3.6936662210337117;40.40335066871115
3729;URB;2.0;PALOS DE LA FRONTERA E-O(Po DELICIAS -BATALLA DEL SALADO);-3.6941257329992827;40.403051167992245
4113;URB;2.0;Po DELICIAS S-N(BUSTAMANTE-CANARIAS);-3.6939541722571816;40.401061753151616
4115;URB;2.0;Po DELICIAS S-N(CACERES- GENERAL PALANCA);-3.6942081100817363;40.39862029251174
4116;URB;2.0;Po DELICIAS S-N(TOMAS BRETON-CACERES);-3.6943235714394698;40.39757497046431
4118;URB;2.0;JUAN VERA E-O(JUANA DONA-Po DELICIAS);-3.6934541822845954;40.39616538358567
4119;URB;2.0;Po DELICIAS S-N(ALEJANDRO FERRANT-JUAN VERA);-3.6946324928541645;40.395201784843
4120;URB;2.0;ALICANTE O-E(JUANA DONA-PL. BEATA Ma ANA JESUS);-3.6932198593346963;40.394168476829314
4122;URB;2.0;Po DELICIAS S-N(PL. LEGAZPI-PL. BEATA Ma ANA JESUS);-3.6949305726295916;40.39244606792153
4125;URB;2.0;EMBAJADORES S-N(PL. BEATA Ma ANA JESUS-DIVINO VALLES);-3.6953255793464033;40.39516324772133
10923;URB;2.0;RETAMA O-E(MENDEZ ALVARO-ACANTO);-3.6767713554607706;40.39340362220869
10921;URB;2.0;RETAMA E-O (TAMARINDO-OMBU);-3.674987029339271;40.394908069416644
10925;URB;2.0;AV.PLANETARIO E-O(EROS-ESTRELLA DENEBOLA);-3.681787834120427;40.39427778369838
10926;URB;2.0;ESTRELLA DENEBOLA N-S;-3.683373053759282;40.39425543989109
4142;URB;2.0;(TACTICO) MENESES N-S (5 MTS.) (NEBULOSAS - PLANETARIO);-3.68289818445701;40.39386427165498
4143;URB;2.0;(TACTICO) MENESES S-N (5 MTS.);-3.6824744648995553;40.39354060735024
4144;URB;2.0;GENERAL LACY N-S(DELICIAS-ANCORA);-3.69072290154824;40.403675601928754
4145;URB;2.0;ANCORA E-O(MENDEZ ALVARO-GENERAL LACY);-3.6894761173330806;40.40278095601079
4146;URB;2.0;GENERAL LACY S-N(CANARIAS-ANCORA);-3.6908458865559526;40.40200518760515
4147;URB;2.0;ANCORA E-O(GENERAL LACY-RAFAEL RIEGO);-3.691089713228106;40.402873882140966
4148;URB;2.0;RAFAEL RIEGO N-S(DELICIAS-ANCORA);-3.69217068216731;40.403755398889416
4149;URB;2.0;ANCORA E-O(RAFAEL RIEGO-Po DELICIAS);-3.6924384418531067;40.40295425413787
4150;URB;2.0;GENERAL LACY N-S(BUSTAMANTE-RAMIREZ PRADO);-3.691033415071154;40.40049500188533
4151;URB;2.0;RAMIREZ PRADO O-E(Po DELICIAS-JUAN DE MARIANA);-3.6919780890092664;40.400191121409954
3758;URB;3.0;JUAN DE MENA O-E (Po DEL PRADO-ALFONSO XII);-3.689747421918622;40.41735182764877
3759;URB;3.0;ALFONSO XII S-N (GIRO A ANTONIO MAURA);-3.6889502071972258;40.41591609455457
3523;URB;3.0;ALFONSO XII S-N (FELIPE IV-MENDEZ NUNEZ);-3.688878236523621;40.41574418598812
4156;URB;3.0;FELIPE IV O-E (Po DEL PRADO-ALFONSO XII);-3.68991059723404;40.415071744910954
4157;URB;3.0;FELIPE IV O-E (NORTE) (Po DEL PRADO-ALFONSO XII)(NORTE);-3.690116462496771;40.415385692497544
4158;URB;3.0;ALFONSO XII S-N (GIRO A  ACADEMIA);-3.6888808598972007;40.41432418979779
4159;URB;3.0;ALFONSO XII S-N (CASADO ALISAL-ACADEMIA);-3.6888173601206136;40.41419625114111
3653;URB;3.0;ALFONSO XII N-S (ALBERTO BOSCH-ESPALTER);-3.6889171227774535;40.413319911224065
3683;URB;3.0;CASADO ALISAL O-E (Po DEL PRADO-ALFONSO XII);-3.6901179736716943;40.41395143043794
3654;URB;3.0;ALFONSO XII S-N (CUESTA CLAUDIO MOYANO-ESPALTER);-3.688720494518658;40.411895808035005
4161;URB;3.0;ALFONSO XII N-S (ESPALTER-CUESTA CLAUDIO MOYANO);-3.6888440357067713;40.41085909481229
4162;URB;3.0;ALFONSO XII S-N (INFANTA ISABEL-CLAUDIO MOYANO)(LATERAL);-3.688590694099423;40.40880098848587
4163;URB;3.0;ALFONSO XII N-S;-3.6887014076224385;40.40837557868199
4164;URB;3.0;Po REINA CRISTINA E-O(JOSE ANSELMO CLAVE-ALFONSO XII);-3.6873231625167335;40.406620822706124
3463;URB;3.0;(AFOROS) Po INFANTA ISABEL E-O(ALFONSO XII-GTA. CARLOS V);-3.6900308432149003;40.40796848913775
3464;URB;3.0;(AFOROS) Po INFANTA ISABEL E-O(ALFONSO XII-RNDA.VALENCIA);-3.6901487399678117;40.407865116541956
4167;URB;2.0;STA. Ma CABEZA ENTRADA A CALLE 30 CAL. INTERIOR SENTIDO A-5;-3.7038516340755305;40.39656313297159
4168;URB;2.0;STA. Ma CABEZA ENTRADA CALLE 30 CAL. EXTERIOR SENTIDO A-4;-3.703865958133248;40.39652363099517
7041;URB;1.0;Po DEL PRADO N-S(ZORRILLA-PLAZA DE LAS CORTES);-3.694240236444069;40.41726649222181
4172;URB;3.0;PLAZA LEALTAD E-O(ANTONIO MAURA -Po DEL PRADO);-3.6923038015650445;40.41610102787298
4173;URB;1.0;(AFOROS)Po DEL PRADO S-N(ESPALTER-PL. CANOVAS  DEL CASTILLO);-3.6929415417022358;40.41283002614731
3719;URB;2.0;(AFOROS)STA MARIA CABEZA, 11 N-S(LAT. DCHO. SUPERFICIE);-3.6944981095987757;40.40636748556459
4174;URB;2.0;STA. MARIA CABEZA, 11 N-S(RONDA ATOCHA-MURCIA)(TUNEL);-3.694432219553897;40.406332782546556
4175;URB;2.0;STA MARIA CABEZA, 11 N-S(LATERAL IZQDA)(SUPERFICIE);-3.6943782980383824;40.40630134364029
4176;URB;2.0;MURCIA 1 E-O(STA MARIA CABEZA-Po DELICIAS);-3.6949473841352156;40.40536666646609
4177;URB;2.0;MARQUES VALDAVIA, 9 O-E(STA MARIA CABEZA-RONDA ATOCHA);-3.6955688256147776;40.40551878991473
4178;URB;2.0;BATALLA DEL SALADO N-S(DELICIAS-PALOS FRONTERA);-3.6957748968669195;40.404124879155596
4179;URB;2.0;STA MARIA CABEZA N-S(JOSE ANTONIO ARMONA-PALOS LFRONTERA);-3.696496275656738;40.40401242392272
3692;URB;2.0;JOSE ANTONIO ARMONA N-S(SEBASTIAN ELCANO-STA MARIA CABEZA);-3.6970279048771295;40.404984168057624
4181;URB;2.0;EMBAJADORES N-S(STA MARIA CABEZA-GENERAL PALANCA);-3.6988114535564374;40.40002713006566
4182;URB;2.0;STA MARIA CABEZA N-S(EMBAJADORES-PENUELAS);-3.6997610454473633;40.40056097463732
4183;URB;12.0;STA Ma CABEZA ENTR.CALLE30 EXT SENT A4(DESDE PL. ELIPTICA);-3.705546541543095;40.39385937983761
4184;URB;2.0;STA MARIA CABEZA S-N(PUENTE DE PRAGA-AGUILON);-3.7029192615139888;40.396845907525055
4185;URB;2.0;Po DE LA ESPERANZA N-S(GARGANTILLA-STA MARIA CABEZA);-3.7027003361086193;40.39840626484789
4186;URB;2.0;BATALLA DEL SALADO N-S(PALOS DE LA FRONTERA-CANARIAS);-3.695943101322755;40.40273502398175
4187;URB;2.0;PALOS DE LA FRONTERA E-O(BATALLA DEL SALADO-STAMARIA CABEZA);-3.69615977265499;40.40317130524051
3585;URB;2.0;CANARIAS O-E(BATALLA DEL SALADO-DELICIAS);-3.695407737266708;40.40198488351968
3586;URB;2.0;BATALLA DEL SALADO N-S(CANARIAS-FERROCARRIL);-3.6960307543306405;40.401968703418966
4188;URB;2.0;CANARIAS O-E(STA MARIA CABEZA-BATALLA DEL SALADO);-3.6971441299224055;40.40208119383475
4189;URB;2.0;BATALLA DEL SALADO N-S(EMBAJADORES-FERROCARRIL);-3.696268261868502;40.39995602170344
4190;URB;2.0;MENDEZ ALVARO S-N(MURCIA-GTA. CARLOS V);-3.692106583000253;40.40642551591747
3467;URB;2.0;BERNARDINO OBREGON N-S(PALOS FRONTERA-STA Ma CABEZA);-3.6985692429381922;40.4020715100261
4194;URB;2.0;(AFOROS) STA. MARIA CABEZA S-N(PENUELAS-EMBAJADORES);-3.700217255874932;40.3999269349453
4195;URB;2.0;CACERES O-E(STA.Ma CABEZA-FERNANDO POO);-3.7007996203858395;40.399022231495195
4197;URB;2.0;Po DELICIAS S-N(TORTOSA-MENDEZ ALVARO);-3.69331424810006;40.40635264849984
4198;URB;2.0;SALIDA M-30 CALZADA INTERIOR SENT. STA Ma CABEZA;-3.7032278338621594;40.39644540703419
5103;URB;2.0;STA Ma CABEZA S-N(ENTRADA M-30 SENT.A-3)(LATERAL TUNEL);-3.7038454178169005;40.395757484847344
4171;URB;1.0;Pº DEL PRADO S-N (NEPTUNO-PL LEALTAD);-3.693617187274458;40.41633836928976
5080;URB;3.0;PSO. REINA CRISTINA O-E(ANDRES TORREJON-PL. MARIANO DE CAVIA);-3.681568688563191;40.40702447743418
11206;URB;2.0;STA. Ma CABEZA N-S(PM13030+13032) LATERALES TUNEL;-3.696065413225886;40.40452338031195
7136;URB;2.0;(AFOROS) STA Ma CABEZA N-S (LATERAL DRCHO.-IZQDO-TUNEL);-3.6942784621553577;40.40648397517939
7137;URB;3.0;(AFOROS) Po INFANTA ISABEL E-O(ALFONSO XII-GTA. CARLOS V);-3.6898592926416502;40.407810444816285
7138;URB;1.0;(AFOROS) Po DEL PRADO S-N(ESPALTER-PL.CANOVA CASTILLO);-3.6929022548827506;40.4126588497729
7139;URB;1.0;(AFOROS) Po DEL  PRADO N-S(PL. PLATERIAS-GTA. CARLOS V);-3.693176434549684;40.41186330683583
4200;URB;1.0;SAN SEBASTIAN N-S(HUERTAS - ATOCHA);-3.701480835970553;40.41401741976242
4202;URB;1.0;MAGDALENA O-E(CANIZARES -AVE MARIA);-3.7009573964526163;40.41235193194289
4203;URB;1.0;ATOCHA E-O(LEON-SAN SEBASTIAN);-3.70066394589891;40.413113435540566
4204;URB;1.0;SAN EUGENIO O-E(SANTA ISABEL - SAN ILDEFONSO);-3.697806293609312;40.41080334874167
4205;URB;1.0;ATOCHA E-O(SAN EUGENIO-MORATIN);-3.6974978173646615;40.41154945082444
4206;URB;1.0;ATOCHA E-O(SAN PEDRO-SAN EUGENIO);-3.693271185516216;40.409656488363176
4207;URB;2.0;(TACTICO) MARQUES DE LA VALDAVIA S-N(ENTRADA CRUCE);-3.6960595538226793;40.406577596058895
4208;URB;1.0;MALLORCA N-S(DR.FOURQUET -RONDA ATOCHA);-3.6978902051186;40.40716719764105
3722;URB;2.0;FRAY LUIS DE LEON S-N(PALOS FRONTERA-RONDA VALENCIA);-3.6990659596579647;40.40538673937809
5104;URB;1.0;(AFOROS) RONDA VALENCIA E-O(VALENCIA-MESON DE PAREDES);-3.6997205636833246;40.40586897580886
4211;URB;2.0;(AFOROS) RONDA VALENCIA O-E(MESON DE PAREDES-FRAY LUIS LEON);-3.700601472413698;40.405532898866994
4212;URB;1.0;RONDA VALENCIA E-O(MESON DE PAREDES-GTA. EMBAJADORES);-3.701099081252191;40.40547823264727
4213;URB;2.0;EMBAJADORES S-N(SEBASTIAN ELCANO-GTA. EMBAJADORES);-3.701712279305045;40.40407158721776
4214;URB;2.0;EMBAJADORES N-S(GTA. EMBAJADORES-MORATINES);-3.7022642688985785;40.404545480770665
4215;URB;2.0;Po ACACIAS O-E(PENUELAS-GTA. EMBAJADORES);-3.704692164391371;40.404405920057734
4216;URB;2.0;RONDA TOLEDO O-E(SORIA-GTA. EMBAJADORES);-3.705031538004598;40.40540198322201
4219;URB;2.0;Po ESPERANZA S-N(MORATINES-Po ACACIAS);-3.7059122034904646;40.4030804693408
4220;URB;2.0;Po ACACIAS E-O(Po ESPERANZA-GASOMETRO);-3.70688490867527;40.40384705337403
4221;URB;2.0;GASOMETRO S-N(Po ACACIAS-RONDA TOLEDO);-3.708057754502284;40.40417602300743
4222;URB;2.0;Po ACACIAS O-E(Po ESPERANZA-GASOMETRO);-3.707661137616788;40.403590434383844
4226;URB;2.0;Po ACACIAS O-E(Po DE LOS OLMOS-GASOMETRO);-3.709078596973431;40.40318944778003
4227;URB;2.0;Po ACACIAS E-O(GASOMETRO-Po DE LOS OLMOS);-3.7090520585432207;40.40326342132523
4228;URB;2.0;Po DE LOS OLMOS N-S(RONDA TOLEDO-Po ACACIAS);-3.710748086412695;40.403766424725504
4229;URB;2.0;Po ACACIAS O-E(PIRAMIDES-JUAN ANTONIO VALLEJO- NAJERA BOTAS);-3.711828999539633;40.402015386076634
4230;URB;2.0;EMBAJADORES S-N(STA Ma CABEZA-PALOS DE LA FRONTERA);-3.6999637533822973;40.401805782402654
4231;URB;2.0;EMBAJADORES N-S(LABRADOR-STA Ma CABEZA);-3.700258337363091;40.402024091932205
4234;URB;2.0;EMBAJADORES S-N(PALOS FRONTERA-SEBASTIAN ELCANO);-3.7009955500343894;40.40315649189649
4235;URB;2.0;PALOS DE LA FRONTERA E-O(BERNARDINO OBREGON-EMBAJADORES);-3.6995464830124836;40.40286192464753
4236;URB;2.0;EMBAJADORES N-S(MORATINES-LABRADOR);-3.701234175947183;40.40326318929736
4237;URB;2.0;MORATINES O-E(MARTIN VARGAS-EMBAJADORES);-3.702270445288061;40.403587151177604
3669;URB;1.0;RIBERA DE CURTIDORES N-S(MIRA EL SOL- RONDA TOLEDO);-3.707264206220097;40.406901485901
3670;URB;2.0;GASOMETRO N-S(RONDA TOLEDO-PSO ACACIAS);-3.7083495248970864;40.40558496295621
4239;URB;2.0;RONDA TOLEDO O-E(TOLEDO-GASOMETRO);-3.709518507592559;40.406200907070435
4240;URB;2.0;(TACTICO) Po YESERIAS N-S (ENTRADA AL  CRUCE);-3.7087333365681947;40.39872299192416
10037;URB;2.0;Po YESERIAS O-E(YESERIAS-NAVES);-3.7077776095466737;40.39795587202104
10427;URB;1.0;ATOCHA O-E (FERNAN NUNEZ -SAN EUGENIO);-3.6979426220925427;40.41172105083588
10491;URB;1.0;ATOCHA O-E (DOCTOR MATA - CARLOS V);-3.6935677982538957;40.40969191693998
10866;URB;2.0;Po ESPERANZA N-S (JUAN ANTONIO VALLEJO NAJERA BOTAS - LABRADOR);-3.704555026680445;40.40100000724186
10867;URB;2.0;Po ESPERANZA S-N (GARGANTILLA - LABRADOR);-3.7035157179508684;40.39972677965243
7133;URB;1.0;ATOCHA E-O (GIRO A FERNAN NUNEZ)(SAN EUGENIO-FERNAN NUNEZ);-3.697726059354106;40.4116638794353
7135;URB;2.0;(AFOROS)EMBAJADORES N-S(MORATINES-LABRADOR);-3.7013462640542407;40.40340177620606
4243;URB;3.0;Po PRADO S-N(PL. CANOVAS DEL CASTILLO-PL. CIBELES);-3.693398211473479;40.417316015316075
3671;URB;4.0;(AFOROS) ALCALA E-O(PL. INDEPENDENCIA-PL. CIBELES);-3.690436479433424;40.41982033673656
4245;URB;1.0;BARQUILLO N-S(INFANTAS-ALCALA);-3.6956241417709053;40.419754203674366
4246;URB;1.0;ALCALA E-O(PL. CIBELES-BARQUILLO);-3.694147587107995;40.419269502558116
4248;URB;1.0;ALCALA E-O(GRAN VIA-CEDACEROS);-3.697360975466055;40.418527140312946
4249;URB;1.0;ALCALA O-E(BARQUILLO-CIBELES);-3.6952011202315767;40.41896894937779
4250;URB;1.0;ALCALA O-E(CEDACEROS-GRAN VIA);-3.6980972457045134;40.41824332145983
4251;URB;1.0;CEDACEROS S-N(CARRERA SAN JERONIMO-ALCALA);-3.69851417100618;40.417619050344996
4252;URB;1.0;ALCALA E-O(CEDACEROS-PELIGROS);-3.6989263029584754;40.41804096434825
10528;URB;1.0;PELIGROS S-N(ALCALA-GRAN VIA);-3.698944079676291;40.418071679628525
4256;URB;1.0;SEVILLA N-S(ALCALA-PL. CANALEJAS);-3.7001463557965537;40.41709671478921
10530;URB;1.0;SEVILLA N-S (SALIDA PARKING A 5 MTS G.3);-3.700347990144331;40.416851948461606
10527;URB;1.0;SEVILLA N-S (SALIDA PARKING A 25 MTS G.3);-3.7002536272978506;40.416984063774514
4257;URB;1.0;BARQUILLO N-S(GRAVINA-AUGUSTO FIGUEROA);-3.695624345710457;40.42245192116522
10639;URB;1.0;ALCALA O-E (SALIDA PARKING);-3.699010901459741;40.41792476656067
4258;URB;1.0;PRIM E-O(CONDE XIQUENA-BARQUILLO);-3.6948114242540084;40.42191564534652
4259;URB;1.0;BAILEN N-S(CUESTA DE LA VEGA-DON PEDRO);-3.713619384277291;40.414541208834414
4260;URB;1.0;CUESTA DE LA VEGA O-E (RONDA SEGOVIA-BAILEN);-3.7147066470008228;40.415124573252434
4261;URB;1.0;BAILEN N-S(REQUENA-CUESTA LA VEGA);-3.7135118317630185;40.41558312436538
3707;URB;1.0;MAYOR E-O (SACRAMENTO-BAILEN);-3.712823858374374;40.41516077525872
4262;URB;1.0;BAILEN S-N (DON PEDRO - MAYOR);-3.7135434014658597;40.41450847460385
3618;URB;1.0;Don Pedro O-E (Moreria-Bailen);-3.7144662482732387;40.411888180200386
4263;URB;1.0;Cra.San Francisco E-O(Isidro Labrador-Gran Via S.Francisco);-3.712608448052216;40.41099966381369
4264;URB;1.0;Gran Via San Francisco N-S(Cra.SFrancisco-S.Bernabe);-3.7138468313038353;40.409984916248334
4265;URB;1.0;(AFOROS)Gran Via San Francisco S-N(S.Bernabe-Cra S Francisco);-3.7134040686876095;40.40929817428764
4266;URB;1.0;(TACTICO)San Bernabe O-E;-3.713693890236543;40.409223822569885
3475;URB;1.0;Gran Via San Francisco S-N (Isabel Tintero-Aguila);-3.712913954299378;40.408472386062535
4268;URB;1.0;MAYOR O-E (PL. VILLA-MILANESES);-3.7102965099443708;40.415548638761
4269;URB;1.0;(AFOROS) MAYOR O-E (COMANDANTE MORERAS -;-3.7081127651144468;40.416088424785904
4270;URB;1.0;COMANDANTE MORERAS N-S (FUENTES-SANTIAGO);-3.7086260850601795;40.416373906896304
7087;URB;1.0;BAILEN N-S (GIRO A MAYOR)(SALIDA TUNEL-MAYOR);-3.7134561632717227;40.4155277063108
7090;URB;4.0;(MICRO) Po RECOLETOS(CIBELES - MARQUES DEL DUERO);-3.6924213775257844;40.42038995613767
4279;URB;1.0;BAILEN N-S (GIRO IZQDA. A MAYOR);-3.7134938167963853;40.4152671798717
11301;URB;1.0;(TACTICO)CCTV CARRERA SAN JERONIMO O-E(PTA SOL-PL.CANALEJAS);-3.700522792586793;40.41663226003124
4281;URB;1.0;REYES O-E(SAN BERNARDO-AMANIEL)(FRENTE Mo JUSTICIA);-3.7079907998288513;40.424335015407415
4282;URB;1.0;ALAMO S-N(GENERAL  MITRE-REYES);-3.7090240500178817;40.42365101855395
4283;URB;1.0;SAN LEONARDO E-O(MAESTRO GUERRERO-PRINCESA);-3.7111790310586006;40.42467235594707
4284;URB;9.0;PL. ESPANA N-S(SAN LEONARDO-CUESTA SAN VICENTE);-3.711602277501053;40.42409563248054
4286;URB;9.0;PL. ESPANA S-N(REYES-SAN LEONARDO);-3.7111798383764243;40.42372834842241
4287;URB;1.0;GENERAL MITRE E-O(ALAMO-GRAN VIA);-3.709876811489494;40.423227977746315
4289;URB;1.0;GRAN VIA, 59 N-S(ISABEL LA CATOLICA-SAN BERNARDO);-3.7090069969289763;40.42217617628355
4290;URB;1.0;ISABEL LA CATOLICA O-E(PL. SANTO DOMINGO-GRAN VIA);-3.7092520560572733;40.421694857103596
4292;URB;1.0;GRAN VIA,78 S-N (GRAL.MITRE -REYES);-3.71025511432192;40.42305360242651
4293;URB;1.0;(AFOROS) SAN BERNARDO, 37 E-O(ANTONIO GRILLO-GRAN VIA);-3.7076502574234165;40.422637833377216
4294;URB;1.0;GRAN VIA, 51 N-S(SAN BERNARDO-SILVA);-3.707544243874755;40.42124429577188
4295;URB;1.0;SAN BERNARDO, 15 O-E(PL. SANTO DOMINGO-GRAN VIA);-3.708259937545548;40.42076137579646
4296;URB;1.0;(AFOROS) SAN BERNARDO, 15 E-O(GRAN VIA-PL. SANTO DOMINGO);-3.7083286839118976;40.42069839712164
10386;URB;1.0;GRAN VIA,43 N-S(SILVA-JACOMETREZO);-3.7068076906174805;40.42076241650309
4298;URB;1.0;SILVA O-E(PL. SANTO DOMINGO-GRAN VIA);-3.7079389521973014;40.42062942123413
10387;URB;1.0;GRAN VIA, 40 E-O (CONCEPCION ARENAL-MIGUEL MOYA);-3.7050737715333617;40.420283336129614
4353;URB;1.0;(AFOROS) PRINCESA S-N (SAN LEONARDO-VENTURA RODRIGUEZ);-3.712458833470751;40.42543867781389
4301;URB;1.0;GRAN VIA, 34 E-O(MESONERO ROMANOS-CONCEPCION ARENAL);-3.704166961550562;40.42021984412868
10388;URB;1.0;GRAN VIA S-N (GIRO A JACOMETREZO);-3.705669364080249;40.4202870535545
4303;URB;1.0;TRES CRUCES S-N(PL.DEL CARMEN-GRAN VIA);-3.702807866995496;40.41947619628303
3731;URB;1.0;SALUD S-N(PL. DEL CARMEN-GRAN VIA);-3.703170160097327;40.419482241962726
10678;URB;1.0;CLAVEL, 1 S-N (CABALLERO DE GRACIA - GRAN VIA);-3.699738886490035;40.41937581671128
4305;URB;1.0;(AFOROS) HORTALEZA, 11 S-N(GRAN VIA-INFANTAS);-3.7010635695162413;40.4202484045815
4306;URB;1.0;(AFOROS)GRAN VIA, 19 O-E(MONTERA-PELIGROS);-3.7006700449381853;40.41992890074402
4307;URB;1.0;GRAN VIA,10 E-O(VICTOR HUGO-CLAVEL);-3.698506276893602;40.41944299036479
4308;URB;1.0;GRAN VIA,1 O-E(VICTOR HUGO-ALCALA);-3.6979691749960213;40.419235449010024
4309;URB;1.0;(AFOROS)GRAN VIA,20 E-O(CLAVEL -HORTALEZA);-3.7000947516706657;40.419884555741596
4312;URB;1.0;AUGUSTO FIGUEROA S-N(SAN BARTOLOME -PELAYO);-3.6985776412608398;40.422436808386585
10874;URB;9.0;FERRAZ N-S (IRUN -CUESTA  SAN VICENTE)(GIRO);-3.7139010580003275;40.42252073537222
4313;URB;1.0;PL.ESPANA O-E(BAILEN-GRAN VIA);-3.712938231997449;40.422236805562164
4314;URB;1.0;BAILEN S-N (SENADO -PL.ESPANA);-3.712833492324459;40.421294428002106
4315;URB;9.0;CUESTA SAN VICENTE E-O(FERRAZ-CADARSO);-3.7135982865978203;40.421716596985114
4316;URB;9.0;FERRAZ N-S(IRUN- CUESTA SAN VICENTE)(FRENTE);-3.7138541582696667;40.42254968141542
4317;URB;1.0;CUESTA SAN VICENTE, 14 O-E(ARRIAZA-BAILEN);-3.714933632195607;40.42069936649599
4318;URB;1.0;(TACTICO) SALIDA JARDINES PALACIO REAL;-3.7156548859158622;40.42004243586157
4319;URB;9.0;ARRIAZA N-S(IRUN-CUESTA SAN VICENTE);-3.7159818239772373;40.42118828823435
3650;URB;1.0;CUESTA SAN VICENTE E-O(ENTRADA TUNEL A-5)CUESTA SAN VICENTE E-O(ENTRADA TUNEL A-5);-3.717850884589354;40.42032396793502
10885;URB;9.0;(TACTICA) PL.ESPANA E-O( GRAN VIA -FERRAZ);-3.71307577175595;40.422281707633815
11207;URB;1.0;GRAN VIA N-S (PM16012+PM16013);-3.7093601337051996;40.42215369179104
10875;URB;9.0;FERRAZ N-S (P.M 16045+16041 );-3.713733531017576;40.42240238450587
4337;URB;9.0;FERNANDEZ DE LOS RIOS O-E(PRINCESA-ARCIPRESTE DE HITA);-3.7192727870344453;40.4355837853338
4338;URB;9.0;PRINCESA S-N(PL. MONCLOA-Po MORET);-3.718790391004631;40.434225313667284
4339;URB;9.0;PRINCESA N-S(GIRO IZQDA. FERNANDO EL CATOLICO);-3.7187689030056768;40.43406824634566
4341;URB;9.0;PRINCESA S-N(MELENDEZ VALDES-PL. MONCLOA);-3.717999080221741;40.43313775330696
4342;URB;9.0;MELENDEZ VALDES E-O(ARCIPRETES DE HITA-PRINCESA);-3.7174158829882638;40.43318913684132
3745;URB;7.0;PRINCESA S-N(BENITO GUTIERREZ-MELENDEZ VALDES);-3.7175336800492857;40.43246275590057
3746;URB;9.0;BENITO GUTIERREZ O-E(TUTOR-PRINCESA);-3.718508849089635;40.43190628443578
4343;URB;9.0;PRINCESA N-S(ALTAMIRANO-MARQUES DE URQUIJO);-3.716648385569039;40.431096703780064
10646;URB;9.0;VENTURA RODRIGUEZ E-O(MARTIN HEROS -J.ALVAREZ MENDIZABAL);-3.7141263991229074;40.424841612501325
4345;URB;9.0;MARQUES DE URQUIJO O-E(MARTIN DE LOS HEROS-TUTOR);-3.717191816745858;40.4302820537123
4346;URB;7.0;PRINCESA S-N(ALBERTO AGUILERA-RRODRIGUEZ SAN PEDRO);-3.716459917256514;40.430972162276674
4347;URB;9.0;MARQUES DE URQUIJO E-O(PRINCESA-TUTOR);-3.7168729769978155;40.43048337871669
4348;URB;9.0;PRINCESA, 41 N-S(BUEN SUCESO-QUINTANA);-3.715641427679676;40.429626224491365
3621;URB;1.0;SERRANO JOVER E-O(ALBERTO AGUILERA-PRINCESA);-3.7143870819444404;40.42970562956945
4349;URB;9.0;PRINCESA S-N(SEMINARIO DE NOBLES-SERRANO JOVER);-3.714436183709739;40.42814659451175
4350;URB;9.0;PRINCESA S-N(SERRANO JOVER-ALBERTO AGUILERA);-3.7152207863047364;40.42924921257728
4351;URB;9.0;PRINCESA, 39 N-S(QUINTANA-REY FRANCISCO);-3.714816866278884;40.42854977705985
4352;URB;9.0;EVARISTO SAN MIGUEL O-E(TUTOR-PRINCESA);-3.71483694299077;40.427186442470756
4354;URB;9.0;(AFOROS) PRINCESA N-S(VENTURA RODRIGUEZ-PL.ESPANA);-3.7129103740827567;40.42589713184292
10645;URB;9.0;VENTURA RODRIGUEZ E-O(J.ALVAREZ MENDIZABAL-FERRAZ);-3.714517914449419;40.4241580929888
4356;URB;7.0;ISAAC PERAL S-N (ARCIPRESTE HITA-FERNANDEZ DE LOS RIOS);-3.718354241595516;40.43481247871459
4357;URB;9.0;ISAAC PERAL N-S(FERNANDEZ DE LOS RIOS - ARCIPRESTE DE HITA);-3.718443025837784;40.43488657545003
4358;URB;9.0;ROMERO ROBLEDO, 21 E-O(MENDIZABAL-FERRAZ);-3.721343265097753;40.43161561397297
4359;URB;9.0;FERRAZ, 95  S-N(BENITO GUTIERREZ-ROMERO ROBLEDO);-3.721913498421352;40.430895018347655
4360;URB;9.0;PINTOR ROSALES N-S(BENITO GUTIERREZ-ALTAMIRANO);-3.722694940528869;40.429933185861074
4361;URB;9.0;MARQUES DE URQUIJO E-O(PINTOR ROSALES-FERRAZ);-3.7212319807457357;40.428996051661365
4362;URB;9.0;FCO. Y JACINTO ALCANTARA E-O(Po CAMOENS - PINTOR ROSALES);-3.722982580466828;40.429091926103254
3565;URB;9.0;FERRAZ S-N(BUEN SUCESO-MARQUES DE URQUIJO);-3.719415693780888;40.42831986302829
4363;URB;9.0;MARQUES DE URQUIJO E-O(FERRAZ-PINTOR ROSALES);-3.7207598378619315;40.429241177697754
4364;URB;9.0;PINTOR ROSALES N-S(BUEN SUCESO-QUINTANA);-3.719956878304279;40.42710329471956
4365;URB;9.0;QUINTANA E-O(MARTIN DE LOS HEROS-MENDIZABAL);-3.7170432631812966;40.42802586472473
4366;URB;9.0;QUINTANA E-O(FERRAZ-PINTOR ROSALES);-3.718704757518169;40.42730274910572
10647;URB;9.0;JUAN ALVAREZ MENDIZABAL S-N(PL.ESPANA -V.RODRIGUEZ);-3.714071352779557;40.423938158362326
4369;URB;7.0;FERNANDO EL CATOLICO E-O(HILARION ESLAVA-ARCIPRETES DE HITA);-3.7169575645677626;40.434441521121194
4371;URB;9.0;MARQUES DE URQUIJO E-O(MARTIN DE LOS HEROS-MENDIZAL);-3.7186199634050148;40.42991967735309
4372;URB;9.0;REY FRANCISCO E-O(FERRAZ-PINTOR ROSALES);-3.7177080218254184;40.42638674489723
4373;URB;9.0;AV.MEMORIA N-S(AV.SENECA-Po MORET);-3.721107685049552;40.436062505585376
7066;URB;9.0;ISAAC PERAL N-S(PL. CRISTO REY-DONOSO CORTES);-3.717848551166636;40.438205405182295
4375;URB;7.0;DONOSO CORTES E-O(HILARION ESLAVA-ISAAC PERAL);-3.7166806688346403;40.43656338843329
4376;URB;9.0;PRINCESA N-S(PL. MONCLOA-ROMERO ROBLEDO);-3.7182484679247767;40.43330624388898
10271;URB;9.0;MARQUES DE URQUIJO E-O(GIRO A P.ROSALES);-3.720776011820545;40.42919379374536
10884;URB;9.0;FERRAZ N-S (IRUN -VENTURA RODRIGUEZ);-3.715477764481659;40.42408956270931
7063;URB;9.0;(MICRO) PRINCESA S-N(DELANTE G.2);-3.714975363143915;40.42891454315212
7065;URB;9.0;(MICRO) PRINCESA N-S(DELANTE G. 1 FRENTE G. 2);-3.7149743548421754;40.42878180943472
9965;URB;7.0;AGUSTIN DE BETANCOURT S-N(MARIA DE GUZMAN-MAUDES);-3.695135965357129;40.444106379595354
9963;URB;7.0;AGUSTIN DE BETANCOURT N-S (SALIDA TUNEL AZCA-MAUDES);-3.695138096821507;40.44530868022092
9964;URB;7.0;AGUSTIN DE BETANCOURT N-S (LATERAL A.BETANCOURT-MAUDES);-3.695218704199155;40.445315273500896
3715;URB;9.0;REYES CATOLICOS S-N (AV. MEMORIA - ISAAC PERAL);-3.7194010962780113;40.43790509580987
3716;URB;9.0;REYES CATOLICOS N-S (DR. JIMENEZ DIAZ - AV. MEMORIA);-3.71968921136638;40.43788806451094
3717;URB;7.0;ISAAC PERAL S-N (DONOSO CORTES-CEA BERMUDEZ);-3.717933534479645;40.43731450235531
4470;URB;9.0;ISAAC PERAL N-S (DR. SCARLATTI-SAN FRANCISCO DE SALES);-3.7181037863091855;40.44080652649978
4471;URB;7.0;(AFOROS) SAN FRANCISCO DE SALES S-N (CEA BERMUDEZ-GAZTAMBIDE);-3.7166980145154107;40.439792085118306
3468;URB;7.0;(AFOROS) SAN FRANCISCO DE SALES N-S (GAZTAMBIDE- ISAAC PERAL);-3.715888113292603;40.440443100398376
3469;URB;7.0;SAN FRANCISCO DE SALES S-N (ANDRES MELLADO - GUZMAN EL BUENO);-3.7138997486277687;40.44168387534255
6979;URB;7.0;SAN FRANCISCO DE SALES S-N (GUZMAN EL BUENO-SANTANDER);-3.712054994797092;40.44293667264358
4473;URB;7.0;GUZMAN EL BUENO N-S (MAX AUBS-SAN FRANCISCO DE SALES);-3.7124996380714634;40.44338682984613
10985;URB;7.0;San Fco. de Sales N- S(Santander -Guzman el Bueno);-3.7112264230302205;40.443586010972425
3396;URB;7.0;CEA BERMUDEZ E-O (SAN GABRIEL - SAN FRANCISCO DE SALES);-3.7163598776733364;40.439236427575935
3397;URB;7.0;CEA BERMUDEZ O-E (ANDRES MELLADO-GUZMAN EL BUENO);-3.7138821380525164;40.43901616364479
4475;URB;7.0;GUZMAN EL BUENO N-S (MELQUIADES ALVAREZ - CEA BERMUDEZ);-3.712770023953326;40.439933157121075
7019;URB;7.0;AV. FILIPINAS 14 E-O (LATERAL DCHO)(JESUS MAESTRO-CEA BERMUDEZ);-3.7113701664711223;40.439664913898895
9961;URB;9.0;REYES CATOLICOS S-N(TUNEL)(AV. MEMORIA-ISAAC PERAL);-3.7194179186289396;40.43796458924436
10216;URB;9.0;(TACTICO) SALIDA HOSPITAL CLINICA SAN CARLOS O-E;-3.7184953362266273;40.44095229402257
4476;URB;9.0;BEATRIZ DE BOBADILLA E-O(JUSTO DORADO-JUAN XXIII);-3.716043481352761;40.448523412164434
4477;URB;9.0;JUAN XXIII S-N(AV.MONCLOA-BEATRIZ DE BOBADILLA);-3.7170200679801177;40.44806998869125
11351;URB;9.0;(TACTICO) Salida Rectorado G.2;-3.718768044439748;40.44894806780399
5404;URB;9.0;(TACTICO) SINESIO DELGADO S-N(GIRO A AV. MIRAFLORES);-3.728936190148592;40.45980907910517
5405;URB;9.0;(TACTICO) SINESIO DELGADO N-S(GIRO A AV. COMPLUTENSE);-3.730330109716837;40.45666774787214
5406;URB;9.0;ANTONIO NOVAIS E-O(FRENTE A FACULTAD BIOLOGICAS);-3.7262354024201914;40.44846773578576
5407;URB;9.0;AV. COMPLUTENSE S-N(FRENTE A FACULTAD FARMACIA-PARANINFO);-3.7277489920954174;40.447090872407614
5409;URB;9.0;(TACTICO) BOTANICO E-O(ENTRADA AV. COMPLUTENSE);-3.7273426713031137;40.44590955096626
9930;URB;9.0;AV.MIRAFLORES S-N(AV.COMPLUTENSE -SINESIO DELGADO);-3.729442575317273;40.45868746012345
9931;URB;9.0;SINESIO DELGADO N-S(MADRIGAL -AV.MIRAFLORES);-3.7282368556984187;40.460301196922835
9929;URB;9.0;SINESIO DELGADO S-N( AV.MIRAFLORES -MADRIGAL);-3.7281850457700485;40.46023998213143
5410;URB;9.0;(TACTICO) AV. COMPLUTENSE S-N (GIRO A DEHESA DE LA VILLA);-3.7296708332094433;40.456806077744396
9908;URB;9.0;AV.COMPLUTENSE S-N (CIEMAT -AV.MIRAFLORES);-3.7292806489411547;40.45543943488531
9928;URB;9.0;AV. PARANINFO S-N(ANTONIO NOVAIS -AV.COMPLUTENSE);-3.727245923551877;40.44898070083387
10011;URB;9.0;ANTONIO NOVAIS O-E(FRENTE FACULTAD CIENCIAS GEOLOGICAS);-3.7252645092274457;40.448533196623686
9933;URB;9.0;RAMIRO MAEZTU E-O(DIRECCION NORTE)(MORERAS -AV.GREGORIO AMO);-3.724150694250963;40.44797104079534
9934;URB;9.0;RAMIRO MAEZTU E-O(DIRECCION SUR)(MORERAS -AV.GREGORIO AMO);-3.7241377327246186;40.44793934598036
9917;URB;9.0;EDUARDO SAAVEDRA S-N(E.INGENIEROS DE CAMINOS-PROF.ARANGUREN);-3.730666189395847;40.44735630079186
5220;URB;9.0;ACAMAR Ø6 N-S (ERIDANO-GOLONDRINA);-3.78610891091709;40.45619648068945
4882;URB;9.0;GOLONDRINA, 12c E-O (ANDRÓMEDA-VELETA);-3.7831647266796415;40.455856030160945
6638;URB;9.0;AV. VICTORIA E-O PROX. Ø23 MARTÍN PESCADOR - DOMINGO GARRIDO);-3.8196609381182576;40.468594916728215
4878;URB;9.0;CNO. DEL BARRIAL Ø63 N-S (F. LÁZARO CARRETER-ALMANZORA);-3.791520831094655;40.46127252739831
4880;URB;9.0;CNO. BARRIAL Ø52 S-N (ARAMUNT-ARANZUEQUE);-3.7899083851461515;40.46049184005153
5204;URB;9.0;ALMANZORA O-E Ø1(CINCO LAGUNAS - PICO OCEJÓN);-3.7908947049766075;40.46066632757873
4881;URB;9.0;PICO OCEJON Ø32 N-S (ARASCUES-AV. OSA MAYOR);-3.788638047047232;40.45947750856139
5219;URB;9.0;OSA MAYOR Ø108 O-E (SEXTNATE-CINCO LAGUNAS);-3.788850199144029;40.458426165280954
5217;URB;9.0;OSA MAYOR Ø8 E-O (CINCO LAGUNAS-SEXTANTE);-3.7889598936056084;40.45839691083648
3835;URB;;(TÁCTICO) AV. ESTACIÓN S-N Ø8 (FERNANDO ORIOL - AV- VICTORIA);-3.836241393124437;40.47468134605484
6632;URB;9.0;(TACTICO) FEDERICO AGUSTI N-S Ø8;-3.8320085158412542;40.473474128295884
5060;URB;11.0;PL. TOROS N-S;-3.7376144847259205;40.38564610170493
4908;URB;10.0;(TACTICO)ACCESO NV N-S(NV-SESEÑA);-3.7636822488493102;40.398083622051765
6209;URB;19.0;Casalarreina  - Cordovín-Ezcaray;-3.6123736332289464;40.409338110682036
6210;URB;19.0;Casalarreina  - Ezcaray-Cordovín;-3.612861019567041;40.409182313349575
6211;URB;19.0;Calahorra  - Av. Daroca-Camino Viejo de Vicálvaro;-3.614974626470024;40.405600250117324
6212;URB;19.0;Camino Viejo de Vicálvaro - Av. Democracia-Calahorra;-3.616231068173545;40.405272650153165
6923;URB;19.0;San Cipriano - Efigencia-Caños San Pedro;-3.601293082827504;40.403851128346
6213;URB;19.0;Calahorra  - Calahorra-Paseo Artilleros;-3.6106990782159936;40.407685664590446
6930;URB;19.0;San Cipriano - Lago Van-Villalmanzo;-3.60672560167654;40.40412749070517
10943;URB;19.0;Calahorra - Av. Daroca-Camino Viejo de Vicálvaro;-3.614910788744922;40.4055773844095
6922;URB;19.0;San Cipriano - Daroca-Paseo Artilleros;-3.6097516604468187;40.40412195724334
11362;M30;8.0;PM43019;-3.696028276428055;40.48640681506287
11363;M30;8.0;PM43014;-3.6961548524502605;40.48635002823214
6773;M30;8.0;PM23071;-3.6921786716508613;40.48512433549366
6774;M30;8.0;PM23073;-3.691941148856541;40.48506262218827
11365;M30;8.0;PM23077;-3.6922706007259976;40.48506660949454
11385;M30;8.0;PM23071x;-3.692956826856382;40.48555920334366
11367;M30;8.0;PM13111;-3.68859649371416;40.48345194653854
11368;M30;8.0;PM13118;-3.688661596674045;40.48334390002821
6775;M30;8.0;PM23111;-3.6885001004719693;40.48364277328885
6709;M30;8.0;PM23119;-3.688569753305437;40.483532339230436
11375;M30;5.0;PM13164;-3.680607821317659;40.48315954799217
11374;M30;5.0;PM13163;-3.680548206478886;40.48324825874934
3840;URB;4.0;Jose Ortega y Gasset E-O - Pº Castellana-Serrano;-3.6883024782294562;40.43048241766403
3848;URB;7.0;(AFOROS) Genova 13 E-O - Zurbano-Campoamor;-3.6941865414502693;40.42692497721904
5074;URB;3.0;Av. Ciudad Barcelona O-E - Alberche-Pedro Bosch;-3.6759045989537618;40.40176927871836
3896;URB;3.0;Seco S-N - Gandia - Av. Ciudad Barcelona;-3.671964476079731;40.39903239251134
3899;URB;3.0;Av.  Mediterraneo E-O - Abtao-Pl. Mariano Cavia;-3.675803270257192;40.40728034243365
11243;URB;8.0;Islas Aleutianas N-S - Manuel Garrido -Isaac Rabín;-3.7287414711305393;40.473590751709274
3926;URB;5.0;Concha Espina, 57 E-O - Rodriguez Marin-Serrano;-3.680094323983023;40.45171177567173
3931;URB;5.0;Serrano, 113 N-S - Pablo Aranda -Pedro Valdivia;-3.6860191177313717;40.44106400506716
3940;URB;4.0;Goya, 9 E-O - Serrano-Pº Castellana;-3.688403977721392;40.42551863062527
9894;URB;4.0;Jorge Juan O-E - Lagasca -Velazquez;-3.685230365134972;40.42382243007418
3956;URB;5.0;Velazquez,135 S-N - Oquendo -Joaquin Costa;-3.6828468593548274;40.44061148025338
3968;URB;4.0;Maria Molina O-E - Principe Vergara-General Pardiñas;-3.6788384922994704;40.437383024091005
3976;URB;5.0;Francisco Silvela O-E - Gta. Lopez Hoyos-Principe Vergara;-3.68026857297625;40.44001947304672
10685;URB;5.0;Lopez Hoyos S-N - Gta. Lopez Hoyos-Ppe Vergara;-3.67995154731483;40.440685357113864
3993;URB;4.0;Francisco Silvela S-N - Jose Ortega y Gasset-Av. Toreros;-3.6713888342767755;40.431274043664644
3608;URB;4.0;Azcona, 7 N-S - Ardemans-Francisco Silvela;-3.671627661825722;40.43318336438518
4008;URB;4.0;Principe Vergara, 71 N-S - Diego de Leon-Maldonado;-3.679427168984997;40.43459302748123
4016;URB;4.0;Jose Ortega y Gasset O-E - Nuñez de Balboa-Castello;-3.682314073003623;40.43022968355573
4017;URB;4.0;Jose Ortega y Gasset E-O - Nuñez de Balboa-Velazquez;-3.6825632664798267;40.43026285829828
4029;URB;4.0;Alcala E-O - General Pardiñas - Principe Vergara;-3.679039468174269;40.42333138458168
4046;URB;4.0;(TACTICO) Maiquez, 2 S-N - Duque de Sesto-Jorge Juan;-3.672702360800154;40.423016795105575
4057;URB;3.0;Ibiza, 25 E-O - Maiquez-Narvaez;-3.6753232461349583;40.41829532135537
10093;URB;3.0;Narvaez 68 N-S - Ibiza-Alde.Sainz Baranda;-3.676305352250226;40.41783067309083
4380;URB;7.0;Guzman el Bueno,15 N-S - Rguez San Pedro-Alberto Aguilera;-3.7134341378675737;40.431657285389186
4387;URB;1.0;Conde Duque, 13 S-N - Sta Cruz de Marcenado-Alberto Aguilera;-3.709367700673299;40.42900757528974
4391;URB;1.0;Mártires Alcalá S-N - Sta Cruz Marcenado-Alberto Aguilera;-3.7123686374504135;40.42957162651328
4397;URB;7.0;(MICRO) Gta. Ruiz Giménez E-O(Delante G. 2) - (MICRO) Gta. Ruiz Giménez E-O(Delante G. 2);-3.7061390490356914;40.42968121370157
4411;URB;7.0;Luchana, 15 N-S - Palafox-Gta.  Bilbao;-3.7007601155911085;40.430016104529706
10023;URB;7.0;(TACTICO) Melendez Valdés O-E - Galileo-Vallehermoso;-3.7090311211394122;40.432867441623934
10603;URB;7.0;Fernández de los Rios O-E - Galileo-Vallehermoso;-3.709393383120967;40.43514628065087
10602;URB;7.0;Vallehermoso S-N - Fernando Católico-Fdez de los Ríos;-3.7086801656725923;40.434214938446026
10604;URB;7.0;Blasco de Garay S-N - Alberto Aguilera -Rodríguez San Pedro;-3.7117684252753222;40.43121595213222
4437;URB;5.0;Pº Castellana S-N - Pl.Gregorio Marañon-Pl.San Juan de la Cruz;-3.6909904340241035;40.43906320691851
4440;URB;7.0;Santa Engracia S-N - Rafael Calvo-Gta. Pintor Sorolla;-3.698186112146278;40.43364488645474
4458;URB;7.0;Rios Rosas, 57 E-O - Agustín de Bethancourt-Modesto Lafuente;-3.695176249156258;40.441687919517335
5438;URB;8.0;(TACTICO) Salida Centro Cívico S-N - (TACTICO) Salida Centro Cívico S-N;-3.7088770415764687;40.48045654959982
5439;URB;8.0;(TACTICO) Santiago de Compostela  E-O - Fco. Llorens-Av.Betanzos;-3.712447998541086;40.4807735660538
5444;URB;8.0;(TACTICO) Santiago de Compostela E-O(Entrada Cruce) - (TACTICO) Santiago de Compostela E-O(Entrada Cruce);-3.704444081027017;40.48248392308327
3423;URB;6.0;Lateral Pº Castellana N-S - Pl.Castilla-Rosario Pino;-3.690014297927653;40.46296400145941
5451;URB;6.0;PºCastellana N-S - Fco.Gervás-Sor Angela de la Cruz;-3.689929606955831;40.46079798962464
5463;URB;;PºCastellana S-N - Panamá- Sor Angela de la Cruz;-3.6901233201761974;40.457238282581564
5466;URB;5.0;(TACTICO) Alberto Alcocer O-E(Giro a Padre Damián O-N) - (TACTICO) Alberto Alcocer O-E(Giro a Padre Damián O-N);-3.685882372341122;40.458818427661555
5491;URB;6.0;General Perón O-E(Giro) - Orense-Poeta Joan Maragall;-3.6937253113600765;40.45227473629967
5495;URB;6.0;Infanta Mercedes N-S - Juán de Olias-Gral.Perón;-3.6993114612569324;40.452963469839936
3449;URB;6.0;Av.Asturias O-E - Conde de Serrallo-Pl.Castilla;-3.6909361527811706;40.466731414482375
5516;URB;5.0;Mateo Inurria O-E - Gral.López Pozas-Manuel Ferrero;-3.6857353639472366;40.466762441857064
5520;URB;5.0;Cuesta Sagrado Corazón E-O - M-30 -Comandante Franco;-3.670448751202413;40.466416415341264
5521;URB;5.0;Memorial 11 de Marzo 2004 E-O - Av.Pio XII-Comandante Franco;-3.6726680685248057;40.4666481816748
5522;URB;5.0;Memorial 11 de Marzo 2004 E-O - Pl.Duque de Pastrana-Av.Pio XII;-3.676492274495594;40.46777441112394
5523;URB;5.0;Mateo Inurria E-O - Hiedra-Rodríguez Jaén;-3.6832107118956903;40.46733111466508
5524;URB;5.0;Mateo Inurria E-O - Manuel Ferrero-Enrique Larreta;-3.6847360752645857;40.46701868862837
5525;URB;5.0;Mateo Inurria O-E - Enrique Larreta-Pl.Castilla;-3.6870721191664413;40.4665216803812
5526;URB;5.0;Enrique Larreta N-S - Agustín de Foxá-Mateo Inurria;-3.6864663600074477;40.46754530930937
5527;URB;5.0;Gral.López Pozas S-N - Fco.Suárez-Donoso Montesinos;-3.6856029307701004;40.46562569966887
5528;URB;5.0;Manuel Ferrero N-S - Rafael Herrera-Mateo Inurria;-3.6844988812592314;40.467657387729616
5529;URB;5.0;Dolores Sánchez E-O - Pl.Duque de Pastrana-Platerias;-3.6789524597906453;40.46779224469167
5530;URB;5.0;Pº de la Habana S-N - Comandante Franco-Platerias;-3.6791598128415925;40.466680697006566
5531;URB;5.0;Av.Burgos N-S - Ntra.Sra. del Recuerdo- Pl.Duque de Pastrana;-3.677148653450976;40.46885647938142
5532;URB;5.0;(AFOROS)Av.Pio XII N-S - José Bardasano-Memorial 11 de Marzo 2004;-3.6737810109639164;40.46835163414624
5533;URB;5.0;Av.Pio XII S-N - Comandante Franco-Memorial 11 de Marzo 2004;-3.675242072673153;40.465993150118024
5534;URB;5.0;José Bardasano N-S - Av.Pio XII-Memorial 11 de Marzo 2004;-3.6723708979342256;40.46714487878674
3486;URB;5.0;Sta.Maria Magdalena S-N - Prieto Ureña-Memorial 11 de Marzo 2004;-3.671616722921495;40.46587992655744
5535;URB;5.0;Pº de la Habana N-S - Mateo Inurria-Comandant Franco;-3.679077108447114;40.46729235499428
5536;URB;5.0;Pº de la Habana  N-S - Menéndez Pidal-Comandate Franco;-3.6794325448247664;40.46558860627575
5537;URB;5.0;Pº de la Habana S-N - Macarena-Apolonio Morales;-3.680229935625201;40.4624857351359
3518;URB;5.0;Jerez E-O - an Telmo-Pº de la Habana;-3.6790747491198825;40.464318838532606
5539;URB;5.0;Apolonio Morales O-E - Menendez Pidal-Pº de la Habana;-3.680556528334898;40.463737933825435
5541;URB;5.0;Av.Pio XII N-S - Comandante Franco-Jerez;-3.6756877860478085;40.46496146430878
5543;URB;5.0;Av.Pio XII N-S - Macarena-Alfonso XII;-3.676414266873369;40.46145093703647
5544;URB;5.0;Principe de Vergara N-S - Pl.Perú-Pl.República Dominicana;-3.67669094890686;40.459904168289675
5545;URB;5.0;Alberto Alcocer E-O - V.Andrés Belaunde-Pº Habana(Giro E-S);-3.681084218908188;40.458596499683786
5546;URB;5.0;Principe de Vergara S-N - Potosi-Pl.República Ecuador;-3.6770990281997062;40.45654668179769
5547;URB;5.0;Principe de Vergara S-N - Concha Espina-Pl.República Ecuador;-3.6774156390090393;40.45267968018814
5548;URB;5.0;Principe de Vergara S-N - Pl.República Ecuador-Colombia;-3.6770440827887456;40.45591279899909
10410;URB;5.0;Pº de la Habana 70 S-N - Crevillente e Infanta Mª Teresa;-3.6841716558050606;40.45375715463417
5551;URB;5.0;Av.Pio XII S-N - Alfonso XIII-Madre de Dios;-3.6764469104712325;40.46079033426128
5552;URB;5.0;Av.Pio XII S-N - Madre de Dios-Madreselva;-3.6761042088171845;40.46257708647656
5553;URB;5.0;Av.Pio XII S-N - Madreselva-Manuel  Montilla;-3.675742786046593;40.46430337827368
5554;URB;5.0;(AFOROS)Av.Pio XII S-N - Memorial 11 de Marzo 2004-José Bardasano;-3.673979632324669;40.467873502140215
5556;URB;5.0;Madre de Dios E-O - Palmito-Av.Pio XI;-3.67543899302854;40.461967225090376
5557;URB;5.0;Alfonso XIII O-E - Victor Andrés Belaunde-Bolivia;-3.677657967907083;40.46031308165645
5558;URB;5.0;Alfonso XIII E-O - Torpedero Tucumán-Encinas;-3.675096292768304;40.46038136792997
5560;URB;5.0;Costa Rica E-O - Puerto Rico-Chile(Lateral);-3.6749555367990925;40.45861588215964
5561;URB;5.0;Potosi O-E - Bolivia-Principe de Vergara;-3.677815605737271;40.457118432590356
3642;URB;5.0;Colombia E-O - Chile-Principe de Vergara;-3.675983822583458;40.457112303684376
5562;URB;5.0;Serrano S-N - Rodríguez Marín-Pl.República Ecuador;-3.6782763563214167;40.45433620479276
5563;URB;5.0;Uruguay E-O - Chile-Pl.República Ecuador;-3.676197905072077;40.45522914008611
5579;URB;5.0;Potosi E-O - Bolivia-Víctor Andrés Belaunde;-3.6791025595003113;40.4569390597782
5580;URB;5.0;Víctor Andrés Belaunde N-S - Cochabamba-Potosi;-3.6797282776439437;40.456115202273224
5581;URB;5.0;Alberto Alcocer O-E - Pº de la Habana-Víctor Andrés Belaunde;-3.681504365632555;40.45852397115892
6980;URB;5.0;Alberto Alcocer E-O - Bolivia-Víctor Andrés Belaunde;-3.678159624373929;40.458764247294404
5583;URB;5.0;Víctor Andrés Belaunde N-S - Potosi-Alberto Alcocer;-3.6802772953431817;40.4577864119512
5584;URB;5.0;Costa Rica O-E - Principe de Vergara-Puerto Rico;-3.6759838702453203;40.45845582593343
3580;URB;5.0;(AFOROS)Costa Rica O-E - Puerto Rico-Victor de la Serna;-3.673319247049835;40.45844766155124
5585;URB;5.0;Costa Rica O-E(Lateral) - Victor de la Serna-Pl.José Mª Soler;-3.6711032365508864;40.45835058005145
7089;URB;5.0;Acceso M-30(Superficie) - M-30-Pl.José Mª Soler;-3.6673890269299516;40.46005467701566
5587;URB;5.0;(AFOROS)Costa Rica  E-O(Túnel) - Pl.José Mª Soler-Paraguay;-3.6697114713435566;40.458753028889724
3744;URB;5.0;Costa Rica E-O - Paraguay-Puerto Rico;-3.672349392887583;40.45850801070932
3581;URB;5.0;Puerto Rico N-S - Guatemala-Costa Rica;-3.674302968945818;40.45902449688287
5588;URB;5.0;Víctor de la Serna S-N - Colombia-Nicaragua;-3.671997301890651;40.45775880115263
5589;URB;5.0;Alfonso XIII O-E - Ricardo Calvo-Pl.José Mª Soler;-3.669392779524283;40.459880921593815
5591;URB;5.0;Costa Rica E-O - M-30-Pl.José Mª Soler;-3.6662760166603436;40.45972865009631
5606;URB;5.0;Alberto Alcocer O-E - (Túnel)Víctor Andrés Belaunde-Bolivia;-3.680400804724123;40.458561322977765
5607;URB;5.0;Costa Rica E-O(Túnel) - Puerto Rico-Chile;-3.6745886414648354;40.45854523172462
5608;URB;5.0;Principe de Vergara S-N - Pl.República Dominicana-Alfonso XIII;-3.6766998639073374;40.45916481479072
5616;URB;5.0;(AFOROS)Costa Rica E-O(Superficie) - Pl.José Mª Soler-Paraguay;-3.6696555615005972;40.458839620786726
5617;URB;5.0;Pte Costa Rica E-O(Entrada Túnel) - Arturo Soria-José Mª Soler;-3.666246353303819;40.45967685647578
5628;URB;6.0;Ulpiana Benito S-N - Sófora- Bravo Murillo;-3.692948437163261;40.46478027172225
5634;URB;6.0;Poeta Joan Maragall S-N - General Perón-Pedro Teixeira;-3.692482602347213;40.45419953393116
5645;URB;6.0;Sor Angela de la Cruz E-O - Pl.de Cuzco-Poeta Joan Maragall;-3.691106291985961;40.459151439457116
3790;URB;6.0;Orense S-N - Huesca-San Germán;-3.6945414699625116;40.45755310092648
5653;URB;6.0;Infanta Mercedes N-S - Oñate-Rosa Silva;-3.6937800244015833;40.46330698062877
5654;URB;6.0;Infanta Mercedes S-N - Pedro Villar-Pl.Angel Carbajo;-3.695293851908958;40.46178275738664
5655;URB;6.0;Rosario Pino E-O - Poeta Joan Maragall-Orense;-3.69242763675703;40.46212583493441
5676;URB;6.0;Bravo Murillo N-S - Pasaje Remonta-Azucenas;-3.696505929945249;40.46353001201
5677;URB;6.0;Infanta Mercedes S-N - Pedro Villar-San Felipe;-3.695288077352395;40.46186062667714
5657;URB;6.0;Julián Besteiro - Sor Angela de la Cruz - Pensamiento;-3.6949681265770766;40.45919509119144
3424;URB;6.0;Bravo Murillo N-S - Fulgencio Miguel-Francos Rodríguez;-3.702764475769112;40.45500619921082
3425;URB;6.0;Bravo Murillo N-S - Navarra-Castilla;-3.7030278873374063;40.45351168082469
3426;URB;6.0;Bravo Murillo N-S - Castilla-San Raimundo;-3.7031468923418336;40.45273931646328
3427;URB;6.0;Bravo Murillo N-S - San Raimundo-Carolina;-3.703310649661789;40.45166483127912
3584;URB;6.0;Bravo Murillo N-S - Almansa-Gta.Cuatro Caminos;-3.703811679906426;40.448293689457934
5699;URB;6.0;Bravo Murillo S-N - Jaén-Tiziano;-3.7034032621614026;40.45048099038387
5722;URB;6.0;Orense S-N - Basílica-Reina Mercede;-3.6952123955867626;40.44965852659716
5726;URB;6.0;Reina Mercedes O-E - Edgar Neville-Orense;-3.6965793883741296;40.45086808679249
3456;URB;6.0;San Raimundo E-O - Topete-Bravo Murillo;-3.703964741047778;40.45188482812958
7020;URB;7.0;Filipinas 14 E-O( Lateral izqd) - Jesús Maestro- Blasco Garay;-3.710928232802973;40.439691115735215
5776;URB;7.0;(AFOROS)Av.Reina Victoria O-E  - Guzmán el Bueno-Gral. Ibañez Íbero;-3.712051972210811;40.446366817153276
5777;URB;7.0;Av. Reina Victoria O-E  - Gral. Ibáñez Íbero - Pablo Iglesias;-3.7100724544938672;40.44686926941544
3516;URB;2.0;Salida Calle 30 E-O - (Tronco M-30 -Gta.Pirámides)a 280mts;-3.711451139526955;40.39873046345539
7002;URB;2.0;Méndez Alvaro E-O - Sabal - Estrella Naos;-3.681837972034009;40.39711980314849
4137;URB;2.0;(TACTICO)Méndez Álvaro O-E(Giro a Retama) - Titán-M-30;-3.6769367930435832;40.39251323534302
5803;URB;13.0;Martínez de la Riva - Arroyo del Olivar-Párroco Emilio Franco;-3.666065765086284;40.39311599706161
5810;URB;13.0;Carlos Martín Álvarez - Martinez de la Riva-Javier de Miguel;-3.6640804797233653;40.38879105215266
7116;URB;13.0;Av. Pablo Neruda - Av. Pablo Neruda-Av. Pablo Neruda (mediana);-3.661865941927488;40.381452743039354
5826;URB;13.0;Melquiades Biencinto - Antonio Calas-Av. Albufera;-3.668909609502886;40.39756948011326
5829;URB;13.0;Av. Monte Igueldo - Antonia Calas-Pintora Ángeles Santos;-3.6681342826245906;40.39663093707331
5854;URB;13.0;Av. Albufera - Sierra Carbonera-Ntra. Señora Perpetuo Socorro;-3.6617322463514266;40.39441194516942
5867;URB;13.0;Ramón Pérez de Ayala  - Ramón Pérez de Ayala-El Bosco;-3.6518680699492565;40.40191341694554
5913;URB;15.0;Alcalá - San Gumersindo-Mateo Garcia;-3.6524703922654074;40.43253399269617
5917;URB;15.0;Alcalá - Urquiza-Virgen del Sagrario;-3.6464718521964827;40.43391993517391
5918;URB;15.0;Alcalá - Gutierre de Cetina-Emilio Ferrari;-3.644725178800085;40.43473079893877
5933;URB;15.0;Mateo García  - Mateo García- Alcalá;-3.653125555643486;40.43177031976296
5935;URB;15.0;Virgen del Sagrario  - Virgen del Sagrario-Alcalá;-3.6475408092093016;40.433939485858296
10733;URB;15.0;Alcalá - Gutierre de Cetina-Emilio Ferrari;-3.6447065585367002;40.4347063163633
10710;URB;15.0;Alcalá - Florencio Llorente - Buen Gobernador;-3.6536781858857896;40.432394448516206
11175;URB;15.0;Alcalá 408 - Arcones Gil-Alfonso Paso;-3.639143267646851;40.43742011908668
5944;URB;15.0;Boldano - Boldano-Alcalá;-3.6403460768720337;40.4370432484347
5945;URB;15.0;Pileo - Pileo-Alcalá;-3.641772989906562;40.43635896265111
5958;URB;15.0;Hermanos García Noblejas - Fco. Largo Caballero-Pobladura del Valle;-3.6270315861989553;40.42259283988594
5975;URB;15.0;Hermanos García Noblejas - Pl. Orotava-Santo Domingo Savio;-3.6339126558829915;40.43209481326394
5977;URB;15.0;Hermanos García Noblejas - Castillo de Arévalo-Castillo de Uclés;-3.630556074106753;40.42745876128852
5978;URB;20.0;Hermanos García Noblejas - Castillo de Arévalo-Castropol;-3.630970496849384;40.428269985232546
5987;URB;15.0;José Arcones Gil - Río Nervión-Braulio GutiÉrrez;-3.634265165586304;40.42854712042696
10483;URB;20.0;Julian Camarillo - Albarracin - Santa Leonor;-3.630248088856913;40.43419474701637
10485;URB;20.0;Alfonso Gómez - Albasanz - Julian Camarillo;-3.627060134515872;40.435844220735795
10484;URB;20.0;Santa Leonor - Miguel Fleta - Julian Camarillo;-3.628850706568155;40.43373363578923
10708;URB;20.0;Hermanos García Noblejas - Castillo de Uclés-Castillo de Arévalo;-3.6297200663042655;40.42663927573404
6007;URB;20.0;Pl. Alsacia - Salida Intercambiador - Aquitania-Av. Guadalajara;-3.622978963271083;40.41800036696935
6023;URB;15.0;Arturo Soria   - Amara-Juan Pérez Zuñiga;-3.6475201617497466;40.44576242703589
6035;URB;16.0;Ctra. Canillas - Ctra. Canillas-López de Hoyos;-3.656855850249545;40.46316195456322
10125;URB;15.0;Jose del Hierro - Dr. Vallejo - Mandarina;-3.6446444073376347;40.43992518816707
10126;URB;15.0;Arturo Soria - Fernandez Caro - Marques de Pico Velasco;-3.6448983629969844;40.4445060235912
10830;URB;15.0;Torrelaguna - Ramirez de Arellano - Emilio Vargas;-3.6569655256162337;40.44808828381961
6053;URB;15.0;Angelita Cavero - Angelita Cavero-Arturo Soria;-3.6477917656030487;40.44626146488326
6063;URB;15.0;Arturo Soria - Añastro-Ramonet;-3.666320708098755;40.46798515623843
6081;URB;15.0;Av. San Luis - Arturo Soria-Condado de Treviño;-3.6712321149449227;40.47822699747164
6086;URB;16.0;Av. San Luis  - Eladio López Vilches-Mesena;-3.664073628759539;40.47436372559576
6096;URB;15.0;Arturo Soria  - Laúd-Briviesca;-3.664765151449089;40.48252311077356
10739;URB;15.0;Avda. San Luis - Golfo de Salónica_Arturo Soria;-3.667395597322545;40.475418796031086
10740;URB;15.0;Av.San Luis - Arturo Soria - Mesena;-3.6673929589951464;40.475295483027466
6115;URB;14.0;Camino Vinateros - Arroyo de la Media Legua-Cdor Diego Valderrábano;-3.6568722164316427;40.41063212824579
6433;URB;14.0;Doctor García Tapia - Corregidor Diego Valderrábano-Arroyo Media Legua;-3.6549109200384846;40.41258323386975
10750;URB;14.0;Camino Vinateros - Manuel Machado-Diego de Valderrábano;-3.65920895008893;40.41059666435485
10808;URB;14.0;Camino Vinateros - Corregidor Diego Valderrábano-Arroyo Media Legua;-3.6568723576442337;40.41058660960205
11184;URB;14.0;Arroyo Belincoso - Corregidor Diego Cabeza de Vaca - Camino Vinateros;-3.6527939257466513;40.40957483620476
6465;URB;14.0;Arroyo Media Legua - M-23-Alcalde Garrido Juaristi;-3.651748646881972;40.41442729625718
10751;URB;14.0;Camino Vinateros - Corregidor Diego Valderrabano-Manuel Machado;-3.6586959434758044;40.41078840500292
10306;URB;15.0;Av. Marqués de Corbera - Montejurra-María Teresa Saenz;-3.652426838759276;40.4252890926022
3487;URB;15.0;Av. Marqués de Corbera - Hermanos Machado-Santa Prisca;-3.649122390832552;40.428283554616556
6156;URB;15.0;Av. Daroca  - Av. de las Trece Rosas-Salida Cementerio;-3.6464289674924393;40.426843366950884
3648;URB;15.0;Salida Cementerio - Cementerio-Av. Daroca;-3.645435518061778;40.42601114327314
6162;URB;15.0;Ezequiel Solana  - Servando Batanero- Francisco Villaespesa;-3.644410311778906;40.42996562793294
10307;URB;15.0;Santa Genoveva - Santa Genoveva-Av. Trece Rosas;-3.647676004917211;40.42652106352826
10303;URB;15.0;Av. Marqués de Corbera - Poeta Blas de Otero-San Vidal;-3.6548153289146486;40.42354339552453
6187;URB;15.0;Francisco Villaespesa - Ezequiel Solana-Berástegui;-3.6426831295522235;40.429504722486584
6190;URB;15.0;Luis Ruíz - Luis Ruíz-Braulio Gutiérrez;-3.6368352638527104;40.429039691120366
6239;URB;16.0;Emigrantes - Mota del Cuervo-Tribaldos;-3.6364750893734947;40.466393152110115
6272;URB;16.0;Ricardo San Juan - Leira-Ctra. Canillas;-3.652880527165707;40.4643679174765
6274;URB;16.0;Francisco Mosqueda - Ramón Power-Silvano;-3.6280653709232937;40.46331536361848
10169;URB;16.0;Emigrantes - Torquemada-Tribaldos;-3.637315794388804;40.46772370170959
11067;URB;16.0;Asura N-S - Madroños-Santiago Ayllon;-3.6494578301620417;40.45132855018364
11066;URB;16.0;Asura S-N - Santiago Ayllon-Estrecho Mesina;-3.650110008338443;40.45214954547152
6277;URB;16.0;Sotillo - Sotillo-Av. Madroños;-3.637098980304519;40.45680114641425
3659;URB;16.0;López de Hoyos - Guisona-Gran Vía de Hortaleza;-3.6534218719838787;40.46775411914033
6293;URB;16.0;Av. San Luis - Luís Buitrago-Pl. Santos de la Humosa;-3.650553368949238;40.472677363998585
6308;URB;16.0;Ángel Luis Herrán - Valdetorres del Jarama-López de Hoyos;-3.6507504479002826;40.46990712490169
6310;URB;16.0;Ctra. Acceso Estación de Hortaleza - Capitán Cortés-Santa Adela;-3.652474602644881;40.47867328522253
11019;URB;16.0;Aconcagua - M40-Nevado del Cumbal;-3.6297351195043346;40.468621866948695
6339;URB;21.0;Av. Logroño - Gta. Hermita de la Soledad-San Severo;-3.583785359114988;40.46588367855893
6928;URB;21.0;Av. Logroño - Doblada-Pajarones;-3.5820132831587226;40.476913929465276
6344;URB;16.0;Av. Logroño - Isla de Cuba-Luis de la Mata;-3.610790744642322;40.44992212894142
6360;URB;15.0;Virgen de la Alegría  - Virgen del Portillo-Virgen de Lluc;-3.655664119365336;40.435163527632845
6363;URB;15.0;Virgen del Sagrario - Virgen del Portillo-José del Hierro;-3.650245611631027;40.4371723903244
6376;URB;15.0;Av. Badajoz - Martínez Villergas-Salvador de Madariaga;-3.655825172191038;40.44114315051755
6386;URB;15.0;Virgen de Loreto  - Av. Donostiarra-Virgen del Portillo;-3.655619662358183;40.434864474390125
10834;URB;15.0;Condesa de Venadito - Agastia - Torrelaguna;-3.653600461967074;40.444620683845
6395;URB;20.0;Av. Canillejas a Vicálvaro - Av. Guadalajara-Suecia;-3.611423304662307;40.42224670281607
6403;URB;20.0;Etruria - Etruria-Av. Canillejas a Vicálvaro;-3.611902865865431;40.43586854612482
6413;URB;20.0;Toscana - Av. Guadalajara-Aquitania;-3.6129023427440194;40.42174953087167
10621;URB;20.0;San Hilario - Luis Aragonés - Gonzalo Torrente Ballester;-3.6054921502803996;40.44614759640107
11308;URB;20.0;CARRIL_BUS_Suecia 6 - Marsella - Rumania;-3.6099590676729303;40.42163125319622
6420;URB;14.0;Fuente Carrantona  - José Bergamín-M-23;-3.6292593551685015;40.41146104583407
6427;URB;13.0;Av. Pablo Neruda - Andaluces-San Claudio;-3.642282481432199;40.39145086486325
6499;URB;14.0; Dr. García Tapia 218 O-E - Fuente Carrantona-La Riviera;-3.6300467161664165;40.40725734731737
3833;URB;14.0;Av. Doctor García Tapia - M-40-Rabat;-3.625890387995449;40.406561771674625
6460;URB;14.0;Laponia - Laponia-Av. Doctor García Tapia;-3.6277444376153434;40.40579096565508
6475;URB;20.0;Pº. Ginebra - Suecia-Av. Niza;-3.6044453973685675;40.42473315992
10239;URB;20.0;Vial 5 - Entrada Av. Arcentales;-3.6008635518319694;40.433998046495475
10243;URB;20.0;Av. Luis Aragones - Pl. Grecia - Vial 4;-3.604175470587979;40.437161004710454
10244;URB;20.0;Av. Luis Aragones - San Hilario - Vial 4;-3.6030431664745084;40.43874060413615
10245;URB;20.0;Av. Luis Aragones - San Hilalrio - Vial 4;-3.6031752911764174;40.43850506253716
10260;URB;20.0;Av. Arcentales - Estocolmo - M40;-3.6000068679005954;40.43255354406453
10626;URB;20.0;Julia Garcia Boutan - Liverpool y Sofia;-3.6026740823659242;40.43061282482803
11259;URB;20.0;Suecia (Area Infantil) - Manchester-Julia Garcai Boutan;-3.605169407869114;40.42978024348393
11286;URB;20.0;Av Niza, 43 - Mª Sevilla Diago-Julia Garcia Boutan;-3.6072196977768214;40.430735043829195
11285;URB;20.0;CARRIL BUS_Av Niza, 43 - Mª Sevilla Diago-Julia Garcia Boutan;-3.6072700755449674;40.43073024629829
10242;URB;20.0;TACTICO Giro de Av. Arcentales entrada al Estadio -  Giro de Av. Arcentales entrada al Estadio;-3.600429876602749;40.43269907170395
10908;URB;13.0;Imagen - Puerto de Balbarán-Av. Entrevías;-3.668763819800813;40.38257137222585
10914;URB;13.0;Av. Entrevías - Ronda del Sur-Padre Llanos;-3.658955151882208;40.37623772473442
6494;URB;20.0;Ajofrin - Pobladura del Valle-Av. Arcentales;-3.625302194604744;40.42590237662314
11193;URB;16.0;Av Fuerzas Armadas E-O Salida Antonio Perpiña - Gta Antonio Perpiña-Av Fuerzas Armadas, 322;-3.619508561240976;40.482312968913796
11190;URB;16.0;Av. Fuerzas Armadas 298 E-O - Av. Fuerzas Armadas 298-Gta Isidro Gonzalez;-3.6230902929142412;40.482295074310834
11171;URB;16.0;Fuerzas Armadas  BUS (Acceos Gta) - P.P. (16-162)-Gta de Isidro González Velázquez;-3.626869480832512;40.48284773415808
11157;URB;16.0;Av. Fuerzas Armadas - Av. Fuerzas Armadas Parking-Fco. J. Sainz Oiza;-3.6417671728515413;40.484702676576646
11275;URB;21.0;Acceso Gta. Antoñete (Carril BUS) - Jose Antonio Corrales-Gta. Antoñete;-3.608645867969662;40.48327000242447
11271;URB;16.0;Av. Fuerzas Armadas (CARRIL BUS) - Av. Fuerzas Armadas 298 - Gta. Isidro González Velázquez;-3.6246655897689557;40.482488909856656
11273;URB;16.0;Av. Fuerzas Armadas (CARRIL BUS) - Estacion Valdebebas - Gta. Antonio Perpiñá;-3.6168438813292174;40.48245678441367
11274;URB;21.0;Av. Fuerzas Armadas (CARRIL BUS) - Ciudad Deportiva - Gta. Antoñete;-3.6097649955527076;40.48213883003418
3665;URB;20.0;Alcalá - Cronos-Av. Canillejas a Vicalvaro;-3.618462229424305;40.44317030903932
6508;URB;20.0;Alcalá - Eduardo Terán-Av. Canillejas a Vicálvaro;-3.6160710946947705;40.44425352231158
3709;URB;20.0;Alcalá - Av. Canillejas a Vicálvaro-San  Mariano;-3.6152075669920185;40.44467400775596
3679;URB;20.0;Alcalá - San Mariano-Gutiérrez Canales;-3.613358357994917;40.44588636341374
6510;URB;20.0;Av. 25 Septiembre - Puertollano-Alcalá;-3.6240767861675014;40.44261843391862
6511;URB;20.0;San Romualdo - Albasanz-Alcalá  ;-3.6228192710499556;40.44075274564252
3666;URB;20.0;San Romualdo - Julián Camarillo-Albasanz;-3.6214662370775144;40.43812814080619
6513;URB;20.0;San Romualdo  - Albasanz-Julián Camarillo;-3.6213357209845327;40.43764084455103
6515;URB;20.0;San Romualdo - Cronos-Av. Arcentales;-3.620131172397056;40.43485145902105
6517;URB;20.0;Av. Arcentales - Gta. Arcentales- San Romualdo;-3.6201606282808436;40.43357346104541
6518;URB;20.0;Av. Arcentales - Gta. Arcentales-San Romualdo;-3.6199066877695314;40.433670545738146
6520;URB;20.0;Miguel Yuste - Emilio Muñóz-Julián Camarillo;-3.622985922702691;40.43549302069666
3698;URB;20.0;Miguel Yuste - Gta. Arcentales-Emilio Muñóz;-3.621997486027081;40.433716017427436
6521;URB;20.0;Emilio Muñóz - Miguel Yuste - Castillo de Uclés;-3.623036732084367;40.43433446925541
6522;URB;20.0;Cronos - San Romualdo-Miguel Yuste;-3.6216983604255697;40.43540257378888
6523;URB;20.0;Cronos - Miguel Yuste-San Romualdo;-3.6215538690808025;40.435428969607955
6524;URB;20.0;Av. Arcentales  - Gta. Arcentales-San Romualdo;-3.620330772251719;40.437106075023415
6525;URB;20.0;Cronos - San Romualdo-Julián Camarillo;-3.620495345843077;40.43665456470168
6526;URB;20.0;Cronos - Pl. Crónos-Julián Camarillo;-3.6196029817715427;40.43845781261502
6528;URB;20.0;Julián Camarillo - Miguel Yuste-San Romualdo;-3.6219419676354123;40.436772650202855
6529;URB;20.0;Julián Camarillo - San Romualdo-Miguel Yuste;-3.6220187658734013;40.43682059856342
6530;URB;20.0;Julián Camarillo - Rufino González-Miguel Yuste;-3.624477771987159;40.43587833671147
6532;URB;20.0;Albasanz - San Romualdo-Pl. Cronos;-3.620684865887519;40.43940397580191
6533;URB;20.0;Av. Canillejas a Vicálvaro - Néctar-Alcalá;-3.6161802216173773;40.442470577211836
6534;URB;20.0;San Mariano - San Mariano-Alcalá;-3.6138622383680565;40.444824379407386
6535;URB;20.0;Gutiérrez Canales - Gutiérrez Canales-Alcalá;-3.613521633955523;40.44740659141505
6536;URB;20.0;Alcalá - Esfinge-Jaca;-3.6114257651629713;40.447150374703945
10472;URB;20.0;Albasanz - San Romualdo-Miguel YUste;-3.622916347683973;40.43871950690326
10561;URB;20.0;Raza - Enrique López-Alcalá;-3.6120739748730917;40.44739918798439
10249;URB;20.0;Marquesado Santa Marta - Fernando Mijares-Gta. Ricardo Velazquez Bosco;-3.621570609340295;40.447849857038435
10248;URB;20.0;Marquesado Santa Marta - Clinica Navarra-Gta. Ricardo Velazquez Bosco;-3.6241948166357454;40.44777000906814
10479;URB;20.0;Julian Camarillo - Miguel Yuste - Rufino Gonzalez;-3.624070970452521;40.4360545619132
10476;URB;20.0;San Romualdo - Albasanz-Julián Camarillo;-3.6216769269051183;40.43833973366366
10475;URB;20.0;San Romualdo - Cronos-Julian Camarillo;-3.620798265361084;40.43664698794354
10473;URB;20.0;Alabasanz - Balentin Beato - Miguel Yuste;-3.6252154467610236;40.438059644386634
10478;URB;20.0;Albasanz - Santa Leonor-Alfonso-Gómez;-3.6286084416960804;40.43710145059426
11378;URB;20.0;San Romualdo - Cronos-Julian Camarillo;-3.620846550257787;40.43663049611249
10539;URB;20.0;Alcalá - Torre Arias - Esfinge;-3.612189864302536;40.44662797946983
10541;URB;20.0;Alcalá - San Romualdo-Cronos;-3.621515811323302;40.44232712350145
10543;URB;20.0;Av. 25 de Septiembre -  Pl. de las Olivas - Marquesado de Sta. Marta;-3.6257904862083326;40.44643431049597
10544;URB;20.0;Puente de Felipe Juvara - Grta. Yucatan - Juan Ignacio Luca de Tena;-3.626330202485101;40.44923168483624
10542;URB;20.0;Av. 25 de Septiembre - Juan Ignacio Luca de Tena - Pl. de las Olivas;-3.6259427353605513;40.44631963124314
10546;URB;20.0;Av. 25 de Septiembre - Pl. de Ensidesa - Pl.de las Olivas;-3.625016482543467;40.44441517225104
10545;URB;20.0;Av. 25 de Septiembre - Pl. de las Olivas - Pl. de Ensidesa;-3.625600943110386;40.445035172440754
10547;URB;20.0;AV. 25 DE SEPTIEMBRE - Alcalá - Puertollano;-3.623750247218577;40.442401523115684
10548;URB;20.0;Alcalá 538  - Av. Canillejas a Vicalvaro - Cronos;-3.6189228902266786;40.443104225688025
10549;URB;20.0;Cronos 69 - Dedalo - Alcalá;-3.619713498706572;40.442192389172966
10551;URB;20.0;Alcalá - Raza-Gutiérrez Canales;-3.6119457991981294;40.44684264698707
11320;URB;20.0;Av. Arcentales - Gta. Arcentales - San Romualdo;-3.620179054408059;40.433614732850266
6537;URB;20.0;Pl. Olivas - Pl. Olivas-Av. 25 Septiembre;-3.625409573015709;40.445450570690156
6538;URB;20.0;Av. 25 Septiembre - Av. 25 Septiembre-Alcalá;-3.6256744162403116;40.44534391719767
6540;URB;20.0;Esfinge - Esfinge-Alcalá;-3.6114967723573375;40.44685775695093
11222;URB;21.0;Av. Manuel Fraga Iribarne - Fernando Higueras-Gta. Antonio Valdés González Roldán;-3.6083084362650486;40.48659197573827
11224;URB;21.0;Av. Manuel Fraga Iribarne - P.P.-Gta. Javier Bellosillo;-3.60830745407683;40.49033415911018
11226;URB;16.0;Av. Manuel Fraga Iribarne - Gta. Javier Bellosillo-Av. Manuel Fraga Iribarne 115;-3.6083542331033125;40.49181775737194
11230;URB;16.0;Av. Manuel Fraga Iribarne - P.P. - Gta. José Paz Maroto;-3.608375910401052;40.49406393957058
11237;URB;16.0;Av. Secundino Zuazo - Antonio Miró Valverde-César Cort Boti;-3.6110873282505715;40.49509981913999
11241;URB;16.0;Av. de Secundino Zuazo - Josefina Aldecoa-Josefina Aldecoa;-3.614330552315951;40.49564337243388
11246;URB;16.0;Av. Secundino Zuazo - Fina de Calderón-Manuel Gutierrez Mellado;-3.6187007991518745;40.4956205914797
11247;URB;16.0;Av. Secundino Zuazo - Manuel Gutiérrez Mellado-José Antonio Coderch;-3.620475773679537;40.49561036291927
11253;URB;16.0;Av. Secundino Zuazo - José Antonio Coderch-Maria de las Mercedes de Borbón;-3.6220776584921643;40.49560353258417
11255;URB;16.0;María de las Mercedes de Borbón - Gta. Antonio Bornet-Av. Secundino Zuazo;-3.623872561148767;40.496364384521144
11254;URB;16.0;Av. de Secundino Zuazo - Maria de las Mercedes de Borbón-José Antonio Coderch;-3.623275869607504;40.4954189589741
11252;URB;16.0;Av. Secundino Zuazo - José Antonio Coderch-Manuel Gutiérrez Mellado;-3.621651618653165;40.49542877611056
11245;URB;16.0;Av. Secundino Zuazo - Fina de Calderón-Luis Moya Blanco;-3.617565066684001;40.495450685839835
11240;URB;16.0;Av. Secundino Zuazo - Josefina Aldecoa-CésarCort Boti;-3.613695027587142;40.49545013414861
11236;URB;16.0;Av. Secundino Zuazo - César Cort Boti-Gta. José Paz Maroto;-3.6099694729292255;40.49483130269673
11221;URB;21.0;Av. José Antonio Corrales - Carlos Fernandez Casado-Av. Manuel Fraga Iribarne;-3.60951275100925;40.48492208950136
11227;URB;16.0;José Antonio Fernández Ordóñez - Gustavo Pérez Puig-Gta. Javier Bellosillo;-3.6075795459072206;40.49143112738182
11228;URB;16.0;José Antonio Fernández Ordóñez - Av. Juan Antonio Samaranch-Gta. Javier Bellosillo;-3.6093248222827023;40.491086798931555
11234;URB;16.0;Av. Secundino Zuazo - Julio Cano Lasso-Gta. José Paz Maroto;-3.6073638138456676;40.49496223668592
11233;URB;16.0;Av. Manuel Fraga Iribarne - Félix Candela-Gta. José Paz Maroto;-3.6085973937832567;40.49576756205267
11239;URB;16.0;César Cort Botí - Av. Juan Antonio Samaranch-Av. Secundino Zuazo;-3.6125758313803367;40.494775774807145
11244;URB;16.0;Luis Moya Blanco - Juan Antonio Samaranch-Av. Secundino Zuazo;-3.616128225053669;40.49465164878809
11242;URB;16.0;Luis Moya Blanco - Félix Candela-Av. Secundino Zuazo;-3.6162529983491245;40.496483638313215
11250;URB;16.0;Manuel Gutiérrez Mellado - Av. Juan Antonio Samaranch-Av. Secundini Zuazo;-3.619912691858833;40.494970903722056
11251;URB;16.0;Manuel Gutiérrez Mellado - Av. Juan Antonio Samaranch-Av. Secundini Zuazo;-3.6199602822513604;40.494970292199305
11248;URB;16.0;Manuel Gutiérrez Mellad - Félix Candela-Av. Secundino Zuazo;-3.620052810764153;40.49607572888611
11249;URB;16.0;Manuel Gutiérrez Mellado - Félix Candela-Av. Secundino Zuazo;-3.6200061692120844;40.496078116538115
11256;URB;16.0;María de las Mercedes de Borbón - Av.Juan Antonio Samaranch-Av. Secundino Zuazo;-3.62369045696237;40.494612509864545
11213;URB;21.0;Acceso Gta.Jose  Antonio Corrales (Carril BUS)  - Fernando Higueras-Jose  Antonio Corrales;-3.6084317419555108;40.48536240086714
11214;URB;21.0;Acceso Gta.Jose  Antonio Corrales (Carril BUS) - Gta. Antoñete-Jose Antonio Corrales;-3.608190451509243;40.484591641655186
11216;URB;21.0;Acceso Gta. Antonio Valdes Glz-Roldan (Carril BUS) - Fernando Higuera-Maria Reche;-3.6084060763935657;40.48726758830316
11215;URB;21.0;Acceso Gta. Antonio Valdes Glez-Roldan (Carril BUS) - Estanislao Perez Pita-Maria Reche;-3.608457927824899;40.487902711485766
11217;URB;16.0;Acceso Gta. Javier Bellosillo (Carril BUS) - Estanislao Perez Pita-Jose Antonio Fernandez Ordoñez;-3.608449697967068;40.49082972050089
11235;URB;16.0;Av. Secundino Zuazo - César Cort Boti-Gta. José Paz Maroto;-3.6090575554204696;40.494906286400266
11276;URB;16.0;Av. Manuel Fraga Iribarne (CARRIL BUS) - AV. Manuel Fraga iribarne 115 - José Antonio Fdez. Ordóñez;-3.6084964291340866;40.491713603125476
11277;URB;16.0;Av. Manuel Fraga Iribarne (CARRIL BUS) - Jordi Solé Tura - Secundino Zuazo;-3.6084817629932844;40.49454764961659
11279;URB;16.0;Secundino Zuazo (CARRIL BUS) - Josefina Aldecoa - Luis Moya Blanco;-3.615712836967631;40.495565804904786
11278;URB;16.0;Secundino Zuazo (CARRIL BUS) - Fina de Calderón - Luis Moya Blanco;-3.6166062656336617;40.49552671910104
6548;URB;20.0;Campezo - Deyanira-M-40;-3.583356279733687;40.44167231420923
6549;URB;20.0;Deyanira - Campezo-Arrastaria;-3.5847692628827734;40.442820698718805
6550;URB;20.0;Deyanira  - Arrastaria-Campezo;-3.584751019094981;40.442779963461795
6552;URB;20.0;Campezo - Laguardia-Samaniego;-3.5827638031350766;40.445574425685685
6553;URB;20.0;Samaniego - Arcaute-Campezo;-3.581799783200342;40.443923961336935
3681;URB;20.0;Samaniego - Arrastaria-Campezo;-3.5839401411720893;40.44533784024363
6554;URB;20.0;Samaniego - Campezo-Arrastaria;-3.5851441713447;40.44623581128466
3806;URB;20.0;Pirra - Pirra-Arrastaria;-3.5869165757789494;40.444858091225434
6556;URB;20.0;Arrastaria - Pirra-Deyanira;-3.586221732672874;40.44385979127094
6557;URB;20.0;Deyanira - Aracne-Arrastaria;-3.5876937477665103;40.44307235806478
9957;URB;20.0;Ctra. Acceso Est. O`Donnell - Polimnia-Pirra;-3.593465369752801;40.44686526382187
9958;URB;20.0;Ctra. Acceso Est. O`Donnell - Pasifae-Pirra;-3.5934831519802453;40.44544650590362
9956;URB;20.0;Pirra - Euterpe-Ctra. Acceso Est. O`Donnel;-3.5926331612744846;40.44612272357271
6601;URB;8.0;Av. Niceto Alcalá Zamora - Sauceda-María de Portugal;-3.6602035514912;40.50126826453862
6602;URB;16.0;Av. Niceto Alcalá Zamora - Ana de Austria-María de Portugal;-3.6576477250975414;40.49980707207026
6603;URB;16.0;Av. Niceto Alcalá Zamora - Ana de Austria-Ingeniero Emilio Herrera;-3.6512008944446923;40.495495270121566
6604;URB;16.0;Av. Niceto Alcalá Zamora - Fernando Rojas-Ingeniero Emilio Herrera;-3.648254194746699;40.49371163316033
6605;URB;16.0;María de Portugal - Francisco Pi y Margall-Niceto Alcalá Zamora;-3.6597893017931136;40.49962864707661
6606;URB;16.0;Ana de Austria - Ana de Austria-María de Portugal;-3.657701536211507;40.50111673030183
11165;URB;16.0;Av. Francisco Pi y Margall - Príncipe Carlos-Infanta Catalina Micaela;-3.6522057654900064;40.487447629742
3519;URB;16.0;Av. Francisco Pi y Margall - Niceto Alcalá Zamora-Príncipe Carlos;-3.650310057075728;40.486864336414556
3520;URB;16.0;Príncipe Carlos - Pintor Ignacio de Zuloaga-Francisco Pi y Margall;-3.652064952925356;40.48615687224181
6608;URB;16.0;Príncipe Carlos - Alcalde Aristizabal Manchón-Francisco Pi y Margall;-3.6511994633100144;40.488485449772014
6609;URB;16.0;Av. Francisco Pi y Margall - Vicente Blasco Ibáñez-Ana de Austria;-3.659477346494848;40.4908287749797
10094;URB;8.0;Quintanavides - Via Servicio A1 - Foresta;-3.6669690787712956;40.49654261517392
6611;URB;16.0;Av. Francisco Pi y Margall - Ana de Austria-María de Portugal;-3.6642399391444087;40.49377441695091
6612;URB;16.0;Av. Francisco Pi y Margall - María de Portugal-Av. Burgos;-3.665880079231651;40.494828935372595
3457;URB;8.0;Vía Servicio A-1 - Arroyo de Valdebebas-Francisco Pi y Margall;-3.6681254189671635;40.493937872371724
6613;URB;16.0;María de Portugal - Leonor de Austria-Francisco Pi y Margall;-3.6647158048392723;40.495283539453034
6614;URB;16.0;Av. Burgos - Av. Francisco Pi y Margall-Av. Burgos;-3.66586335059613;40.49561411380205
6615;URB;8.0;Av. Burgos - Abetal-Quintanapalla;-3.6660856420593047;40.49681356508074
6616;URB;8.0;Av. Burgos - Quintanavides-Puerto de Somport;-3.667491408001306;40.495735131566484
6617;URB;8.0;Av. Burgos - Puerto de Somport-Cno. Fuencarral a Hortaleza;-3.6684046946926485;40.49504549085019
3458;URB;8.0;Quintanavides - Foresta-Abetal;-3.6675029512352704;40.49692787850136
3459;URB;8.0;Puerto de Somport - Av.Burgos-Foresta;-3.6683208391249167;40.49554279712209
6618;URB;8.0;Puerto de Somport - Foresta-Av. Burgos;-3.6689884028245325;40.49556894316944
3796;URB;8.0;Av. Burgos - Camino Fuencarral a Hortaleza-Puerto de Somport;-3.6678262449694863;40.494696433165196
6619;URB;16.0;Av. Burgos - Francisco Pi y Margall-Av. Burgos;-3.6659620310791925;40.49559868955142
6620;URB;16.0;Ingeniero Emilio Herrera - Príncipe Carlos-Infanta Catalina Micaela;-3.660876775923292;40.48525976495464
6621;URB;16.0;Ingeniero Emilio Herrera - Príncipe Carlos-Infanta Catalina Micaela;-3.6599305942728964;40.486252369292835
6622;URB;16.0;Ingeniero Emilio Herrera - Príncipe Carlos-Infanta Catalina Micaela;-3.6599697943409732;40.48628429793707
6623;URB;16.0;Ingeniero Emilio Herrera - Av. Francisco Pi y Margall-Av. Manoteras;-3.658420713508443;40.48731687946244
6624;URB;16.0;Ingeniero Emilio Herrera - Av. Francisco Pi y Margall-Av. Manoteras;-3.658457359858949;40.48735361282759
6625;URB;16.0;Camino Fuente de la Mora - Av. Manoteras-Príncipe Carlos;-3.6611298325283257;40.485731441395174
10460;URB;16.0;Fco. Pi y Margall - Hospital La Moraleja - Isabel de Valois;-3.661663892510992;40.491970000000364
10462;URB;16.0;Ana de Austria - Princesa de Eboli - Fco. Pi y Margall;-3.6598424023997844;40.49221779014585
10461;URB;16.0;Ana de Austria - Infanta Maria - Fco. Pi y Margall;-3.6618443676229293;40.490608958460534
9875;URB;16.0;Niceto Alcalá Zamora - Maria Tudor - Isabel de Valois;-3.6551736198149465;40.49799379510309
10456;URB;16.0;Ingeniero Emilio Herrera - Isabel Clara Eugenia - Niceto Alcalá Zamora;-3.650999402191159;40.4932914119976
10457;URB;16.0;Ingeniero Emilio Herrera - M-40 - Niceto Alcalá Zamora;-3.6484492111732045;40.495774156015244
10459;URB;16.0;Fco. Pi y Margall - Octavio Paz - Vicente Blasco Ibañez;-3.6581792606835433;40.490008100625936
10458;URB;16.0;Ingeniero Emilio Herrera - Princesa de Eboli - Infanta Catalina Micaela;-3.65375861918395;40.490742886314315
10862;URB;16.0;Rotonda - A-1 Via de Servicio - Francisco pi y Margall;-3.6667730659580724;40.49465171615922
6629;URB;16.0;Alcalde Álvarez de Villaamil - Alcalde Henche Plata-Príncipe Carlos;-3.65079261402972;40.489472092510574
9867;URB;16.0;Av. Ingeniero Emilio Herrera - Isabel Clara Eugenia-Príncipe Carlos;-3.651819258736133;40.49278481407555
10782;URB;18.0;Av. Mediterraneo - Acceso A-3 - Puentelarra;-3.605179131214854;40.384058624031596
5206;URB;18.0;Real Arganda - Serrania de Ronda-Gavia Seca;-3.6204031141923094;40.379602324270884
5211;URB;18.0;Puentelarra - Puentelarra- Santa Eugenia;-3.6057781687760615;40.3844009333726
10157;URB;13.0;Ctra. Vicalvaro a Vallecas - Bruno Abundez-Cocheron Villa;-3.628353759221126;40.383151763979235
9835;URB;13.0;Bruno Abundez - Bruno Abundez-Ctra. Vicalvaro a Vallecas;-3.6282084232887195;40.38330339972885
5866;URB;13.0;Tranvía de Arganda - Cocherón Villa-Albufera;-3.632806852532533;40.38368549800562
5357;URB;18.0;Peñaranda de Bracamonte - La Adrada-Av. Ensanche de Vallecas;-3.6090248843915376;40.36941980281402
5375;URB;18.0;Av. Ensanche de Vallecas - Rafael León-José Gutiérrez;-3.602160868323802;40.3650855417804
5381;URB;18.0;Av. Suertes - Rafael Leon-Jose Gutierrez;-3.600391460657201;40.3676212232771
5384;URB;18.0;Alto del Retiro - Av. Mediterraneo-Av. Suertes;-3.6012213784873923;40.368852272613076
3855;URB;1.0;HORTALEZA 75 S-N(TRAV.SAN MATEO-FERNANDOVI);-3.6977531922756044;40.42512617159132
3860;URB;3.0;(AFOROS) DR. ESQUERDO S-N(ALCALDE SAINZ BARANDA-IBIZA);-3.6692493736846794;40.417053366339005
3864;URB;3.0;DR. ESQUEDO N-S(SAMARIA-AV. NAZARET)(DE FRENTE);-3.6698446130031863;40.4125294987041
3871;URB;3.0;FDEZ. SHAW S-N(FEDERICO MORENO TORROBA-PL. CONDE CASAL);-3.669101917951279;40.40551767930718
3872;URB;3.0;DR. ESQUERDO S-N (STA.SABINA -PL. CONDE CASAL);-3.670975627679221;40.40541029947509
3873;URB;3.0;AV. MEDITERRANEO O-E(SANCHEZ BARCAIZTEGUI-PL. CONDE CASAL);-3.6722315318080487;40.40681688088789
3874;URB;3.0;AV. MEDITERRANEO O-E(PASO INFERIOR);-3.672250121840942;40.406892836441855
3875;URB;3.0;ALCALDE SAINZ BARANDA E-O(VAQUERIAS-LOZOYA);-3.6671612179336512;40.417527052939825
3876;URB;3.0;ALCALDE SAINZ BARANDA O-E(LOZOYA-ESPLANDIU);-3.6671088612497886;40.417463369579835
3564;URB;4.0;(TACTICO) ALCALDE SAINZ BARANDA E-O(GIRO IZQ. A TORRESPANA);-3.662309411832382;40.42135579640272
9979;URB;4.0;ALDE SAINZ BARANDA E-O(GIRO A M-30)(MARQUES CORBERA- M-30);-3.660115393202286;40.42147702925808
7055;URB;3.0;IBIZA 40 O-E (FERNAN GONZALEZ - MAIQUEZ);-3.6738481834712893;40.41807759255321
4081;URB;2.0;(AFOROS) VADO STA. CATALINA S-N(PTE. ANDALUCIA-PL. LEGAZPI);-3.696522426690685;40.39014585283083
4096;URB;2.0;EMBAJADORES S-N(ANTRACITA-BOLIVAR)(TUNEL A 190MTS);-3.6922408481498707;40.39006681879643
4097;URB;2.0;EMBAJADORES S-N(BRONCE-ANTRACITA)(SUPERFICIE);-3.691619169897226;40.38910555117968
4114;URB;2.0;FERROCARRIL O-E(BATALLA DEL SALADO-Po DELICIAS);-3.6956819267602876;40.40088359823906
10814;URB;2.0;RAMIREZ PRADO O-E(JUAN M.EMPECINADO-VILLA PRADO);-3.687895988390895;40.3993269187829
4155;URB;3.0;ALFONSO XII N-S (ANTONIO MAURA-MENDEZ NUNEZ);-3.689028661791344;40.41640589087276
4160;URB;3.0;ESPALTER O-E (Po DEL PRADO-ALFONSO XII);-3.690117224069684;40.4127252979639
3691;URB;1.0;(AFOROS) Po DEL PRADO N-S(PL. PLATERIAS-GTA. CARLOS V);-3.6932066189276993;40.41206179138223
3718;URB;3.0;(AFOROS) Po INFATA ISABEL N-S(GTA. CARLOS V-ALFONSO XII);-3.690713390637072;40.40787987201347
4180;URB;2.0;FERROCARRIL O-E(STA MARIA CABEZA-BATALLA DEL SALADO);-3.6983925198206085;40.40102214664811
3465;URB;3.0;ALFONSO XII N-S (ALCALA-MONTALBAN);-3.688838268095394;40.41900900117862
3466;URB;2.0;SANTA MARIA CABEZA N-S(MARTIN SOLER-CANARIAS);-3.6978663180291345;40.402526055927545
4209;URB;1.0;RONDA ATOCHA E-O(MARQUES VALDAVIA-MALLORCA);-3.6970651383020483;40.40658021197689
4238;URB;1.0;RONDA TOLEDO E-O(EMBAJADORES-RIBERA CURTIDORES);-3.7058869654070103;40.40560120197609
4247;URB;1.0;ALCALA E-O(GIRO A GRAN VIA)(BARQUILLO-GRAN VIA);-3.695737928373915;40.41900447665267
4254;URB;1.0;CRUZ S-N(EL POZO -PL.CANALEJAS);-3.7006939742504428;40.41632282119542
7091;URB;3.0;(MICRO) PL. CIBELES S-N (DELANTE G.12 )(GIRO IZQDA);-3.692850943341725;40.41932162707476
7101;URB;1.0;CUESTA SAN VICENTE O-E(Po DEL REY-ARRIAZA);-3.7177383494057827;40.42021141830657
3730;URB;1.0;GRAN VIA,25 O-E(SALUD-TRES CRUCES);-3.702019076198578;40.42002020304844
4310;URB;1.0;HORTALEZA, 26 O-E(INFANTAS-SAN MARCOS);-3.700503760304056;40.42111340422768
4311;URB;1.0;INFANTAS S-N(PL. VAZQUEZ DE MELLA-HORTALEZA);-3.6999475711245524;40.42079484832527
11208;URB;1.0;CUESTA SAN VICENTE O-E(PM 16004+PM16049)(Pso. DEL REY-ARRIAZA);-3.7175288460807723;40.42024810487598
4340;URB;9.0;Po MORET  O-E(MARTIN DE LOS HEROS-PRINCESA);-3.720844143677775;40.43438503701777
4355;URB;9.0;VENTURA RODRIGUEZ E-O(PRINCESA-TUTOR);-3.713400124227748;40.426077826193286
10883;URB;9.0;FERRAZ S-N (VENTURA RODRIGUEZ -LUISA FERNANDA);-3.714981791386094;40.42382487739309
9967;URB;7.0;(TACTICO) SALIDA MINISTERIOS;-3.6949620842210855;40.44468933053531
9962;URB;9.0;DR. JIMENEZ DIAZ O-E (SALIDA APARCAMIENTO HOSPITAL);-3.718905674639339;40.43954730951132
10560;URB;7.0;(MICRO)San Fco. de Sales S-N(Giro a Guzman el Bueno);-3.712375255895881;40.44277793795857
9926;URB;9.0;AV. PARANINFO N-S (JUAN DEL ROSAL - FACULTAD DE DERECHO);-3.729263750755554;40.450219593530264
5412;URB;9.0;(MICRO) AV.COMPLUTENSE O-E(INTERNO GIRO G.12)(P.M.1);-3.7279738604870984;40.448074926983395
4479;URB;9.0;Po DE LA FLORIDA, 52 N-S(PTE. REINA VICTORIA-Po FLORIDA 35);-3.724606808988453;40.42407649304814
3437;URB;9.0;Po DE LA FLORIDA, 52 S-N(Po FLORIDA 35-MOZART);-3.7238522597828996;40.42352121710581
3438;URB;9.0;GTA. SAN ANTONIO DE LA FLORIDA O-E(GIRO A SAN POL DE MAR);-3.725499497989546;40.42583248775367
4480;URB;9.0;AV. VALLADOLID, 25 S-N(TRAFICO- AV.VALLADOLID. 11);-3.727765413314684;40.42682072808298
4481;URB;9.0;AV. VALLADOLID, 33 N-S(AV.VALLADOLID, 11-TRAFICO);-3.7284537401380327;40.42767626876348
3675;URB;9.0;AV. VALLADOLID, 65 N-S(LOECHES-DEPENDENCIA TRAFICO);-3.7306906691816564;40.42976406530028
3676;URB;9.0;AV. VALLADOLID, 65 S-N(DEPENDENCIA TRAFICO-LOECHES);-3.7314467523957915;40.43072755080663
4304;URB;9.0;Po FLORIDA, 11 N-S(MOZART-ENTRADA ESTACION DEL NORTE);-3.721444715685938;40.42139585914013
4484;URB;9.0;(AFOROS) AV. VALLADOLID N-S (AV.MARQUES MONISTROL-LOECHES);-3.7329353222000012;40.43242326039157
3470;URB;9.0;LOECHES O-E(ANICETO MARINAS-AV. VALLADOLID);-3.732855524211904;40.43134006665678
4321;URB;9.0;CUESTA SAN VICENTE E-O(Po DEL REY-GTA. SAN VICENTE);-3.7184734599520253;40.420374406910035
4323;URB;1.0;Po VIRGEN DEL PUERTO S-N(CDAD PLASENCIA-GTA SAN VICENTE);-3.720213870532869;40.41840347574149
4324;URB;1.0;M-30 SALIDA TUNEL O-E(ENTRADA GTA. SAN VICENTE) (90MTS);-3.720529943181522;40.41892081702071
3651;URB;1.0;M-30 SALIDA TUNEL O-E(ENTRADA GTA. SAN VICENTE) (150MTS);-3.720651251475816;40.418508324936774
4489;URB;9.0;MARTIN FIERRO N-S(JUAN HERRERA-OBISPO TREJO);-3.7318649840124665;40.43685223414499
4490;URB;9.0;MARTIN FIERRO S-N(AV. SENDECA -OBISPO TREJO);-3.731337995069324;40.435713358166815
3512;URB;9.0;OBISPO TREJO O-E(SENDA DEL REY-MARTIN FIERRO);-3.732840239215958;40.43601682019066
4491;URB;9.0;(TACTICO) ARQUITECTO LOPEZ OTERO N-S (GIRO IZQDA J.HERRERA);-3.7325150280729327;40.43850679314992
4492;URB;9.0;JUAN HERRERA, 6 E-O(AV. PUERTA HIERRO-MARTIN FIERRO);-3.731205559904885;40.43868117098427
7058;URB;9.0;SAN POL DE MAR,2 O-E(FORTEA-AV.MANZANARES);-3.7276291750704917;40.42356282108578
7059;URB;9.0;RIBERA DEL MANZANARES 67 N-S;-3.7273002744948647;40.424638761470234
7073;URB;9.0;MARTIN FIERRO S-N(OBISPO TREJO - JUUN HERRERA);-3.731825124535734;40.43691294843324
4325;URB;1.0;SEGOVIA, 65 E-O(RONDA SEGOVIA-Po VIRGEN DEL PUERTO);-3.7189268689546138;40.4139939015933
4326;URB;2.0;VIRGEN DEL PUERTO(FRENTE)S-N(MANZANARES-SEGOVIA);-3.7210879731795585;40.41293704032923
4327;URB;2.0;PTE SEGOVIA O-E (FRENTE)(Po EXTREMADURA -Po VIRGEN DEL PUERTO);-3.722851049566907;40.41393312221082
5116;URB;1.0;Po VIRGEN DEL PUERTO N-S(GTA. SAN VICENTE-PTE. SEGOVIA);-3.720806869516235;40.41531296255073
5117;URB;1.0;SEGOVIA E-O(CUESTA DE LOS CIEGOS-CUESTA LA VEGA);-3.7159022140502764;40.41392194934041
4328;URB;1.0;RONDA SEGOVIA S-N(ALGECIRAS-SEGOVIA);-3.7172818374872274;40.412966001368936
4330;URB;1.0;CUESTA DE LA VEGA N-S(CDAD.DE PLASENCIA-SEGOVIA);-3.716809846522516;40.41457537919985
10407;URB;2.0;VIRGEN DEL PUERTO S-N(GIRO A PTE SEGOVIA)(MANZANARES-SEGOVIA;-3.7211740750387765;40.412943809759554
10408;URB;2.0;PTE SEGOVIA O-E (GIRO IZQDA)(Po EXTREMADURA -Po VIRGEN DEL PUERTO);-3.722858794929918;40.41398695892686
4331;URB;1.0;(TACTICO) Po VIRGEN DEL PUERTO N-E(GIRO A CDAD. PLASENCIA);-3.7207817236796443;40.41515262992136
10467;URB;9.0;(TACTICO) Loeches O-E(Aniceto Marinas-Av. Valladolid);-3.732420030614154;40.43156243102102
4495;URB;6.0;(MICRO) FRANCOS RODRIGUEZ E-O(LOPE DE HARO-MARGARITAS);-3.7054563578545565;40.456595313922726
4496;URB;6.0;Francos Rodriguez O-E(Juan Encina-Jeronima Llorente);-3.7061892396628444;40.45659453663444
3524;URB;6.0;Francos Rodriguez O-E(Pamplona-Juan Encina);-3.7071816503507073;40.456639375330475
4498;URB;6.0;(AFOROS) FRANCOS RODRIGUEZ O-E(NUMANCIA-PAMPLONA);-3.709506375542846;40.457020297786976
4501;URB;9.0;PABLO IGLESIAS N-S(FRANCOS RODRIGUEZ-MOGUER);-3.711738175176255;40.45723013492952
4502;URB;9.0;FRANCOS RODRIGUE E-O(OFELIA NIETO-STO. ANGEL DE LA GUARDA);-3.712180877563728;40.457724210135346
4503;URB;9.0;STO. ANGEL DE LA GUARDA N-S(SANCHEZ PRECIADO-FRANCOS RDGUEZ);-3.712712187104198;40.458954185725354
4504;URB;9.0;FRANCOS RODRIGUEZ E-O(STO. ANGEL DE LA GUARDA-POLICIA);-3.7134883383052006;40.457932892131865
4505;URB;9.0;FRANCOS RODRIGUEZ O-E (DR.FEDERICO RUBIO-PABLO IGLESIAS);-3.712673980956548;40.4576569324089
4506;URB;9.0;FRANCOS RODRIGUEZ E-O(POLICIA-COLEGIO PALOMA);-3.7148472529176293;40.45836963573783
4507;URB;9.0;FRANCOS RODRIGUEZ O-E(POLICIA-STO ANGEL DE LA GUARDA);-3.7144732891526964;40.458182131326765
4509;URB;9.0;(AFOROS) FRANCOS RODRIGUEZ E-O(COLEGIO PALOMA-DEHESA  VILLA);-3.7166348557442843;40.45892724722247
4510;URB;9.0;(AFOROS) FRANCOS RODRIGUE O-E(DEHESA DE LA VILLA-PIRINEOS);-3.717932826188916;40.459261177217314
7114;URB;6.0;Lope de Haro E-O (Giro Izqda)(Berruguete-Francos Rodriguez);-3.70432933814207;40.45668758687375
10097;URB;6.0;PSO. DIRECCION S-N (OFELIA NIETO-CARMEN PORTONES);-3.7070368479681717;40.46347780330088
4511;URB;9.0;ANTONIO MACHADO N-S(MARTIRES MARISTAS-DEHESA DE LA VILLA);-3.7196709717703014;40.460630821528724
3472;URB;9.0;ANTONIO MACHADO S-N;-3.718825503653114;40.46128909928216
3473;URB;9.0;Alcalde MartIn Alzaga E-O(Aguilar de Campoo-Antonio Machado);-3.718582090337165;40.4625783706033
4512;URB;9.0;Antonio Machado N-S(Sinesio Delgado-Isla de Oza);-3.720181682237957;40.46360734200406
4513;URB;9.0;PABLO IGLESIAS N-S(MOGUER-ARQUITECTO SANCHEZ ARCAS);-3.7128939590700374;40.45557886487018
4514;URB;6.0;PABLO IGLESIAS S-N(ARQUITECTO SANCHEZ ARCAS-LECEROS);-3.712507951315871;40.455974979878725
4515;URB;9.0;PABLO IGLESIAS O-E(ARQUITECTO SANCHEZ ARCAS-NUMANCIA);-3.713125811679216;40.45469291780977
5142;URB;9.0;ARQUITECTO SANCHEZ ARCAS N-S(VALLS FERRERA-MORERAS);-3.7161565768687637;40.45352666630367
3440;URB;9.0;MORERAS S-N(RAMIRO MAEZTU-JUAN XXIII);-3.7183261921695707;40.4520030795542
3514;URB;9.0;JUAN XXIII E-O(RAMIRO MAEZTU-MORERAS);-3.717134719554599;40.45127377129647
5143;URB;6.0;PABLO IGLESIAS E-O(NUMANCIA-ARQUITECTO SANCHEZ ARCAS);-3.712771699318908;40.45422940189262
4517;URB;9.0;NUMANCIA N-S(PABLO IGLESIAS-DR.FEDERICO RUBIO Y GALI);-3.7129042656212934;40.4536233674508
4518;URB;6.0;PABLO IGLESIAS O-E(NUMANCIA-DR. FEDERICO RUBIO Y GALI);-3.7125126915528885;40.45356642038984
4519;URB;6.0;PABLO IGLESIA E-O(DR. FEDERICO RUBIO Y GALI-NUMANCIA);-3.711930203337646;40.45281449885256
4521;URB;6.0;PABLO IGLESIAS S-N(ALMANSA-DR. FEDERICO RUBIO Y GALI);-3.7111291181328006;40.45141553494715
4522;URB;6.0;DR.FEDERICO RUBIO Y GALI E-O(J.LLORENTE-PABLO IGLESIAS);-3.7103445861136595;40.45246370884552
4523;URB;6.0;DR.FEDERICO RUBIO Y GALI O-E(P.IGLESIAS-JERONIMA LLORENTE);-3.710404456616189;40.45241789790751
3638;URB;6.0;NUMANCIA S-N(DR.FEDERICO RUBIO Y GALI-PABLO IGLESIAS);-3.713099889666337;40.45322144285372
4524;URB;9.0;DR.FEDERICO RUBIO Y GALI E-O(MORERAS-FCO. DE DIEGO);-3.7141689195643526;40.45405027361535
4525;URB;9.0;DR.FEDERICO RUBIO Y GALI O-E(FCO. DE DIEGO-MORERAS);-3.7142642169560744;40.45404391361918
4527;URB;9.0;DR.FEDERICO RUBIO Y GALI N-S(MORERAS-PABLO IGLESIAS);-3.713134952779822;40.45294101071158
4528;URB;6.0;JERONIMA LLORENTE N-S(LENERO-DR.FEDERICO RUBIO Y GALI);-3.7087063157724183;40.45276329758091
3733;URB;6.0;DR.FEDERICO RUBIO Y GALI S-N(ACUEDUCTO-JERONIMA LLORENTE);-3.7094731756520245;40.45112988149827
9960;URB;9.0;(TACTICO) VALLS FERRERA N-S;-3.7152726020238886;40.45422207234051
3734;URB;6.0;VILLAAMIL S-N(BUSTILLO -ISLA GOMERA);-3.7080571580866697;40.46093580444869
3735;URB;6.0;VILLAAMIL S-N(OFELIA NIETO-SANCHEZ PRECIADO);-3.7085034772633327;40.46263651410689
4530;URB;9.0;VILLAAMIL N-S(SANCHEZ PRECIADO-OFELIA NIETO);-3.7091334717360938;40.46344825460186
4531;URB;6.0;VILLAAMIL S-N(SAN RESTITUTO-CAMINO CHORIILLO);-3.709667984911743;40.46471679136866
4533;URB;6.0;CAMINO CHORRILLO N-S (GTA. PIEDRAFITA CEBREROS-VILLAAMIL);-3.7107300031878308;40.4666707957907
4534;URB;9.0;VILLAAMIL O-E (LATERAL TUNEL SOR ANGELA DE LA CRUZ);-3.711187527513575;40.46613358078074
4535;URB;6.0;OFELIA NIETO N-S(Po DIRECCION-VILLAAMIL);-3.7076266533851325;40.46305057870539
4536;URB;6.0;Po DIRECCION E-O(ISLA GOMERA-OFELIA NIETO);-3.7068687307929666;40.46271410513745
4537;URB;9.0;DR.FEDERICO RUBIO Y GALI S-N(MOGUER-FRANCOS RODRIGUEZ);-3.7136753891654504;40.4565274180994
3595;URB;9.0;DR.FEDERICO RUBIO Y GALI N-S(MOGUER-FCO.DE DIEGO);-3.714171934106936;40.45606434122609
4538;URB;6.0;NUMANCIA N-S(LENADORES-PABLO IGLESIAS);-3.712065565241091;40.454901593665646
3767;URB;6.0;Lope de Haro E-O(Berruguete-Francos Rodriguez);-3.7043489658179323;40.456743391302844
4540;URB;6.0;(AFOROS) FRANCOS RODRIGUEZ E-O(LORENZANA-Po DIRECCION);-3.7089581622467023;40.45695046246851
3708;URB;9.0;(TACTICO) PIRINEOS S-N (Ma AUXILIADORA -FRANCOS RODRIGUEZ);-3.7159711810874403;40.45844817346694
10218;URB;6.0;JERONIMA LLORENTE E-O (ANTURIO -PAMPLONA);-3.705792555201698;40.45566749302614
10220;URB;6.0;PAMPLONA S-N (FERNANDO OSSORIO -JERONIMA LLORENTE);-3.7055788182178153;40.45470620712477
10221;URB;6.0;PAMPLONA N-S(FRANCOS RODRIGUEZ -JERONIMA LLORENTE);-3.7067126717815317;40.45556264671023
3413;URB;6.0;AV.FEDERICO RUBIO N-S (ARANJUEZ - ALMANSA);-3.7094768371956888;40.45034332563532
3412;URB;6.0;AV.FEDERICO RUBIO S-N (PABLO IGLESIAS  - ALMANSA);-3.708322293588037;40.44851858267439
10212;URB;9.0;AV.PABLO IGLESIAS N-S (JUAN XXIII - ALMANSA);-3.7103459752970283;40.45007211427178
9914;URB;9.0;ALMANSA O-E (VASCOS-PABLO IGLESIAS);-3.711154598072464;40.449550133516844
10195;URB;9.0;(TACTICO)JUAN XXIII O-E (OLIMPIADA -PABLO IGLESIAS);-3.7111991842630516;40.450944877199916
6983;URB;6.0;AV. PABLO IGLESIAS S-N (JUAN MONTALVO-VIVERO);-3.7089021673965834;40.448146390404176
10012;URB;9.0;(TACTICO) Salida Clinica Lopez Ibor;-3.7243415389437398;40.46796091835618
10153;URB;6.0;PSO. DIRECCION N-S (ALBERDI - CAPITAN BLANCO ARGIBAY);-3.7077698845055864;40.468782274047136
4543;URB;6.0;PSO. DIRECCION S-N (ALBERDI - CAPITAN BLANCO ARGIBAY);-3.7081810943761173;40.46758850788059
10154;URB;6.0;CAPITAN BLANCO ARGIBAY O-E (SINESIO DELGADO - PSO. DIRECCION);-3.7087612600369844;40.46827537063734
4545;URB;6.0;(MICRO) CAPITAN BLANCO ARGIBAY O-E(Po DIRECCION-P.CEBRERO);-3.7106838379950657;40.46995300476578
4546;URB;8.0;(AFOROS) SINESIO DELGADO E-O(RIBADAVIA-P.CEBRERO);-3.7101541581119446;40.47138781998052
4548;URB;8.0;AV. BETANZOS N-S (CELANOVA-PIEDRAFITA CEBRERO);-3.712605973627578;40.47137156762934
4550;URB;8.0;CHANTADA E-O(RIBADAVIA-AV. BETANZOS);-3.711191881691703;40.47296855875712
4551;URB;8.0;AV. BETANZOS N-S(CHANTADA-MELCHOR FERNANDEZ ALMAGRO);-3.7115196833528143;40.4739395203613
4552;URB;8.0;AV. BETANZOS N-S(MELCHOR FERNANDEZ ALMAGRO-CHANTADA);-3.711587874192791;40.47401106462102
4553;URB;8.0;MELCHOR FERNANDEZ ALMAGRO E-O(FERROL-AV. BETANZOS);-3.709711056337608;40.47559356569854
4554;URB;8.0;RIBADAVIA E-O(CHANTADA-AV. BETANZOS);-3.710988072615677;40.472243386834705
9882;URB;8.0;RIBADAVIA N-S(COLEGIO GARCIA LORCA-SINESIO DELGADO);-3.7044094134476966;40.472848938173
4556;URB;8.0;LA BANEZA O-E(CAMINO GANAPANES-AV. BETANZOS);-3.7126412510571862;40.47644603764998
3408;URB;8.0;AV. BETANZOS N-S(LA BANEZA-MELCHOR FERNANDEZ ALMAGRO);-3.711622407900748;40.47620873681271
4557;URB;8.0;AV. BETANZOS S-N(MELCHOR FERNANDEZ ALMAGRO-LA BANEZA);-3.711362033189146;40.47572433545418
4559;URB;8.0;VILLA MARIN E-O(MELCHOR FERNANDEZ ALMAGRO-FINISTERRE);-3.699578008223659;40.476027269934804
3829;URB;8.0;SINESIO DELGADO E-O(FINISTERRE -GINZO DE LIMIA);-3.7001118206593437;40.47498555191401
4561;URB;8.0;FINISTERRE N-S(VILLA MARIN-MELCHOR FERNANDEZ ALMAGRO);-3.7011126169470696;40.476373060242096
4562;URB;8.0;FINISTERRE N-S(MELCHOR FERNANDEZ ALMAGRO-VILLA MARIN);-3.7012279781714503;40.47641930153111
3824;URB;8.0;MELCHOR FERNANDEZ ALMAGRO E-O(FINISTERRE-GINZO DE LIMIA);-3.702026284662784;40.477246291730964
4563;URB;6.0;(AFOROS) SINESIO DELGADO O-E(RIBADAVIA-AV. ASTURIAS);-3.7030870346302183;40.47278690439586
4564;URB;8.0;GINZO DE LIMIA N-S(MELCHOR FERNANDEZ ALMAGRO-FERROL);-3.703008447682722;40.475690581359544
3596;URB;8.0;GINZO DE LIMIA S-N(VILLA MARIN-MELCHOR FERNANDEZ ALMAGRO);-3.702998318875748;40.47621387607734
4566;URB;8.0;GINZO DE LIMIA N-S(MONFORTE LEMOS-MELCHOR FERNANDEZ ALMAGRO);-3.7037726086415046;40.4778042530842
4567;URB;8.0;MELCHOR FERNANDEZ ALMAGRO O-E(FERROL-GINZO DE LIMIA);-3.705214205428325;40.47654443446749
4568;URB;8.0;MELCHOR FERNANDEZ ALMAGRO E-O(GINZO DE LIMIA-FERROL);-3.705117094657461;40.47660531486698
4569;URB;8.0;MELCHOR FERNANDEZ ALMAGRO O-E(AV. BETANZOS-FERROL);-3.708358380045525;40.47588238816368
3588;URB;6.0;CAMINO CHORRILLO S-N(ENTRADA A PIEDRAFITA CEBRERO);-3.7123973745464953;40.46958445414151
3589;URB;6.0;SINESIO DELGADO O-E(A.MACHADO-PIEDRAFITA CEBRERO);-3.7127731079296105;40.46930817840736
4570;URB;8.0;AV. BETANZOS S-N(PIEDRAFITA DEL CEBRERO-RIBADAVIA);-3.7121046036734726;40.4716053565327
10165;URB;6.0;PSO. DIRECCION O-E (CAPITAN BLANCO ARGIBAY - ALBERDI);-3.7072467999984315;40.469608009392175
10166;URB;6.0;PSO. DIRECCION E-O (AV. ASTURIAS - REYES AIZQUIBEL);-3.7036989475752486;40.470201640310144
4573;URB;8.0;(TACTICO) SALIDA APARCAMIENTO GENERAL HOSPITAL CARLOS III;-3.6974541606464406;40.47473634390014
4574;URB;6.0;AV. ASTURIAS S-N(Po DIRECCION-SINESIO DELGADO);-3.7007693890480025;40.47306269215321
4575;URB;6.0;AV. ASTURIAS O-E(Po DIRECCION-ROSARIO ROMERO);-3.6990298475264876;40.47187253299592
4576;URB;6.0;AV. ASTURIAS O-E(SINESIO DELGADO -Po DIRECCION);-3.700518692694412;40.47281750622608
3738;URB;6.0;AV. ASTURIAS E-O(CANAVERAL-MONTOYA);-3.695489860312389;40.46943929014654
4577;URB;6.0;AV. ASTURIAS E-O(SOROLLA -Po DIRECCION);-3.6972375547000693;40.470702067651374
4578;URB;6.0;(AFOROS) AV. ASTURIAS O-E(MAGNOLIAS -CEDROS);-3.6926852060857644;40.467571262565926
4579;URB;6.0;AV. ASTURIAS O-E(BASCONES -CANAVERAL);-3.6947435117492176;40.46876236696634
4580;URB;6.0;(TACTICO) MAGNOLIAS S-N (DELFIN-AV. ASTURIAS);-3.693096123790317;40.467442796996735
4581;URB;6.0;AV. ASTURIAS E-O(PL. CASTILLA-SAN AQUILINO);-3.6903583510435727;40.46663505599389
4582;URB;6.0;(AFOROS) AV. ASTURIAS E-O(SAN AQUILINO -MAGNOLIAS);-3.6917540480472772;40.46730876708762
7024;URB;6.0;(TACTICO) SINESIO DELGADO O-E (GIRO A HOSPITAL CARLOSIII);-3.697940783473027;40.4745344764792
9915;URB;8.0;SINESIO DELGADO E-O (SALIDA TUNEL-HOSPITAL CARLOS III);-3.6961207697178344;40.47479150961682
9916;URB;6.0;SINESIO DELGADO O-E (HOSPITAL CARLOS III-ENTRADA TUNEL);-3.6961325156401674;40.474731928641454
9919;URB;8.0;SINESIO DELGADO E-O(HOSPITAL CARLOS III-FINISTERRE);-3.6985687101563687;40.47477343568283
9918;URB;6.0;SINESIO DELGADO O-E(FINISTERRE-HOSPITAL CARLOS III);-3.6987255746012244;40.4747342717625
10809;URB;6.0;SAN AQUILINO N-S (SAN BENITO - AVDA. ASTURIAS);-3.6905722781140957;40.46782620673438
10813;URB;6.0;PSO.DIRECCION O-E (ALVAREZ-AVDA.ASTURIAS);-3.700838737964418;40.47200841950984
4585;URB;8.0;Po CASTELLANA N-S(M-30 -AV. MONFORTE DE  LEMOS);-3.686829964985776;40.47634811840244
4586;URB;5.0;DANIEL VAZQUEZ DIAZ E-O(MAURICIO LEGENDRE-Po CASTELLANA);-3.6853346756517777;40.47487893255461
4587;URB;5.0;SALIDA TUNEL PIO XII E-O(MAURICIO LEGENDRE-Po CASTELLANA);-3.6855992524801566;40.47485800477387
4588;URB;5.0;PADRE FCO. PALAU Y QUER O-E (CASTELLANA - MAURICIO LEGENDRE);-3.685770346595502;40.474162379516265
4589;URB;5.0;Po CASTELLANA S-N(JOSE VASCONCELOS-PADRE FCO.PALAU Y QUER);-3.68701347061398;40.47329694795094
4590;URB;8.0;SALIDA TUNEL N-S(Po CASTELLANA)A 90MTS;-3.6871604245418745;40.47495448005135
4591;URB;8.0;SALIDA TUNEL N-S(Po CASTELLANA)A 50MTS;-3.6873060660488104;40.4744297177874
4592;URB;8.0;AV. MONFORTE  LEMOS O-E(AV.MONFORTE DE LEMOS-MAGNOLIAS);-3.690131768690087;40.47600350944101
4593;URB;8.0;AV.MONFORTE DE LEMOS E-O(Po CASTELLANA-AV.MONFORTE DE LEMOS);-3.6878421518170947;40.47525788554241
4594;URB;6.0;SINESIO DELGADO O-E(SINESIO DELGADO-Po CASTELLANA);-3.688485949746885;40.47436251118435
4595;URB;6.0;SINESIO DELGADO O-E(CARLOS III-MAGNOLIAS);-3.690481330130573;40.474461200651405
4597;URB;8.0;SINESIO DELGADO E-O(SALIDA TUNEL);-3.690544528344713;40.47453583149623
10032;URB;8.0;MONFORTE DE LEMOS O-E (PUENTECESURES - PEDRO RICO);-3.693051517285955;40.47921406614484
4599;URB;8.0;ARZOBISPO MORCILLO O-E(ACC.TORRES-Po CASTELLANA);-3.6871098074340103;40.479705878070476
4600;URB;8.0;ARZOBISPO MORCILLO E-O(ACC.TORRES-PEDRO RICO);-3.688032358318551;40.47984800319831
4601;URB;8.0;ARZOBISPO MORCILLO E-O(TUNEL A 180M) (ACC.TORRES-PEDRO RICO);-3.6883290356191383;40.479863651572984
4602;URB;8.0;ARZOBISPO MORCILLO E-O(TUNEL A 80M)(ACC.TORRES-PEDRO RICO);-3.6888143172209595;40.480015600072065
4603;URB;8.0;PEDRO RICO S-N(AV.MONFORTE DE LEMOS-ARZOBISPO MORCILLO);-3.6899606889722976;40.47923558183382
4606;URB;8.0;AV.MONFORTE  LEMOS  E-O(TUNEL 80M)(Po CASTELLANA-PEDRO RICO) ;-3.690280524949981;40.476949988601625
4607;URB;8.0;AV.MONFORTE DE LEMOS E-O(TUNEL  180M)(CASTELLANA-PEDRO RICO);-3.690028431331232;40.47643888681254
4608;URB;5.0;MAURICIO LEGENDRE N-S(M-30 -VIEJAS);-3.6832074739859237;40.48113399299009
4610;URB;5.0;VIEJAS O-E(Po CASTELLANA-MAURICIO LEGENDRE);-3.684651641285202;40.48042174510203
4611;URB;5.0;MAURICIO LEGENDRE N-S(VIEJAS-MANUEL CALDEIRO);-3.6840600833638826;40.477534399756195
4612;URB;5.0;(TACTICO) SALIDA E.M.T. E-O(E.M.T.-MAURICIO LEGENDRE);-3.6837756021997;40.47641153709721
4614;URB;5.0;MAURICIO LEGENDRE N-S(MANUEL CALDEIRO-PADRE PALAU Y QUER);-3.6845561762261467;40.47518046782296
4615;URB;5.0;PADRE PALAU Y QUER E-O(AGUSTIN DE FOXA-MAURICIO LEGENDRE);-3.6841141244711633;40.47368122109509
4616;URB;5.0;MAURICIO LEGENDRE N-S (PADRE PALAU Y QUER - J.VASCONCELOS);-3.6856949656995384;40.47287141811662
4617;URB;5.0;PADRE PALAU Y QUER O-E (Po CASTELLANA - MAURICIO LEGENDRE);-3.686260916787754;40.47399248968713
4618;URB;5.0;MAURICIO LEGENDRE N-S(JOSE VASCONCELOS-AGUSTIN DE FOXA);-3.6867863447990867;40.46947924526786
4619;URB;5.0;ENRIQUE LARRETA S-N(MATEO INURRIA-AGUSTIN DE FOXA);-3.686442124481688;40.467737670552786
4620;URB;5.0;AGUSTIN DE FOXA S-N(MATEO INURRIA-ENRIQUE LARRETA);-3.6876663280016655;40.46776079073463
4621;URB;5.0;AGUSTIN DE FOXA N-S(PADRE PALAU Y QUER-J. VASCONCELOS);-3.684581617642551;40.471217458064324
4622;URB;5.0;JOSE VASCONCELOS E-O(MANUEL FERRERO-AGUSTIN DE FOXA);-3.6844047770116397;40.47019461006061
3591;URB;5.0;AGUSTIN DE FOXA S-N(ENRIQUE LARRETA-JOSE VASCONCELOS);-3.6857961418227547;40.46983281373138
3592;URB;5.0;AGUSTIN DE FOXA N-S(JOSE VASCONCELOS-MAURICIO LEGENDRE);-3.6858898939948044;40.4698081318107
10033;URB;8.0;(TACTICO) JULIO PALACIOS N-S (ARZOBISPO MORCILLO-PEDRO RICO);-3.693932276650149;40.48173793693353
7142;URB;8.0;(TACTICO) MONFORTE DE LEMOS E-O GIRO;-3.696368381770487;40.479604151793424
3740;URB;5.0;(AFOROS) LOPEZ DE HOYOS E-O(CARTAGENA-JOSEP PLA);-3.676288891250873;40.442588067908964
4624;URB;5.0;CARTAGENA, 130 S-N(CANILLAS-LOPEZ DE HOYOS);-3.675049961104304;40.441581651480526
3741;URB;5.0;LOPEZ DE HOYOS O-E(CARTAGENA-JUAN B. TOLEDO);-3.675179405478727;40.443367145014676
4625;URB;5.0;LOPEZ DE HOYOS E-O(JUAN B. TOLEDO-CARTAGENA);-3.6754288342790216;40.44321370983441
4626;URB;5.0;(TACTICO) GIRO IZQUIERDA EUGENIO SALAZAR;-3.673440334677961;40.44462711281283
3474;URB;5.0;LOPEZ DE HOYOS E-O(MARCENADO-EUGENIO SALAZAR);-3.672784522956683;40.44507206784196
4627;URB;5.0;LOPEZ DE HOYOS, 133 O-E(MARCENADO-RAMOS CARRION);-3.670277388279732;40.446633663788
4628;URB;5.0;LOPEZ DE HOYOS, 125 E-O(RAMOS CARRION-MARCENADO);-3.6709233164456907;40.44624786323064
4630;URB;5.0;LOPEZ DE HOYOS, 149 E-O(RAMOS CARRION-CLARA DEL REY);-3.668757874620264;40.44784664123228
4631;URB;5.0;LOPEZ DE HOYOS, 202 O-E(CLARA DEL REY-CORAZON DE MARIA);-3.667777118268585;40.44838497314482
4632;URB;5.0;LOPEZ DE HOYOS E-O(ALFONSO XIII-CLARA DEL REY);-3.6672403414753707;40.44872291003213
4633;URB;5.0;(AFOROS) ALFONSO XIII, 18 S-N(LOPEZ DE HOYOS-PRADILLO);-3.6660568045006876;40.44862984340827
4634;URB;5.0;CORAZON DE MARIA S-N(CARDENAL SILICEO-AV.CAMILO JOSE CELA);-3.6685455863085608;40.44233834363573
4635;URB;5.0;AV.CAMILO JOSE CELA S-N(AV. AMERCIA-CORAZON DE MARIA);-3.6668526539331783;40.44231725954868
4636;URB;5.0;CANILLAS O-E(ACCESO NII-CORAZON DE MARIA);-3.6659727519882837;40.44304517225624
4637;URB;5.0;CORAZON DE MARIA N-S(SANTA HORTENSIA-CANILLAS);-3.6673803889779344;40.443950476377985
3398;URB;5.0;CORAZON DE MARIA S-N(SANTA HORTENSIA-SANTA RITA);-3.6671226585513614;40.44441735081536
3399;URB;5.0;CORAZON DE MARIA, 33 N-S(SANTA RITA-SANTA HORTENSIA);-3.6671220387812835;40.44488445276544
3400;URB;5.0;CLARA DEL REY, 23 N-S(SANTA RITA-SANTA HORTENSIA);-3.6682652562141227;40.4453368015844
4638;URB;5.0;CORAZON DE MARIA S-N(SANTA RITA-RAMOS CARRION);-3.6667901916158887;40.44570831469054
9968;URB;5.0;LOPEZ DE HOYOS O-E (EUGENIO SALAZAR-MARCENADO);-3.6731471685955057;40.444805130135215
4639;URB;5.0;CORAZON DE MARIA S-N(RAMOS CARRION-LUIS SALAZAR);-3.6665161245456566;40.446703386035544
10040;URB;5.0;CORAZON DE MARIA N-S(LUIS SALAZAR-RAMOS CARRION);-3.6665134719668515;40.44712624323623
10039;URB;5.0;CLARA DEL REY N-S (LUIS SALAZAR -RAMOS CARRION);-3.6677967817226604;40.44710563941631
4640;URB;5.0;RAMOS CARRION E-O (CORAZON DE MARIA -CLARA DEL REY);-3.6672217644698164;40.446406480805585
4641;URB;5.0;PRADILLO 66 O-E (SATURNINO CALLEJA-GUSTAVO FDEZ. BALBUENA);-3.668851738192476;40.44984040395351
4642;URB;5.0;ALFONSO XIII, 35 N-S(RAMON Y CAJAL-LUIS LARRAINZA);-3.667595353691441;40.45166975076517
4643;URB;5.0;(AFOROS) ALFONSO XIII S-N(LOPEZ DE HOYOS-PRADILLO);-3.667117394543122;40.45009815245094
3689;URB;5.0;SANTA HORTENSIA O-E(CLARA DEL REY-CORAZON DE MARIA);-3.6675566199570944;40.4442449794389
3690;URB;5.0;PRADILLO, 59 E-O(PANTOJA-NUREMBERG);-3.672747792645523;40.44888040245043
4644;URB;5.0;PRADILLO, 20 O-E(PL.CATALUNA-MARCENADO);-3.674836021266077;40.44865179097475
4645;URB;5.0;MARCENADO N-S(SAN ERNESTO-PRADILLO);-3.674006045047668;40.449088801538295
10041;URB;5.0;CANILLAS E-O(CORAZON DE MARIA-CLARA DEL REY);-3.6677680423974968;40.44363429057301
4647;URB;5.0;SANTA HORTENSIA E-O(CORAZON DE MARIA-CLARA DEL REY);-3.668661502109817;40.444411916902816
10042;URB;5.0;CLARA DEL REY N-S (SANTA HORTENSIA -CANILLAS);-3.668810223489112;40.443501032708106
10045;URB;5.0;CORAZON DE MARIA O-E (POETA CLAUDIO RODRIGUEZ-ALUSTANTE);-3.6707289197715833;40.441033370886174
10047;URB;5.0;ALUSTANTE N-S(CLARA DEL REY - CORAZON DE MARIA);-3.670350613610121;40.44181001196492
4687;URB;5.0;POETA CLAUDIO RODRIGUEZ S-N (CLARA DEL REY-CORAZON DE MARIA);-3.6714903482178;40.4408220356241
4648;URB;5.0;CLARA DEL REY E-O(ALUSTANTE-ANASTASIO AROCA);-3.6720851607974385;40.44116909962334
4649;URB;5.0;CLARA DEL REY E-O(ANASTASIO AROCA-CARTAGENA);-3.673088608879998;40.44045565410251
4650;URB;5.0;CARTAGENA N-S(CONSTANCIA -CLARA DEL REY);-3.6744886826606398;40.440701302429815
3525;URB;4.0;CARTAGENA S-N(MARQUES DE AHUMADA-AV.AMERICA);-3.6709474984126866;40.437146715971714
3526;URB;4.0;CARTAGENA N-S(MEJICO-MARQUES DE AHUMADA);-3.6704402409631616;40.43679531476876
4651;URB;4.0;CARTAGENA N-S(MARIA TERESA-ERASO);-3.670040475440916;40.4355729560396
4652;URB;4.0;CARTAGENA S-N(ERASO-MARIA TERESA);-3.6701955130019095;40.43491953573824
4654;URB;4.0;MARTINEZ IZQUIERDO O-E(FCO. SILVELA  - ARDEMANS);-3.671442459179173;40.432574583671126
3502;URB;4.0;CARTAGENA S-N(AV.TOREROS-MARTINEZ IZQUIERDO);-3.6704875403431454;40.43221442386652
3504;URB;4.0;AV.TOREROS E-O(PILAR DE ZARAGOZA-CARTAGENA);-3.668952245520884;40.43208413124055
4655;URB;4.0;AV.TOREROS O-E(PILAR DE ZARAGOZA-RAFAELA BONILLA);-3.6687473067873984;40.43206847865097
4656;URB;4.0;AV.TOREROS E-O(FRANCISCO SANTOS-RAFAELA BONILLA);-3.6663237974946727;40.432382706075146
4657;URB;4.0;AV.TOREROS O-E(FRANCISCO SANTOS-JULIO CAMBA);-3.6660625629772734;40.43237400404966
4658;URB;4.0;AV.TOREROS E-O(NRA.SRAGUADALUPE-TOREROS)(GIRO A JULIO CAMBA);-3.6651981847820894;40.43257895201684
4659;URB;4.0;AV.TOREROS O-E(FRANCISO ALTIMIRAS-AV.BRASILIA);-3.6632681297526077;40.43353338364705
4661;URB;4.0;LUIS CALVO N-S(AZCONA-MARTINEZ IZQUIERDO);-3.6649695286891015;40.43610180928411
4662;URB;4.0;BIARRITZ S-N(MARTINEZ IZQUIERDO-BRESCIA);-3.6640424444402515;40.435440401248584
4663;URB;4.0;AV.BRUSELAS N-S(AV.BAVIERA-PL.VENECIA);-3.6634220487804487;40.442011599552515
4664;URB;4.0;AV.GUINDALERA O-E(CAMILO JOSE CELA-AV.BRUSELAS);-3.664466581009324;40.44101200931909
4665;URB;4.0;AV.BRUSELAS N-S(PL.VENECIA-AV.BRUSELAS);-3.66298524409511;40.44042375560927
4666;URB;4.0;AV.BRUSELAS S-N(AV.BRUSELAS-PL.VENECIA);-3.6629357675591763;40.43993702631033
4669;URB;4.0;AZCONA E-O(VILLAFRANCA-CAMILO JOSE CELA);-3.6664098529166465;40.43574471288367
4670;URB;4.0;AV.BRASILIA S-N(AV.BONN-AV.BADAJOZ);-3.6610379288610257;40.439221816740734
4671;URB;4.0;AV.BONN E-O(AV.BRASILIA-AV.BRUSELAS);-3.6620948431070333;40.43860483097245
3414;URB;4.0;AV.BONN E-O(AV.DE LA PAZ-AV.BRASILIA);-3.659929373020385;40.43852811488072
3415;URB;4.0;(AFOROS)AV.BRASILIA N-S(AV.BONN-BRESCIA);-3.6611516234092036;40.43753942778027
3416;URB;4.0;(AFOROS)AV.BRASILIA S-N(BRESCIA-AV.BONN);-3.661029998705883;40.43708921066733
4672;URB;4.0;BRESCIA E-O(AV.BRASILIA-AV.BRUSELAS);-3.6629268138089555;40.43645013829036
4673;URB;4.0;AV.BRASILIA N-S(BRESCIA-MARTINEZ IZQUIERDO);-3.6611601238972837;40.436173368037714
4674;URB;4.0;MARTINEZ IZQUIERDO O-E(FRANCISCO ALTIMIRAS-AV.BRASILIA);-3.6622598765559347;40.435221422262124
4675;URB;15.0;PUENTE CALERO E-O(AV.DE LA PAZ-AV.BRASILIA);-3.6595057382568004;40.4350965577369
4676;URB;4.0;ROBERTO DOMINGO S-N(AV.TOREROS-AV.DONOSTIARRA);-3.6611565156919896;40.434376764510056
4677;URB;4.0;ROBERTO DOMINGO N-S(MARTINEZ IZQUIERDO-AV.TOREROS);-3.661156712016631;40.43473580417558
4678;URB;4.0;AV.TOREROS S-N(ALCALA-AV.TOREROS);-3.6616380094204897;40.43209406252881
3442;URB;4.0;MARTINEZ IZQUIERDO O-E(PILAR DE ZARAGOZA-VILLAFRANCA);-3.6670802186159173;40.43474417691826
4679;URB;4.0;PL.VENECIA E-O(AV.BRASILIA-AV.BRUSELAS);-3.6616744217243955;40.440873955694904
4681;URB;4.0;PL.VENECIA O-E(AV.BRUSELAS-AV.BRASILIA);-3.6623467351742343;40.44083875239736
4682;URB;4.0;AV.TOREROS E-O(CARTAGENA-FCO.SILVELA);-3.670797588168932;40.43187791465941
4683;URB;4.0;FERRER DEL RIO O-E(PILAR DE ZARAGOZA-MARQUES DE AHUMADA);-3.6705636274594884;40.43563982438047
4684;URB;4.0;CARTAGENA S-N(MARTINEZ IZQUIERDO-AZCONA);-3.670435235510485;40.43328804280657
4686;URB;4.0;(TACTICO) MEJICO E-O(EDUARDO VICENTE-CARTAGENA);-3.67221099688176;40.438034857256994
7077;URB;4.0;CAMILO JOSE CELA, 4 S-N(AZCONA-ERASO);-3.6672091367639927;40.43596482797132
7060;URB;4.0;MARQUES DE AHUMADA O-E(MARQUES DE MONTEAGUDO-C. JOSE CELA);-3.6678660281715;40.43671232601896
7078;URB;4.0;PUENTE DE LA  PAZ E-O(AV.BADAJOZ-AV.BRASILIA)(GIRO A  M-30);-3.6600567283971652;40.44084723231331
5414;URB;8.0;AV.MONFORTE DE LEMOS O-E(CAMINO GANAPANES-AV.BETANZOS);-3.7131138996971074;40.477435296397665
5415;URB;8.0;AV.MONFORTE DE LEMOS O-E(AV.BETANZOS-PL.VERIN);-3.7110700009105138;40.47793834779365
5416;URB;8.0;AV.MONFORTE DE LEMOS E-O(PL.VERIN-AV.BETANZOS);-3.7110119977155778;40.47804566620829
5417;URB;8.0;AV.MONFORTE DE LEMOS O-E(PL.VERIN-PL.FONSAGRADA);-3.7094560111834496;40.47826806793463
5418;URB;8.0;AV.MONFORTE DE LEMOS E-O(PL.ARTEIJO-PL.FONSAGRADA);-3.7072844731452874;40.478835863224305
5419;URB;8.0;AV.MONFORTE DE LEMOS O-E(PL.ARTEIJO-GINZO DE LIMIA);-3.705888672935722;40.47900955632609
5420;URB;8.0;AV.MONFORTE DE LEMOS E-O(FINISTERRE-GINZO DE LIMIA);-3.702972106297712;40.47966310322272
5421;URB;8.0;AV.BETANZOS N-S(AV.ILUSTRACION-AV.MONFORTE DE LEMOS);-3.7124987347852905;40.47870208166194
5430;URB;8.0;GINZO DE LIMIA S-N(AV.ILUSTRACION-AV.MONFORTE DE LEMOS);-3.7045885424211606;40.48019947308977
5435;URB;8.0;FINISTERRE N-S(SANTIAGO DE COMPOSTELA-AV.MONFORTE  LEMOS);-3.7028860227071605;40.48016636756261
5436;URB;8.0;FINISTERRE S-N(MELCHOR FDEZ. ALMAGRO-AV.MONFORTE  LEMOS);-3.7024632330040967;40.479108164123495
5437;URB;8.0;AV.BETANZOS S-N(LA BANEZA-AV.MONFORTE  LEMOS);-3.7117781835056163;40.47680527723984
4555;URB;8.0;AV.BETANZOS N-S(AV. MONFORTE DE LEMOS-LA BANEZA);-3.712097221367393;40.4775219272703
10187;URB;8.0;Av .Monforte de Lemos E-O (Ginzo de Limia - Pl.Arteijo);-3.7059893420166348;40.47911694303613
10184;URB;8.0;Av .Monforte de Lemos O-E (Pl.Fonsagrada - Pl.Arteijo);-3.7079084603377734;40.478588396633626
10182;URB;8.0;Av .Monforte de Lemos E-O (Pl.Fonsagrada - Pl.Verin);-3.708941983788775;40.47849848884976
10186;URB;8.0;Av .Monforte de Lemos E-O (Pl.Fonsagrada - Pl.Verin);-3.709093080642702;40.478415052949224
3448;URB;5.0;PADRE DAMIAN S-N (CONCHA ESPINA - RAFAEL SALGADO);-3.68652456620071;40.45298387874266
5505;URB;5.0;PADRE DAMIAN S-N(FALLA-PROFESOR WAKSMAN);-3.687028400024223;40.45507239428305
5507;URB;5.0;RAFAEL SALGADO O-E(Po CASTELLANA-PADRE DAMIAN);-3.6883039770209494;40.45406690663175
10470;URB;5.0;(TACTICO) Padre Damian(Giro a Juan Ramon Jimenez);-3.6869112105487805;40.455956280240194
11282;URB;5.0;STA MARIA MAGDALENA N-S;-3.669594112645308;40.46043745116609
5592;URB;5.0;ALFONSO XIII E-O(FRENTE) (PL.JOSE Ma SOLER-STA MªMAGDALENA);-3.668819080307384;40.459607064260574
5593;URB;5.0;ALFONSO XIII E-O (STA.Ma MAGDALENA-CRUCERO 25 DE MAYO);-3.6705511962410577;40.4601948997631
5594;URB;5.0;ALFONSO XIII E-O (PARAGUAY-TORPEDERO TUCUMAN);-3.6727793817735126;40.460282341685335
5595;URB;5.0;ALFONSO XIII O-E (CHILE-PUERTO RICO);-3.6752429777545363;40.46033168507651
5596;URB;5.0;ALFONSO XIII O-E (PUERTO RICO-PARAGUAY);-3.6727787601786694;40.46023391559858
5597;URB;5.0;ALFONSO XIII O-E (PARAGUAY-RICARDO CALVO);-3.6707382729902633;40.46015518764692
5599;URB;5.0;COLOMBIA E-O (NICARAGUA-VICTOR DE LA SERNA);-3.6711625513831097;40.45695432252745
3773;URB;5.0;COLOMBIA O-E (PUERTO RICO-VICTOR DE LA SERNA);-3.6731092728046435;40.456956392083434
5600;URB;5.0;PUERTO RICO N-S (NICARAGUA-COLOMBIA);-3.674437792989758;40.4574992030805
5601;URB;5.0;PUERTO RICO N-S (COLOMBIA-URUGUAY);-3.674218393332255;40.455732336557155
5602;URB;5.0;URUGUAY E-O (VICTOR DE LA SERNA-PUERTO RICO);-3.673140219587236;40.45512254943648
5603;URB;5.0;URUGUAY O-E (PL.REPUBLICA ECUADOR-PUERTO RICO);-3.6750838921931734;40.45513931840148
5604;URB;5.0;COLOMBIA E-O (PUERTO RICO-VICTOR DE LA SERNA);-3.673270453761356;40.456999825120064
5605;URB;5.0;COLOMBIA O-E (CHILE-PUERTO RICO);-3.675351182141888;40.45704126906465
11350;URB;5.0;ALFONSO XIII (GIRO A STA MªMAGDALENA)JOSE MªSOLER-STA MªMAGDA.);-3.6688129604492175;40.459637974135404
5621;URB;5.0;(TACTICO) PARAGUAY S-N (COSTA RICA-ALFONSO XIII);-3.6716962352937257;40.460008872868904
11283;URB;5.0;TORPEDERO TUCUMAN N-S;-3.673502654752527;40.46098267552396
3417;URB;2.0;Po IMPERIAL N-S(GIL IMON--PL. FCO. MORANO);-3.716392179986366;40.405420473586794
3418;URB;2.0;Po PONTONES E-O(STA.CASILDA-PL. FCO. MORANO);-3.7151955293320498;40.40504505430423
4688;URB;2.0;Po IMPERIAL S-NCALLE NUEVA - PL.FRANCISCO MORANO);-3.7157158100862357;40.403712360556504
4690;URB;2.0;Po PONTONES E-O(PARADINAS-Po MELANCOLICOS);-3.719552471326909;40.404156274331854
4691;URB;2.0;Po MELANCOLICOS S-N(SAN EPIFANIO-Po PONTONES);-3.7202091821922867;40.403271788682034
4692;URB;2.0;PUENTE SAN ISIDRO O-E(M-30 -Po MELANCOLICOS);-3.7219612373448725;40.403812624711954
4693;URB;1.0;RONDA DE SEGOVIA N-S(ALGECIRAS-SEGOVIA);-3.7179248941764507;40.411821108930766
4695;URB;1.0;RONDA DE SEGOVIA S-N(GIL IMON -ALGECIRAS);-3.7175041640254034;40.41001698213412
4696;URB;2.0;Po IMPERIAL E-O(JEMENUNO-RONDA DE SEGOVIA);-3.7178960277200077;40.40989418802729
3444;URB;2.0; Po MELANCOLICOS S-N(Po IMPERIAL-RONDA DE SEGOVIA);-3.718617715106359;40.41002161301497
10038;URB;2.0;ARGANDA N-S (VALDELASIERRA -YESERIAS);-3.7044802249377926;40.39756909530746
10648;URB;2.0;Po PONTONES O-E (Po MELANCOLICOS - ALEJADRO DUMAS Dumas);-3.7200346146850247;40.40404319633782
3476;URB;1.0;TOLEDO N-S(HUMILLADERO-PUERTA TOLEDO);-3.711070038415692;40.407985149420156
3477;URB;1.0;RONDA DE SEGOVIA E-O(CARLOS ARNICHES-PUERTA TOLEDO);-3.7104255828301977;40.406505433708304
3478;URB;1.0;(AFOROS)GRAN VIA DE SAN FRANCISCO N-S(AGUILA-PUERTA TOLEDO);-3.712530685873409;40.40784921269494
4697;URB;2.0;(AFOROS) TOLEDO S-N(SAN ISIDORO SEVILLA-PUERTA TOLEDO);-3.712285969822233;40.40506844602023
4698;URB;2.0;RONDA DE SEGOVIA O-E(GIL IMON-PUERTA TOLEDO);-3.713476316914592;40.40723349170342
4699;URB;2.0;SANTA CASILDA O-E(Po PONTONES-TOLEDO);-3.713733975149776;40.40505805507283
4700;URB;2.0;(AFOROS) TOLEDO N-S(PUERTA TOLEDO -SANTA CASILDA);-3.7121957102508896;40.40571963982312
4701;URB;2.0;TOLEDO S-N(JUAN ANTONIO VALLEJO- NAJERA BOTAS-SANTA CASILDA);-3.7127176649905036;40.40416399135216
9970;URB;2.0;Po IMPERIAL N-S (JEMENUNO -GIL IMON);-3.7172308483158902;40.40781793847525
9971;URB;2.0;Po IMPERIAL S-N (GIL IMON -JEMENUNO);-3.717076456276465;40.40755204658118
10649;URB;2.0;Po PONTONES O-E (ALEJANDRO DUMAS - CALLE NUEVA);-3.718559747541397;40.40420070580484
10650;URB;2.0;Po PONTONES E-O (PL. FCO. MORANO - CALLE NUEVA);-3.716685998253033;40.40446461060418
10682;URB;2.0;Po MELANCOLICOS(ALEJANDRO DUMAS-SAN EPIFANIO);-3.71752584324656;40.40142178008375
4707;URB;1.0;COLEGIATA O-E(TOLEDO-ROMANONES);-3.7063470031301544;40.412974519363246
4708;URB;1.0;TOLEDO S-N(DUQUE DE ALBA-COLEGIATA);-3.7078252122766395;40.41215699019674
4709;URB;1.0;TOLEDO N-S(SEGOVIA-SAN MILLAN);-3.7078397136145216;40.4122466830283
4710;URB;1.0;PLAZA DE LA CEBADA O-E(HUMILLADERO-TOLEDO);-3.709667750274611;40.41135455786504
4711;URB;1.0;TOLEDO N-S(SAN MILLAN-LOPEZ SILVA);-3.7086505672006487;40.41102513633014
4712;URB;1.0;TOLEDO S-N(ARGANZUELA-LOPEZ SILVA);-3.709768477452687;40.40954774482674
4713;URB;1.0;SEGOVIA E-O(CUCHILLEROS-SAN JUSTO);-3.712623941262775;40.41387465787946
4714;URB;1.0;SEGOVIA O-E(SAN JUSTO-COSTANILLA DE SAN PEDRO);-3.7105167825970535;40.41354089505492
4715;URB;1.0;SEGOVIA O-E(SAN JUSTO-CUCHILLEROS);-3.7090939602236146;40.41371065215974
4716;URB;1.0;CUCHILLEROS N-S(MAESTRO VILLA -TINTOREROS);-3.7080487735827847;40.414360433865596
4717;URB;1.0;SEGOVIA E-O(CAVA BAJA -TOLEDO);-3.7080879271081417;40.41361818639722
4718;URB;1.0;CONDE DE ROMANONES N-S(CONCEPCION JERONIMA-COLEGIATA);-3.7048712639365617;40.413164750475694
3401;URB;1.0;CONCEPCION JERONIMA O-E(SALVADOR -TOLEDO);-3.706541030308044;40.41388201266945
10065;URB;2.0;(TACTICO) JEMENUNO O-E(Po MELANCOLICOS-Po IMPERIAL);-3.717610667965677;40.40825580658687
3402;URB;5.0;Hiedra O-E (Estación Chamartín-Bambú);-3.6783201883136742;40.473610931418015
5744;URB;5.0;Bambu N-S(Consuegra-Av. Pio XII);-3.67729597225185;40.47425465034637
5745;URB;5.0;Av. Pio XII E-O(Av. Burgos - Bambu);-3.676727303654168;40.473138261884124
5746;URB;5.0;Av. Pio XII O-E (Bambu-Av. Burgos);-3.6772741566195233;40.47313546580969
5747;URB;5.0;Av. Pio XII E-O (Calle 30 - Av. Burgos);-3.674666210789364;40.47304312078665
5748;URB;5.0;Av. Pio XII E-O (Marques de Torroja - Av. Burgos);-3.6746440346390767;40.47204780664128
5749;URB;5.0;Av. Burgos S-N (Buganvilla - Av. Pio XII);-3.675875952944846;40.471778570809605
5750;URB;5.0;Av. Pio XII O-E (Tunel)(Salida);-3.6766452726448136;40.47275989096769
5751;URB;5.0;(TACTICO) Marques de Torroja E-O (delante G.5);-3.675862821235494;40.47055827326472
5752;URB;5.0;(TACTICO)Salida T.V.E O-E(Delante G. 7);-3.676518616072177;40.47038124766753
5754;URB;5.0;(TACTICO)Av. Burgos E-O (Av. Burgos - Bambu);-3.675476424018243;40.479526212678444
9925;URB;5.0;Av. Burgos S-N (Av. Burgos - Av. san Luis);-3.6756965905362096;40.480023728905955
9896;URB;5.0;Av. Burgos N-S(Pastora Imperio- Av. San Luis);-3.675814625537337;40.481877517211714
11034;URB;5.0;Hiedra E-O(Bambú-Estación Chamartín);-3.6788199457340434;40.47357216908915
11035;URB;5.0;Av. Burgos(Ntra.Sra.Recuerdo-Marqués Torroja);-3.6764440222941634;40.46935357983718
5901;URB;8.0;(TÁCTICO) PEÑA DEL OSO 2 N-S;-3.700817019458218;40.48947717874296
11036;URB;5.0;AV. BURGOS N-S(AV. PIO XII-BUGANVILLA);-3.675901515796952;40.472209392129415
11339;URB;5.0;(TACTICO)(CARRIL-BUS)AV.BURGOS S-N;-3.675719669982298;40.48092901992337
5755;URB;6.0;Marques de Viana E-O (Hierbabuena-Ferreluz);-3.7008424330618626;40.4618979402529
5756;URB;6.0;Marques de Viana O-E (Ruiz Palacio- Gladiolo);-3.7029172788229103;40.462942216004635
5757;URB;6.0;Marques de Viana E-O (Robledo - Po Direccion);-3.7056780323736405;40.464147516894755
5759;URB;6.0;Pso Direccion E-O (Almortas-Gardenias);-3.7060269935364993;40.46494747223992
7097;URB;6.0;Pso. Direccion N-S (Aligustre-Marques Viana);-3.7064831614663456;40.46465024918142
10155;URB;6.0;PSO. DIRECCION N-S (CAPITAN BLANCO ARGIBAY-ALBERDI);-3.708374935797173;40.466138663581376
3678;URB;8.0;(TACTICO) Juan Sanchez E-O (Candido Mateos - Cesar Manrique);-3.7205949173226687;40.474424711192626
4720;URB;8.0;(TACTICO) Juan Sanchez O-E(isla Malaita-Cesar Manrique);-3.7211571460328203;40.47427803353741
11033;URB;8.0;Cesar Manrique N-S (Juan Sánchez-La Cabrera);-3.720751548078094;40.4738206375728
4723;URB;8.0;Joaquin Lorenzo O-E(Isla Malaita-Cesar Marique);-3.7212282500013676;40.47233000087565
4725;URB;9.0;Antonio Machado S-N (Valderodigo-Valle de Mena);-3.7195825860140594;40.47017547633129
4727;URB;9.0;Antonio Machado N-S(Centro Cultural-Sinesio Delgado);-3.7195735567157655;40.46626998649868
4728;URB;9.0;Sinesio Delgado E-O(Gta.Piedrafita Cebreros-Antonio Machado);-3.718360958767714;40.46602323040717
4729;URB;9.0;Antonio Machado S-N(Av. Martires Maristas-Sinesio Delgado);-3.7195453744883666;40.46466725051484
4730;URB;8.0;Valle de Mena E-O (Candido Mateos - Cesar Marique);-3.7186415534383013;40.47082152295937
4731;URB;8.0;Camino ganapanes N-S((Chantada-Valle de Mena);-3.7145952183581703;40.47045215120027
4732;URB;9.0;(TACTICO)Valle de Mena O-E(lateral) Entrada Gta. valle de Arce;-3.715051175968616;40.469608975076795
4733;URB;8.0;Valle de Mena O-E(Valderodrigo-Camino de ganapanes);-3.7157510589853113;40.46997635528567
4734;URB;6.0;Villaamil E-O(Salida Tunel-Camino Ganapanes);-3.7122875484258056;40.467664756976596
11032;URB;9.0;Antonio Machado S-N(Sinesio Delgado-Centro Cultural);-3.7192006555239407;40.46580667937342
9883;URB;8.0;Monforte de Lemos E-O(Puerto Maspalomas-Cno. Ganapanes);-3.7154456495172647;40.47711093843716
9884;URB;8.0;Monforte de Lemos O-E(Candido Mateos-Cno. Ganapanes);-3.717212184349989;40.476585077428574
9886;URB;8.0;Camino Ganapanes N-S (Ramon Castroviejo-Morforte de Lemos);-3.7163731786641097;40.47797535571299
4737;URB;8.0;(TACTICO)Chantada E-O(Cno. Ganapanes - Candido Mateos);-3.7174352278901788;40.47316051133632
4738;URB;8.0;(TACTICO)Chantada O-E(Cesar Marique-Candido Mateos);-3.7181202093290455;40.47321659571708
9905;URB;8.0;Chantada O-E (Candido Mateos-Camino Ganapanes);-3.7163941743741864;40.4731328694506
9904;URB;8.0;Camino Ganapanes S-N (Becerrea-Chantada);-3.7148683879310984;40.47245848300513
9903;URB;8.0;Camino ganapanes N-S (La baneza - Chantada);-3.715330195656004;40.47397780504877
9913;URB;8.0;Valle de Mena O-E (Isaac Rabin-Juan Andres);-3.7242026675679876;40.47217413508146
9912;URB;8.0;Valle de Mena E-O (Cesar Mnrique-Isla Malaita);-3.721325758548475;40.47151839001286
9911;URB;9.0;Juan Andres S-N (Magdalena Diaz - Valle de Mena);-3.7230144262148395;40.47109598513229
9910;URB;8.0;Isla Malaita N-S (Joaquin Lorenzo-Valle de Mena);-3.7225128940807046;40.47262383070233
9898;URB;8.0;Valle de Mena O-E (Antonio Machado-Valderodrigo);-3.7186612603745064;40.47074347819724
9899;URB;8.0;Valle de Mena E-O(Lateral)(Cno. Ganapanes-Buitrago de Lozoya);-3.7161631778982853;40.47030140226586
9900;URB;8.0;Valle de Mena E-O(Central)(Cno. Ganapanes-Buitrago de Lozoya);-3.7162347989729154;40.470204178240834
4739;URB;10.0;CJAL. FCO. J. JIMENEZ Ø126 E-O (BERLANAS-SEPULVEDA);-3.753719408636156;40.39970754262201
4740;URB;10.0;CJAL. FCO. J. JIMENEZ Ø86 O-E (F. CALVO-ALHAMBRA);-3.7455824020168578;40.4005603189776
4741;URB;10.0;CJAL. FCO. J. JIMENEZ Ø76 E-O (HURTUMPASCUAL-ALHAMBRA);-3.7436351382836803;40.400829442162234
4742;URB;10.0;ALHAMBRA Ø23 N-S (CJAL. FCO. J. JIMENEZ -CUART POBLET);-3.7446378464119023;40.399901898519275
4743;URB;10.0;ALHAMBRA Ø23 S-N (CUART POBLET-CJAL. FCO. J. JIMENEZ);-3.7445542159840493;40.399966478773656
4744;URB;10.0;ALHAMBRA Ø31 S-N (CERRO MICA-ÁNGEL SANZ BRIZ);-3.7441716037752824;40.39824407024152
4757;URB;11.0;LAGUNA, 85 S-N (SABANERO-V.CARPETANA);-3.7422147189048576;40.39164754025845
4746;URB;10.0;ALHAMBRA, 94 N-S (CULLERA-GTA. LOS CARMENES);-3.7439043897089186;40.39668563222515
4747;URB;10.0;GALLUR Ø46 E-O (ESCALONILLA-GTA.CARMENES);-3.742638788253452;40.39569388059778
4748;URB;10.0;DUQ. PARCENT Ø3 O-E (M. CASTILLO-GTA.LOS CARMENES);-3.7448777181329773;40.395046711984996
4749;URB;10.0;N.S.VALVANERA  Ø56 S-N (LAGUNA-GTA.CARMENES);-3.7429463739372846;40.394642408346066
4750;URB;10.0;N.S.VALVANERA Ø43 N-S (LAGUNA-V.CARPETANA);-3.7414789418016188;40.393417040637054
4751;URB;10.0;(AFOROS) V.CARPETANA Ø138 E-O (ATECA-N.S.VALVANERA);-3.7398822478737213;40.39379021150036
3566;URB;11.0;(AFOROS) V.CARPETANA Ø138 O-E (N.S.VALVANERA-ALBENTOSA);-3.739771661166496;40.39382553990064
3567;URB;11.0;N.S.VALVANERA, 114 S-N (A.PAVAS-V.CARPETANA);-3.7403771910439;40.3926678088172
4752;URB;10.0;V.CARPETANA, 143 E-O (N.S.VALVANERA-LAGUNA);-3.741611294787131;40.392467288274126
10977;URB;10.0;(BUS)CJAL. FCO. J. JIMENEZ Ø126 E-O (BERLANAS-SEPULVEDA);-3.7537039895070383;40.39973929789139
4754;URB;10.0;V.CARPETANA Ø123 E-O (SALVADOR A.-TARAZONA);-3.738272733297764;40.395409076546585
5075;URB;11.0;PORTALEGRE N-S(VALLE ORO-OPORTO);-3.7234209558031925;40.386270631782835
10978;URB;10.0;(BUS)CJAL. FCO. J. JIMENEZ Ø86 O-E (F. CALVO-ALHAMBRA);-3.745574133376246;40.40052570279115
10979;URB;10.0;(BUS)CJAL. FCO. J. JIMENEZ Ø76 E-O (HURTUMPASCUAL-ALHAMBRA);-3.743645443870941;40.40087007486644
4758;URB;11.0;VIA CARPETANA, 167 O-E (LEON V ARMENIA-LAGUNA);-3.742962142597616;40.391179638715876
4759;URB;10.0;ALHAMBRA,28 N-S (A.CALVO-GREG.VACAS);-3.744756120685478;40.40141379519287
4761;URB;10.0;HIGUERAS Ø25 N-S(ALMAZAN-CEBREROS);-3.7452291511390543;40.40556178236845
4762;URB;10.0;SEPULVEDA, 119 E-O (HIGUERAS-A. MORÁN);-3.7464676928906293;40.40433268443707
4763;URB;10.0;SEPULVEDA Ø98 O-E(BERLANAS-PALMIPEDO);-3.748937335847955;40.40372333692787
4764;URB;10.0;CEBREROS, 54 O-E (CARLINA-HIGUERAS);-3.746821454610573;40.404772389577815
4766;URB;10.0;CARLINA Ø7 N-S (VILLAMANIN-CEBREROS);-3.751297178441289;40.40440475759336
4767;URB;10.0;CEBREROS Ø130 GIRO E-N (CEBREROS-CARLINA);-3.749966155157626;40.404150455201595
4768;URB;10.0;CEBREROS Ø130 E-O (CEBREROS-CARLINA);-3.749895874288505;40.40413794780121
4769;URB;10.0;CEBREROS Ø177 O-E (RUEZA-CARLINA);-3.751298948415734;40.40356680734084
4771;URB;10.0;VILLAMANIN,39 N-S (VILLAMANIN-VILLASANDINO);-3.7535517944243906;40.40590808287768
10226;URB;10.0;VILLAMANIN Ø46 S-N (A-5-VILLASANDINO);-3.752775135610924;40.404939929111706
10228;URB;10.0;VILLAGARCIA Ø57 O-E (VILLAGARCIA-VILLAMMANIN);-3.7539047643571397;40.40494892440807
4755;URB;10.0;(TACTICO) DUQUESA PARCENT Ø83 N-S(CUART POBLET-DUQUESA PARCENT);-3.747522119509927;40.39558245045774
4745;URB;10.0;(TACTICO)CUART POBLET Ø44 O-E CUART POBLET-ALHAMBRA);-3.7446778644711562;40.399019941571204
4753;URB;11.0;(TACTICO) LOPEZ MEZQUÍA, 5 E-O (CASTELLFLORITE-V.CARPETANA);-3.738550928734668;40.394515667861434
4756;URB;11.0;(TACTICO) MOCHUELO,1 S-N(PEDRO MTNEZ-V.CARPETANA);-3.7373480375512083;40.39620030437744
10236;URB;10.0;(TACTICO)VILLAMANIN Ø40 N-S (VILLAMANIN-VILLASANDINO);-3.7534627319965774;40.405737748727454
10237;URB;10.0;(TACTICO) VILLAMANIN Ø42 S-N (A-5-VILLASANDINO);-3.7532147593590794;40.40548257806774
10227;URB;10.0;(TACTICO) VILLAGARCIA Ø61 O-E  (VILLAGARCIA-VILLAMMANIN);-3.7533433257978586;40.40519219593259
4772;URB;10.0;(TACTICO) VILLASANDINO Ø41 E-O (PARODIA-VILLAMMANIN);-3.753154023443378;40.405669768550965
4802;URB;12.0;AV. CORDOBA Ø47 S-N(SOCUELLAMOS-TOMELLOSO);-3.697041222816074;40.381032623025106
4794;URB;12.0;(TACTICO)TOMELLOSO Ø3 O-E(SOCUELLAMOS-AV. CORDOBA);-3.6978485075703147;40.38227976318632
4808;URB;17.0;AV. ANDALUCIA Ø17 S-N(FELICIDAD-UNANIMIDAD);-3.693309601249427;40.35974740869778
4809;URB;17.0;AV. ANDALUCIA Ø28 N-S(TERTULIA-BOHEMIOS);-3.6932819941867505;40.35780189425929
4810;URB;17.0;AV. ANDALUCIA Ø20 S-N(FRANCISCO PINO-ALCOCER);-3.693018502493057;40.350234378874305
4811;URB;17.0;ORIO, 1 N-S(ARECHAVALETA-ALCOCER);-3.695690669942254;40.35092146396839
4812;URB;17.0;(AFOROS)ALCOCER Ø20 E-O(ARECHABALETA-VIRGEN DESAMPARADOS);-3.6973663303618345;40.35016348743658
4813;URB;17.0;(AFOROS)VIRGEN DESAMPARADOS Ø14 N-S(ANOETA-ALCOCER);-3.6987552156635988;40.35035198871812
4818;URB;17.0;Pº TALLERES Ø19 O-E(ARROYOBUENO-ALCOCER);-3.7001462377054137;40.34894897975086
4819;URB;17.0;(AFOROS)ALCOCER Ø53 O-E(COLONIA LITOS-PSO. TALLERES);-3.700692220492204;40.34964197662586
10568;URB;17.0;AV. ANDALUCIA N-S(GIGANTES Y CABEZUDOS-ALCOCER);-3.6931373311814237;40.354003763890205
4822;URB;17.0;AV. ANDALUCIA N-S(M-40-UNANIMIDAD);-3.693831233526237;40.36269387256072
4823;URB;17.0;AV. ANDALUCIA Ø7 (S-N(UNANIMIDAD-M-40);-3.6936909304779575;40.36297437975397
3569;URB;12.0;M-40 E-O (SALIDA-AV. ANDALUCIA);-3.6919181244781845;40.36457565804296
4824;URB;17.0;M-40 Ø103 O-E (SALIDA-AV. ANDALUCIA);-3.6953228442241883;40.364313029079206
4825;URB;12.0;AV. ANDALUCIA Ø129 S-N(CONIFERAS-AV. ROSALES);-3.6940923346877;40.36757347624816
4826;URB;12.0;AV. ANDALUCIA Ø126 N-S(AV. ROSALES-CONIFERAS);-3.694275838564199;40.36780163938796
4827;URB;12.0;AV.ROSALES Ø1001 E-O(AV. ANDALUCIA-EDUARDO BARREIROS);-3.6952488747529597;40.36916044463749
4828;URB;17.0;AV. VERBENA PALOMA Ø13 O-E (PAN Y TOROS-AV. ANDALUCIA);-3.694654573647316;40.36087310869147
4829;URB;12.0;AV.ANDALUCIA Ø117 S-N(AV. ROSALES-AV. POBLADOS);-3.694313555184136;40.36971961932769
3802;URB;12.0;AV.ANDALUCIA Ø114 N-S(AV. POBLADOS-AV. ROSALES);-3.694478523824598;40.369805418616885
3803;URB;12.0;AV.ANDALUCIA Ø110 N-S(GTA. MALAGA-AV. POBLADOS);-3.6948099430058834;40.37240084586641
4830;URB;12.0;CONIFERAS, 75 O-E(ALARCE-AV. ANDALUCIA);-3.6952703019912496;40.36702092209554
4831;URB;17.0;AV. ANDALUCIA S-N (GIRO IZDA.-M-40);-3.693355758580494;40.36436053492318
4832;URB;17.0;CTRA. VALLECAS Ø3 E-O (VILLAJOYOSA-AV. ANDALUCIA);-3.6922208654490323;40.352027747250226
4833;URB;17.0;DIAMANTE Ø5 S-N(SELMA LAGERLOFF-CTRA. VILLAVERDE);-3.6884887352932236;40.35380542086696
4834;URB;17.0;CRA.VILLAVERD Ø41 E-O(COALICION-VILLAFUERTE);-3.68835706025351;40.35475784428048
4835;URB;17.0;VILLAFUERTE, 23 N-S(VILLAJOYOSA-CTRA.VILLAVERDE);-3.689455039509261;40.35483054615887
4836;URB;17.0;CTRA.VILLAVERDE Ø18 O-E(VILLARROSA-DIAMANTE);-3.6901383085545847;40.35330307096601
4837;URB;12.0;(AFOROS)AV.ROSALES Ø5 E-O(ANTEQUERA-AV. ANDALUCIA);-3.6931503472900618;40.368398571629406
10873;URB;17.0;GIGANTES Y CABEZUDOS N-S(BOHEMIOS-AV. ANDALUCIA);-3.693541849053024;40.35640951779548
10288;URB;17.0;BOHEMIOS, 12 O-E(MANOJO ROSAS-ALEGRIA HUERTA);-3.696349842197248;40.356404687324314
10289;URB;17.0;MANOJO ROSAS, 58 N-S(SOTO PARRAL-BOHEMIOS);-3.6970910392668386;40.356614792397025
10492;URB;17.0;VERBENA DE LA PALOMA N-S (SOTO PARRAL - BOHEMIOS);-3.6959620228709484;40.35714081368156
10493;URB;17.0;VERBENA DE LA PALOMA S-N (BOHEMIOS - SOTO PARRAL);-3.6959244479138436;40.3571739978329
10863;URB;12.0;AV. ANDALUCÍA N-S (CONÍFERAS-M-40);-3.6941946169573434;40.36642803132057
10864;URB;12.0;AV. ANDALUCÍA S-N (M-40-CONÍFERAS);-3.6940166235265752;40.36602933262279
10858;URB;17.0;AV.ANDALUCIA N-S(AMPUERO-GRAN VIA VILLAVERDE);-3.6930830741798495;40.346949402833104
10859;URB;17.0;GRAN VIA VILLAVERDE Ø87 E-O(MARTINEZ OVIOL-AV. ANDALUCIA);-3.691512344152953;40.34618706418293
10860;URB;17.0;GRAN VIA VILLAVERDE Ø64 O-E(AV. LABORAL-AV. ANDALUCIA);-3.694142089329094;40.345584909587565
10861;URB;17.0;AV.ANDALUCIA S-N(SAN DALMACIO-GRAN VIA VILLAVERDE);-3.6928588608887343;40.34450530242672
10877;URB;17.0;JUAN JOSÉ MARTÍNEZ SECO Ø3 E-O(MARIA MARTINEZ OVIOL-STA. PETRONILA);-3.6914519593878095;40.351697210721504
10876;URB;17.0;ALCOCER O-E(VIOLETAS-SANTIAGO AMON);-3.695100742862153;40.35090071408558
10284;URB;12.0;(MICRO)AV. POBLADOS E-O DETRAS GR-9;-3.6947877113468404;40.37082357312804
10285;URB;12.0;(MICRO)AV. POBLADOS E-O DELANTE GR-11;-3.694667496980746;40.370721660374016
10872;URB;17.0;(MICRO)SALIDA INTERCAMBIADOR S-N;-3.692909897243699;40.35084420182741
4817;URB;17.0;(TACTICO)ALCOCER Ø25 O-E (GIRO VIRGEN DESAMPARADOS);-3.6987464454037235;40.34955840053323
4838;URB;17.0;(TACTICA)SALIDA INTERCAMBIADOR AUTOBUSES Ø7;-3.692257768552415;40.34999438230339
4820;URB;17.0;(TACTICO) UNANIMIDAD Ø1 E-O;-3.693319135904578;40.36149064412704
4821;URB;17.0;(TACTICO) AV. VERBENA PALOMA Ø3 O-E;-3.6938158620432437;40.36097212522663
4840;URB;17.0;SAN JENARO Ø4 S-N(ARROYO BUENO-ALCOCER);-3.7044220014742457;40.34919780690984
3623;URB;17.0;AV. REAL PINTO S-N(PLATA-ARROYO BUENO);-3.7061603240416985;40.3485567948678
3624;URB;17.0;DR. MARTIN AREVALO ENTRE Ø34 Y P.P. O-E(ALBINO HDEZ. LAZARO-REAL PINTO);-3.7070036803179964;40.345946159217284
4842;URB;17.0;AV. REAL PINTO PASADA Ø20 S-N(PARVILLAS ALTAS-MARISCAL GTRREZ. OTERO);-3.7067167578698936;40.34489727754087
6825;URB;17.0;AV. REAL PINTO Ø11 N-S (DR. PEREZ DOMINGUEZ-DR. MARTIN AREVALO);-3.7063558994099934;40.34683656210336
11044;URB;17.0;EDUARDO BARREIROS S-N(LAGUNA SANTIAGO-JOSE PEREZ);-3.705252581741233;40.35329003108612
11039;URB;17.0;EDUARDO BARREIROS S-N(ALCOCER-LAGUNA RODRIGO);-3.705158203526337;40.351176605158265
11042;URB;17.0;EDUARDO BARREIROS N-S(JOSE PEREZ-LAGUNA SANTIAGO);-3.7052989293004956;40.35339308802215
11045;URB;17.0;EDUARDO BARREIROS N-S(STO. ISIDRA-JOSE PEREZ);-3.704955437068857;40.35463973719938
7001;URB;17.0;PSO. FERROVIARIOS TRAS GR-15 N-S(NUÑO GOMEZ-ALBERTO PALACIOS);-3.717342629494751;40.34394803377492
4845;URB;17.0;ALBERTO PALACIOS Ø124 E-O (TORDEGRILLOS-PSO. FERROVIARIOS);-3.7169748617150344;40.34325985543311
4846;URB;17.0;DOMINGO PÁRRAGA Ø13 S-N(DOMINGO PARRAGA-PSO. FERROVIARIOS);-3.717808479679651;40.34230803894255
4847;URB;17.0;PSO. FERROVIARIOS Ø22 S-N (NUÑO GOMEZ-JOSE DEL PINO);-3.7165070034305105;40.34560348707025
4848;URB;17.0;PSO. FERROVIARIOS Ø9 N-S(SULFATO-ENCARNACION PINO);-3.7158238762326854;40.347229787867704
4849;URB;17.0;EDUARDO BARREIROS APARCAMIENTO RENFE N-S (LAGUNA RODRIGO-ALCOCER);-3.705013888801083;40.3508307479207
4850;URB;17.0;VILLALONSO ANTES Ø5 O-E (REAL PINTO-SAN JENARO);-3.7056808200436544;40.34981948849855
4851;URB;17.0;ALCOCER TRAS GR-6 E-O (EDUARDO BARREIROS-CTRA. CCHEL. VILLAVERDE);-3.705475650393665;40.35008379126962
4852;URB;17.0;VILLALONSO, 41 O-E(JUAN PEÑALVER-HUERTA VILLAVERDE);-3.7072528720006637;40.34948906507877
4853;URB;17.0;PSO. TALLERES Ø12 E-O(ARROYO BUENO-SAN JENARO);-3.7024581117879323;40.34758824262856
4854;URB;17.0;SAN JENARO ENTRE Ø11 Y Ø12 S-N GIRO (OXIGENO-PSO. TALLERES);-3.7029747071202683;40.34717831835883
4855;URB;17.0;SAN JENARO ENTRE Ø11 Y Ø12 S-N FRENTE (OXIGENO-PSO. TALLERES);-3.7030066919049847;40.34716317102902
7000;URB;17.0;(MICRO)PSO. FERROVIARIOS Ø3 (GIRO SENTIDO ALBERTO PALACIOS);-3.7178268075781906;40.34310942986349
4843;URB;17.0;(TACTICO)PSO. FERROVIARIOS ANTES GR-10 S-N (SAN AURELIANO-ALBERTO PALACIOS);-3.717632085201953;40.34293652244322
11040;URB;17.0;(TACTICO)LAGUNA RODRIGO O-E;-3.705652497643162;40.35202333938001
10514;URB;9.0;CTRA. HUMERA A ARAVACA S-N (GOLONDRINA-PINILLA);-3.7805983191595054;40.455908747413496
10522;URB;9.0;CARRETERA HUMERA N-S (AGUSTÍN LARA - RIAZA);-3.779852581932314;40.456957799777705
10520;URB;9.0;CALLE PINILLA E-O (BOLA DEL MUNDO-CARRETERA HUMERA);-3.779871168985856;40.45631401389644
10521;URB;9.0;CALLE RIAZA O-E (BAJA DE LA IGLESIA-CARRETERA HUMERA);-3.780832318380837;40.45654880891606
4860;URB;9.0;ARAQUIL Ø12 E-O (ARANDILLA-PSO. ERMITA);-3.779883396388262;40.4605073530359
10519;URB;9.0;ARROYO POZUELO O-E (VIA LACTEA - HUMERA);-3.783330111041874;40.45227806492305
10518;URB;9.0;HUMERA S-N(ROSASA ARAVACA-RIO NELA);-3.7822789504896406;40.452154261795776
10516;URB;9.0;ARROYO POZUELO E-O (ENEBRO - BARDEGUERAL);-3.7706328963050364;40.45147611648921
10513;URB;9.0;AV. OSA MAYOR O-E Ø81(GLORIETA MARIA REINA-AV. GALAXIA);-3.786229563310673;40.459370953487706
4876;URB;9.0;CTRA. HUMERA N-S (VIRGEN DE LOS ROSALES - GTA. RIO ZANCARA);-3.7793808643016695;40.45339441694112
4869;URB;9.0;CTRA. HUMERA ANTES Ø36 N-S(GOLONDRINA-V. ROSALES);-3.779959039148899;40.454236290516974
4870;URB;9.0;VIRGEN ROSALES Ø34 O-E (ASTROLABIO-CRTA.HUMERA);-3.7803055654032627;40.45358637754656
4871;URB;9.0;VIRGEN ROSALES Ø30 E-O(DIPLOMATICOS-CTRA. HUMERA);-3.778759935948625;40.453642178736104
4886;URB;9.0;CAROLI ANTES GR-4 S-N (TV. CAROLI-AV. OSA MAYOR);-3.7850134579464143;40.45903579616462
4887;URB;9.0;AV. GALAXIA ANTES GR-3 S-N (STA. MARTINA-AV. OSA MAYOR);-3.785271205500162;40.45904158852367
4888;URB;9.0;PLEYADES Ø5 N-S (ESTUDIO-TV. PLEYADES);-3.7841397818476383;40.45967912963392
4889;URB;9.0;AV. OSA MAYOR Ø29 O-E(PL. NTRA. SRA. BUEN CONSEJO);-3.779557935673232;40.45942496908384
3625;URB;9.0;AV. OSA MAYOR Ø22 E-O (FCO. SANFIZ-ARAIZ);-3.778083021413822;40.45995470974152
3626;URB;9.0;CTRA.HUMERA Ø4 S-N (BERENISA-AV. OSA MAYOR);-3.7790469621140104;40.458808236623305
3627;URB;9.0;CTRA.HUMERA Ø4 N-S (AV. OSA MAYOR-BERENISA);-3.7790811127827215;40.45872975818915
4858;URB;9.0;(TACTICO)BARDEGUERAL Ø26 S-N (ANTES GR-7);-3.7716908234345823;40.451316679020145
5203;URB;9.0;(TACTICO) BARDEGUERAL N-S (ANTES GR-8);-3.7719511195221065;40.451567920917064
4861;URB;9.0;(TACTICO) ANA TERESA Ø2 O-E (ARJONA-P.ERMITA);-3.7802664893117823;40.460706963939515
3419;URB;9.0;(TACTICO) VALLE PAS ANTES GR-6 O-E (ROSAS DE ARAVACA-CTRA. HUMERA);-3.777565067502905;40.4496091415263
10523;URB;9.0;CAMINO BARRIAL S-N(ALMANZORA-FDO. LAZARO CARRETER);-3.7914613036604865;40.46135418153783
10524;URB;9.0;CAMINO BARRIAL (INTERIOR GLORIETA PARTIDA);-3.7923815835313315;40.4619532830925
10526;URB;9.0;CAMINO BARRIAL N-S(M-40-FDO. LAZARO CARRETER);-3.794009368204147;40.4625828665834
10525;URB;9.0;FDO. LAZARO CARRETER O-E(CARLOS GARDEL-CAMINO BARRIAL);-3.7934517108721795;40.46120701273005
10961;URB;9.0;AV. VICTORIA E-O (DOMINGO ÁLVAREZ-AV. ESTACIÓN);-3.835226875943739;40.47447620374708
6635;URB;9.0;AV. VICTORIA O-E (AV. ESTACIÓN - DOMINGO ÁLVAREZ);-3.8329198838209457;40.473565326272514
6636;URB;9.0;AV. VICTORIA E-O (AURELIO DE LA TORRE-FEDERICO AGUSTI);-3.831082796026607;40.47290640885887
6637;URB;;AV. VICTORIA O-E ANTES PARADA 6257 EMT (T.M. MAJADAHONDA - AV. ESTACIÓN);-3.8368856299739673;40.47505393591909
5218;URB;9.0;PICO OCEJÓN  Ø23 S-N (GTA. LUCRECIA PEREZ-AV. OSA MAYOR);-3.7873324610030688;40.45840558132074
10512;URB;9.0;AV. OSA MAYOR Ø102 E-O (GTA. MARIA REINA-PICO OCEJON);-3.787559937035017;40.459245858996155
10962;URB;9.0;AV. VICTORIA O-E (PILAR ANDRADE-VIRGEN DE LOS OLMOS);-3.821695627033797;40.46934085036454
4872;URB;9.0;CTRA. HUMERA Ø42 S-N (GTA. RIO ZANCARA-VIRGEN ROSALES);-3.779266786237207;40.45284563035404
4873;URB;9.0;ARROYO POZUELO Ø76 E-O (COVATILLAS-GTA. RIO ZANCARA);-3.7781774889279816;40.45250085242455
4877;URB;9.0;CTRA. HUMERA ARAVACA S-N (RIO NELA-ROSA LUXEMBURGO);-3.779030361146592;40.451263724713556
4874;URB;9.0;ARROYO POZUELO Ø98 E-O (GTA. RIO ZANCARA-HUMERA);-3.780808829669567;40.452493069896775
4875;URB;9.0;ARROYO POZUELO Ø98 O-E (HUMERA-GTA. RIO ZANCARA);-3.7807379235279344;40.452438589781465
4884;URB;9.0;ARROYO POZUELO Ø76 O-E (GTA. RIO ZANCARA-COVATILLAS);-3.77660356691295;40.452442308550275
6631;URB;9.0;(TACTICO) FEDERICO AGUSTI S-N Ø8 (ÁLVARO CABALLERO - AV. VICTORIA);-3.8321077122217386;40.47307144342779
6634;URB;9.0;(TACTICO) VIRGEN DE LOS OLMOS, 1 N-S (RAFAEL VILLA - AV. VICTORIA);-3.8207022437397797;40.469165993682175
3570;URB;9.0;(TACTICO)COVATILLAS ANTES GR-7 S-N (HINOJO-ARROYO POZUELO);-3.7754248814956592;40.45217150879613
4857;URB;9.0;(TACTICO)COVATILLAS ANTES GR-8N-S (GIRO GLORIETA PARTIDA);-3.7755384227288094;40.45251475156042
10968;URB;10.0;ILLESCAS E-O(CAMARENA-VALMOJADO);-3.7572266190736174;40.39229256187287
10994;URB;10.0;CAMARENA N-S(VALMOJADO-OCAÑA);-3.7580552249549877;40.385324036824656
10995;URB;10.0;OCAÑA E-O(OCAÑA-CAMARENA);-3.7580341355272737;40.38433303594222
10993;URB;10.0;OCAÑA O-E GIRO IZDA.(VALMOJADO-CAMARENA);-3.759508540132623;40.38536167494747
10971;URB;10.0;ILLESCAS E-O(LOS YEBENES-CAMARENA);-3.7547127962408573;40.391476622642884
4895;URB;10.0;VALMOJADO Ø13 N-S(MAQUEDA-AV. POBLADOS);-3.760955302428211;40.38622317277153
4896;URB;10.0;MAQUEDA Ø39 O-E(QUERO-VALMOJADO);-3.761146073399872;40.38703105868429
4897;URB;10.0;VALMOJADO Ø50 N-S(ILLESCAS-MAQUEDA);-3.7593541507657466;40.38729949043536
4898;URB;10.0;VALMOJADO, FRENTE Ø32 S-N(VALMOJADO-ILLESCAS);-3.7584148883820134;40.3910856773914
4899;URB;10.0;ILLESCAS Ø36 O-E(TEMBLEQUE-VALMOJADO);-3.7594895843120435;40.39257776338416
4900;URB;10.0;VALMOJADO Ø22 N-S(VALMOJADO, 99-ILLESCAS);-3.758179692635403;40.39357781247525
4901;URB;10.0;VALMOJADO Ø9 S-N(VALMOJADO,53-VALMOJADO,49);-3.7576679693606745;40.39605057828131
4902;URB;10.0;VALMOJADO FRENTE Ø8 S-N(VALMOJADO,49-SESEÑA);-3.7573457206729093;40.3965932791799
10970;URB;10.0;CAMARENA N126 S-N(CAMAREAN-ILLESCAS);-3.7556702681373277;40.391122447636526
10972;URB;10.0;ILLESCAS O-E(VALMOJADO-CAMARENA);-3.756651128517212;40.39216799273985
11073;URB;10.0;TEMBLEQUE E-O (ILLESCAS-MAQUEDA);-3.7626319635392775;40.391980388043734
11074;URB;10.0;MAQUEDA S-N (VALMOJADO-TEMBLEQUE);-3.7630746211713024;40.39126626337539
11072;URB;10.0;TEMBLEQUE O-E (PADRE PIQUER-MAQUEDA);-3.764288189920476;40.39145042445207
4912;URB;10.0;LOS YEBENES Ø46 N-S(COLEGIO HERNAN CORTES-ILLESCAS);-3.7516167601617156;40.39043330377124
4909;URB;10.0;OCAÑA Ø5 O-E(CAMARENA-VALMOJADO);-3.7589798583575464;40.38503398146167
4913;URB;10.0;(MICRO)OCAÑA GIRO E-S (VALMOJADO-AV. POBLADOS);-3.7601535611155694;40.38654637988477
4917;URB;10.0;(TACTICO) VALMOJADO S-N(GIRO ILLESCAS OESTE);-3.7582813531816512;40.392257106014846
4916;URB;10.0;(TACTICO) VALMOJADO N-S(GIRO ILLESCAS ESTE);-3.758252570677033;40.392608155983
4915;URB;10.0;(TACTICO) TEMBLEQUE, FRENTE Ø28  S-N(QUERO-ILLESCAS);-3.7608005700776204;40.39263573549239
4922;URB;11.0;AV. POBLADOS O-E(CONSUELO GUZMAN-EUGENIA MONTIJO);-3.7529353179597704;40.376880624657595
4923;URB;11.0;AV. POBLADOS E-O(CARABANCHEL BAJO-EUGENIA MONTIJO);-3.7473978713590137;40.37547881790288
10684;URB;11.0;NTRA. SRA. FATIMA O-E(PINGÜINO-EUGENIA MONTIJO)(CARRIL DERECHO);-3.7488093248838386;40.378455381010205
10683;URB;11.0;NTRA. SRA. FATIMA O-E(PINGÜINO-EUGENIA MONTIJO)(CARRIL IZQUIERDO);-3.7487662351541524;40.37846299732127
4926;URB;11.0;AV. POBLADOS O-E(AV. EURO-AV. ABRANTES);-3.73838320432483;40.37375275243425
4927;URB;11.0;BELZUNEGUI N-S(REAL MADRID-AV. POBLADOS);-3.7388349879142564;40.37437930956449
10942;URB;11.0;CONSUELO GUZMAN S-N(PARAGUAYA-AV. POBLADOS);-3.75374574621495;40.37628928377551
4929;URB;11.0;AV. ABRANTES N-S(BESOLLA-AV. POBLADOS);-3.735833858860117;40.374660371529636
4931;URB;11.0;VIA LUSITANA S-N(HALCONERO REY-AV. POBLADOS);-3.735105634569734;40.37267045329157
4932;URB;11.0;AV. POBLADOS E-O(ANTONIO ROMERO-VIA LUSITANA);-3.7319328551521673;40.37353243801715
4933;URB;11.0;AV. POBLADOS E-O(VIA LUSITANA-ABRANTES);-3.734898496364226;40.37381215825019
4934;URB;11.0;EUGENIA MONTIJO S-N(JERONIMO IBORRA-AV. POBLADOS);-3.750802520503995;40.37559431363958
10941;URB;11.0;AV. POBLADOS O-E(PARQUE EUGENIA MONTIJO-CONSUELO GUZMAN);-3.754282849533543;40.37733350734016
10601;URB;11.0;(CARRIL BUS) VIA LUSITANA S-N(HALCONERO REY-AV. POBLADOS);-3.7350663483519906;40.372642108202896
4935;URB;11.0;(AFOROS)EUGENIA MONTIJO N-S(NTRA. SRA. FATIMA-AV. POBLADOS);-3.7488379068343622;40.37759744861929
10940;URB;11.0;AV. POBLADOS E-O(EUGENIA MONTIJO-CONSUELO GUZMAN);-3.7523570522691103;40.376859789812585
11024;URB;11.0;AV. POBLADOS O-E(EUGENIA MONTIJO-CARABANCHEL BAJO);-3.7474169113080533;40.37539154210089
4938;URB;11.0;GUAYABA S-N(AGUACATE-ANTONIA RGUEZ. SACRISTAN );-3.7472132469833768;40.37248007002565
11022;URB;11.0;AV. POBLADOS E-O(ANTONIO RODRIGUEZ-CARABANCHEL BAJO);-3.745676176025409;40.37443399031997
11021;URB;11.0;CARABANCHEL BAJO S-N(CHIRIVITA-AV. POBLADOS);-3.7475067081071662;40.37444331011107
4941;URB;11.0;AV.POBLADOS O-E(ILDEFONSO GLEZ. VALENCIA-CTRA. TOLEDO);-3.721534890175881;40.37360002453063
4942;URB;11.0;LATERAL C.TOLEDO N-S(PL. ELIPTICA-AV. POBLADOS);-3.7197953563877006;40.374895452792956
4943;URB;12.0;AV. POBLADOS E-O(GUETARIA-CTRA. TOLEDO);-3.717514750334528;40.37387983085624
4944;URB;12.0;LATERAL CTRA. TOLEDO S-N (M-40-AV. POBLADOS);-3.7196613049731195;40.37262149725148
4945;URB;11.0;AV.DE LOS POBLADOS ENTRE A. ROMERO Y POLAN O-E;-3.7284399742804157;40.37318670032688
4946;URB;11.0;VENTURA DIAZ BERNARDO S-N(HALCONERO REY-AV. POBLADOS);-3.726231591067665;40.37292835678807
4947;URB;11.0;AV. POBLADOS E-O(UGENA-POLAN);-3.7250011730621253;40.37347610395319
3571;URB;11.0;POLAN N-S(CAZALEGAS-AV. POBLADOS);-3.7262686533810747;40.37379836648739
4948;URB;11.0;(AFOROS)EUGENIA MONTIJO S-N(AV. POBLADOS-NTRA. SRA. FATIMA)FRENTE;-3.7492792099447283;40.377087314607024
4949;URB;11.0;(AFOROS)EUGENIA MONTIJO S-N(AV. POBLADOS-NTRA. SRA. FATIMA)GIRO;-3.7493058509779758;40.377108205531435
4950;URB;11.0;AV.DE LOS POBLADOS ENTRE ANTONIO RODRIGUEZ  Y SECOYA O-E;-3.743805008267155;40.37337757390231
4951;URB;11.0;ANTONIA RODRIGUEZ SACRISTAN O-E(GUAYABA-SECOYA);-3.74302747218836;40.37298130495522
4952;URB;11.0;AV. POBLADOS E-O(BELZUNEGUI-ALISEDA);-3.7394217312048714;40.37378994844114
4953;URB;11.0;EUGENIA MONTIJO N-S(ANTOLIN-NTRA. SRA. FATIMA);-3.7477239010236603;40.37860552331142
11023;URB;11.0;CARABANCHEL BAJO N-S(SLBOX-AV. POBLADOS);-3.7461674490195067;40.37523631830053
3404;URB;11.0;EUGENIA MONTIJO N-S (JERONIMO IBORRA-JOAQUIN RIVERO);-3.751068288242917;40.37450064608309
3405;URB;11.0;AV. POBLADOS O-E(SECOYA-AV. EURO);-3.7410497053846186;40.37346738394355
4956;URB;11.0;JOAQUIN TURINA O-E(POLVORANCA-GUITARRA);-3.7531675946020173;40.372409981554085
4957;URB;11.0;ANTONIA RGUEZ. SACRISTAN O-E(CARABANCHEL BAJO-GUAYABA);-3.747837751768662;40.37325193118635
7006;URB;11.0;ANTONIA RGUEZ. SACRISTAN E-O(PARTIDA ANTONIO RGUEZ.-GUAYABA);-3.7465581723683683;40.37291773295643
7005;URB;11.0;ANTONIA RGUEZ. SACRISTAN GIRO E-O(PARTIDA ANTONIO RGUEZ.-GUAYABA);-3.746398480768028;40.3728904527937
11212;URB;11.0;AV. CARABANCHEL ALTO S-N (DIEGO TORRES VILLARROEL - JOAQUIN TURINA);-3.7525480573488257;40.372655737010255
3768;URB;11.0;JOAQUIN TURINA O-E (GUITARRA - AV. CARABANCHEL ALTO);-3.7521732266898153;40.37302543306487
9879;URB;11.0;PADRE AMIGO N-S (PEREZ LAVID-REAL MADRID);-3.7395018449132635;40.37788909569757
9878;URB;11.0;BELZUNEGUI S-N (AV. POBLADOS-CARCASTILLO);-3.7391045897046253;40.376237992544105
9985;URB;11.0;SECOYA S-N (OBOLO-AV. POBLADOS);-3.7420022178109362;40.37223604877488
10495;URB;11.0;CONSUELO GUZMAN N-S Ø8(AV. POBLADOS-PARAGUAYA);-3.7539900660407985;40.375807176628534
10497;URB;11.0;CAMINO LAS CRUCEZ S-N Ø9(AZCOITIA-PARAGUAYA);-3.7549241830931184;40.37492875315671
10798;URB;11.0;PEPIÓN O-E (SECOYA - AV. EURO);-3.739378687787067;40.37140390091616
10837;URB;11.0;AV. EURO N-S (ENRIQUE ORO - PEPIÓN);-3.738484939337661;40.37202051072815
10842;URB;11.0;AV. EURO S-N (ENRIQUE ORO - AV. POBLADOS);-3.738457120256627;40.37253573000246
6829;URB;11.0;(MICRO) AV.POBLADOS E-O(GIRO SECOYA);-3.7421473622192254;40.37344515408624
4955;URB;11.0;(MICRO) AV. POBLADOS E-S(GIRO A C.TOLEDO SENTIDO SUR);-3.7197899059619117;40.37403975979431
4925;URB;11.0;(MICRO) ALISEDA ENTRADA CRUCE  N-S;-3.742213964457044;40.37366552377748
4928;URB;10.0;(TACTICO) AV. POBLADOS O-E (GIRO A ERICA);-3.75788906411022;40.3821642724671
4960;URB;11.0;(TACTICO) ERICA N-S (CENTRO C.I.E.);-3.7576207986785812;40.382233404239244
6828;URB;11.0;(TACTICO) ANTONIA RODRIGUEZ SACRISTAN O-E(GUAYABA-SECOYA);-3.74248794981444;40.3729721666207
4958;URB;11.0;(TACTICO) CARCASTILLO E-O;-3.739064907437444;40.37722665267323
4940;URB;11.0;(TACTICO) TANATORIO ENTRADA CRUCE  S-N;-3.721764840361226;40.373396598425416
4954;URB;11.0;(TACTICO) AV. POBLADOS GIRO E-O(CTRA. TOLEDO-CAZALEGAS);-3.7226355136895024;40.373603428420445
6824;URB;12.0;(TACTICO)LATERAL CTRA. TOLEDO S-N(M40-POBLADOS)10 mts.;-3.71957472648986;40.37329017629008
10403;URB;17.0;EDUARDO BARREIROS N-S(ASOMBRO DAMASCO-EL CASERIO);-3.703787842023922;40.35686138409303
11052;URB;17.0;EDUARDO BARREIROS S-N(EL CASERIO-ASOMBRO DAMASCO);-3.703846263910111;40.356638057823446
10402;URB;17.0;EL CASERIO E-O(PICARA MOLINERA-EDUARDO BARREIROS);-3.70361940941903;40.35605599174497
4964;URB;12.0;CNO. VIEJO VILLAVERDE S-N(PLAN PARCIAL-AV. POBLADOS);-3.710611230767948;40.37263370955425
10990;URB;12.0;AV. POBLADOS E-O(RAFAELA YBARRA-GUETARIA);-3.714115174894078;40.373766440522274
3480;URB;12.0;AV. POBLADOS O-E(GUETARIA-RAFAELA YBARRA);-3.714074669357387;40.37369281581771
10991;URB;12.0;AV. POBLADOS O-E (CTRA. TOLEDO-GUETARIA);-3.7174878445193116;40.37380146857713
4962;URB;12.0;RAFAELA YBARRA S-N(LESACA-AV. POBLADOS);-3.71228270326353;40.372263214901686
4963;URB;12.0;(AFOROS)AV.  POBLADOS E-O(CON. VIEJO VILLAVERDE-RAFAELA YBARRA);-3.7107190863358555;40.37296577934144
11047;URB;17.0;EDUARDO BARREIROS N-S(PEUGEOT-ASOMBRO DAMASCO);-3.702793084401004;40.35842614727833
4965;URB;12.0;(AFOROS)AV. POBLADOS O-E(CON. VIEJO VILLAVERDE-EXPROPIACION);-3.7058528507036206;40.37156143802444
11050;URB;17.0;STA. ESCOLASTICA E-O (MENASALBAS-EDUARDO BARREIROS);-3.6994655976295117;40.36235355893625
11051;URB;17.0;EDUARDO BARREIROS N-S (SAN LUCIANO-SANTA ESCOLASTICA);-3.69979803664971;40.363177820884545
11049;URB;17.0;EDUARDO BARREIROS S-N(CANCION DEL OLVIDO-CORTE DEL FARAON);-3.7009712170109927;40.36115452224474
4971;URB;12.0;AV. POBLADOS O-E(SALADO-EDUARDO BARREIROS);-3.6979235977074234;40.370884631622474
3420;URB;12.0;EDUARDO BARREIROS S-N(PINSAPO-AV. ROSALES);-3.696315878583773;40.368258187989646
4972;URB;12.0;AV. POBLADOS E-O(AV. ANDALUCIA-EDUADO BARREIROS);-3.695077084193737;40.37085954661576
4974;URB;12.0;EDUARDO BARREIROS N-S(GTA. MALAGA-AV. POBLADOS);-3.6960818215068687;40.371863634301526
4975;URB;12.0;AV. ROSALES Ø1005 O-E (EDUARDO BARREIROS-AV. ANDALUCIA);-3.6952646980253463;40.369073018174966
4976;URB;12.0;EDUARDO BARREIROS N-S GIRO IZADA.(AV. POBLADOS-AV. ROSALES);-3.696222072251056;40.370310671675234
4977;URB;12.0;RAFAELA YBARRA N-S(RICARDO BELTRAN Y ROZPIDE-AV. POBLADOS);-3.7123401111474696;40.374686730950344
11046;URB;17.0;ASOMBRO DE DAMASCO E-O(PICARA MOLINERA-EDUARDO BARREIROS);-3.7028138884289676;40.35761943992105
4979;URB;12.0;AV. POBLADOS O-E(EDUARDO BARREIROS-DULCE);-3.6965687862805354;40.370916336637315
4980;URB;12.0;EDUARDO BARREIROS N-S FRENTE (AV. POBLADOS-AV. ROSALES);-3.6963045486942807;40.37031240424165
4981;URB;12.0;EDUARDO BARREIROS S-N (AV. ROSALES-AV. POBLADOS);-3.696182861543156;40.369800916113924
4983;URB;12.0;EDUARDO BARREIROS S-N(ALERCE-CONIFERAS);-3.698122424315513;40.36533453656814
4984;URB;12.0;EDUARDO BARREIROS N-S (SALVADOR  MARTINEZ-ARENAS REY);-3.697849641372726;40.36589753365222
4985;URB;12.0;AV. POBLADOS O-E(RAFAELA YBARRA-CNO.VIEJO VILLAVERDE);-3.7117191644841614;40.373157307006316
4987;URB;12.0;AV. POBLADOS O-E(DR. TOLOSA LATOUR-ORCASUR (1));-3.702728304015137;40.371073034496845
4989;URB;12.0;CRISTO VICTORIA O-E(RAFAELA YBARRA-SAN BASILIO);-3.708759921243153;40.37897005143017
3406;URB;12.0;CRISTO VICTORIA E-O(ISABELITA USERA-SAN BASILIO);-3.7071614882630293;40.379154067260835
4997;URB;12.0;EVANGELIOS O-E(PORTA COELI-SANTUARIO);-3.7006497700712715;40.38314893575572
3630;URB;12.0;SANTUARIO S-N(CRISTO VICTORIA-PIEDRABUENA);-3.69961658467963;40.382713802499765
4998;URB;12.0;RAFAELA YBARRA N-S(M-40-VILLAVERDE);-3.7141791580572336;40.364459674157466
3446;URB;12.0;GUETARIA S-N(ALZOLA-VILLABONA);-3.7155706768736794;40.36879924215304
5000;URB;12.0;GUETARIA N-S(OREJA-REGIL);-3.715612092249645;40.36898593006019
10488;URB;12.0;CRISTO VICTORIA Ø12 E-O(CANDIDA JESUS-VISITACIÓN);-3.7008247317071645;40.38189709870816
10489;URB;12.0;CRISTO VEGA Ø4 S-N(CRISTO LEPANTO-CRISTO VICTORIA);-3.701109543188219;40.3810219775136
10487;URB;12.0;CRISTO VICTORIA Ø9 O-E(OLVIDO-CRISTO VEGA);-3.7021518226869357;40.38112585155313
11053;URB;17.0;(MICRO)EDUARDO BARREIROS S-N(GIRO PEUGEOT);-3.7025630298552685;40.3586929170217
11054;URB;17.0;(MICRO) EDUARDO BARREIROS N-S(GIRO A CORTE DEL FARAON);-3.700446864663764;40.362118289482055
4993;URB;17.0;(TACTICO) SALIDA PEUGEOT;-3.702738656392656;40.35870482014998
4961;URB;12.0;(TACTICO)GUETARIA S-N(TOLOSA-AV. POBLADOS);-3.7155992924993138;40.37349940736772
11048;URB;17.0;(TACTICO)SALIDA CANTON LIMPIEZA;-3.702187905494272;40.35959645297292
10092;URB;12.0;(TACTICO)EXPROPIACION N-S(GIRO A EXPROPIACIÓN);-3.7047997765049017;40.37150022778703
4969;URB;12.0;(TACTICO)ORCASUR (1) S-N(CAMPOTÉJAR-AV. POBLADOS);-3.700672043048617;40.37075240580194
4970;URB;12.0;(TACTICO)ORCASUR (2) S-N(MOREJA-AV. POBLADOS);-3.69959418965439;40.37073017123824
4978;URB;12.0;(TACTICO)RICARDO BELTRAN Y ROZPIEDE O-E (AVENA-RAFAELA YBARRA);-3.7125419137980216;40.375487357508234
3445;URB;12.0;(TACTICO) ENTRADA M-40 A RAFAELA YBARRA;-3.713882849162106;40.36472006958342
4992;URB;12.0;(TACTICO) VILLABONA O-E(GUETARIA-RAFAELA YBARRA);-3.7125108915002807;40.36901377507534
3527;URB;12.0;(TACTCO) EDUARDO BARREIROS S-N (GIRO IZDA. A CONIFERAS);-3.6981760733494426;40.365381107254144
4988;URB;12.0;(TACTICO)CRISTO VICTORIA E-O(SAN BASILIO-RAFAELA YBARRA);-3.711660157317525;40.3787362610102
5871;URB;8.0;Av. Cardenal Herrera Oria, 255 E-O(Pico Balaitus-Julio Calvo);-3.7219994839482826;40.48060668567802
5876;URB;8.0;Av. Cardenal Herrera Oria, 204 E-O(Ginzo de Limia-La Masó);-3.713059395086076;40.48342855681324
5877;URB;8.0;AV. CARDENAL HERRERA ORIA, 167 O-E(RONDA BARA-GINZO LIMIA);-3.7108263875426797;40.484609079620476
5879;URB;8.0;AV. CARDENAL HERRERA ORIA, 168 E-O(CERRO CASTAÑAR-LAGUNA GRANDE);-3.70750365819811;40.48676035246809
10027;URB;8.0;AV. CARDENAL HERRERA ORIA 83 O-E(PEÑA DEL OSO-CTRA. DE COLMENAR);-3.699440223839013;40.489696889024785
5881;URB;8.0;AV. CARDENAL HERRERA ORIA 87 O-E(GINZO DE LIMIA-PEÑA DEL OSO);-3.7015797800743973;40.48894938699247
5883;URB;8.0;ISLA DE AROSA 41 S-N(ISLAS CIES-AV. CARDENAL HERRERA ORIA);-3.716937795490896;40.481708545203695
5884;URB;8.0;CALLE FERMIN CABALLERO, 76 O-E;-3.7152290875347562;40.481281862731606
5885;URB;8.0;Fermín Caballero 70 E-O(Av. Betanzos- Esquivias);-3.7124748450218;40.4821600078879
10134;URB;8.0;GINZO LIMIA, 53 N-S(AV. CARDENAL HERRERA ORIA-FERMIN CABALLERO);-3.7086683037472707;40.48508838032447
5892;URB;8.0;ACCESO M-607 A AV. CARDENAL HERRERA ORIA;-3.6991849101271876;40.49103498889493
11031;URB;8.0;AV. CARDENAL HERRERA ORIA O-E(GINZO DE LIMIA-LAGUNA GRANDE);-3.709672298890157;40.485266979061564
11099;URB;8.0;RISCOS DE POLANCO N-S (CERRO DE LA CARRASQUETA-VALLE DE PINARES LLANOS);-3.722705989041914;40.48611624727299
5894;URB;8.0;Ventisquero de la Condesa, 2 N-S(Valle Pinares Llanos-Av. Cardenal Herrera Oria);-3.7154000081902403;40.48372099933868
5895;URB;8.0;VENTISQUERO DE LA CONDESA LATERAL TUNEL S-N(HERRERA ORIA-VENTISQUERO DE LA CONDESA);-3.7161200089714486;40.484888450365474
5896;URB;8.0;VENTISQUERO DE LA CONDESA SALIDA TUNEL S-N;-3.716226165567509;40.48485560002393
11096;URB;8.0;GINZO LIMIA N-S GIRO IZDA. (AV. CARDENAL HERRERA ORIA-FERMIN CABALLERO);-3.7079473130908966;40.484669167792894
11095;URB;8.0;GINZO LIMIA S-N GIRO IZDA. (AV. ILUSTRACION-FERMIN CABALLERO);-3.706636156360089;40.48382863882887
5897;URB;8.0;VENTISQUERO DE LA CONDESA SALIDA TUNEL S-N;-3.7155557127715717;40.484098957419526
5898;URB;8.0;VENTISQUERO DE LA CONDESA ENTRADA TUNEL N-S;-3.7162939982272207;40.48479970779962
5899;URB;8.0;AV. CARDENAL HERRERA ORIA 124 S-N(ACCESO M-607-ISLA DE SICILIA);-3.6964768963628476;40.49029885830874
5900;URB;8.0;CARDENAL HERRERA ORIA E-O(MANRESA-M-607);-3.696554007510151;40.49037221093457
10055;URB;8.0;MONASTERIO SILOS N-S(CTRA. FUENCARRAL EL PARDO-ACCESO M-40);-3.7187468444240404;40.49686286246736
10051;URB;8.0;COSTA BRAVA E-O(MORALZARZAL-MONASTERIO SILOS);-3.718205739509663;40.49583800135509
10053;URB;8.0;AV. VENTISQUERO CONDESA E-O(COLLADO TIROBARRA-COSTA BRAVA);-3.7184965605499127;40.494997511641486
10052;URB;8.0;ARROYO DEL MONTE S-N(SENDA INFANTE-AV. VENTISQUERO CONDESA);-3.7203872486738434;40.49467319039592
10054;URB;8.0;ACCESO M-40 N-S(ENTRADA PZA. TORCUATO FERNANDEZ MIRANDA);-3.7197746036385695;40.497089733713445
11098;URB;8.0;VALLE DE PINARES LLANOS E-O ( PICO BALAITUS -RISCOS DE POLANCO);-3.7218012507249454;40.4855742789468
10277;URB;8.0;AV. CARDENAL HERRERA, 319 O-E(ISLA BIKINI-ISLAS MARQUESAS);-3.727479690859706;40.47831198316203
10276;URB;8.0;AV. CARDENAL HERRERA ORIA, 307 O-E( AMADEO GOMEZ-ISLAS GALAPAGOS);-3.7258811059031016;40.478898268453825
10278;URB;8.0;AV. CARDENAL HERRERA, 282 ORIA E-O(ANGELITA CAMARERO-ALICIA BAENA);-3.7250548111938846;40.479328429083324
10279;URB;8.0;AV. CARDENAL HERRERA ORIA, 266 E-O(GOMEZ SERNA-ANGELITA CAMARERO);-3.724131933003567;40.479718573446455
11100;URB;8.0;RISCOS DE POLANCO N-S (VALLE DE PINARES LLANOS-RAMON GOMEZ DE LA SERNA);-3.722719496551037;40.484809235310706
10280;URB;8.0;ISLA AROSA, 47 N-S(AV. CARDENAL HERRERA ORIA-ISLAS CIES);-3.717279226514456;40.482080125733354
3713;URB;8.0;La Masó, 80 N-S(La Masó-Av. Cardenal Herrera Oria);-3.7142954135538373;40.483898842235
10281;URB;8.0;AV. CARDENAL HERRERA ORIA, 204 O-E(VENTISQUERO CONDESA-RONDA BARA);-3.7129700680710336;40.48336289114664
10295;URB;8.0;AV. CARDENAL HERRERA ORIA, 176 E-O(LAGUNA GRANDE-RONDA BARA)INTERIOR CRUCE;-3.709290935095188;40.48572896365301
10296;URB;8.0;AV. CARDENAL HERRERA ORIA, 180 E-O(LAGUNA GRANDE-LA MASO);-3.7101137736930503;40.48518044532298
10640;URB;8.0;VALLE PINARES LLANOS O-E(PEÑAS ARCIPRESTE-AV. VENTISQUERO DE LA CONDESA);-3.7176855423397663;40.485678689590905
5170;URB;10.0;MAQUEDA S-N (TEMBLEQUE-ESCALONA);-3.764593465531083;40.39374629275068
10641;URB;8.0;CERRO MINGUETE O-E(PEÑA DEL ARCIPRESTE-AV. VENTISQUERO DE LA CONDESA);-3.7177195085691657;40.4868041062689
10644;URB;8.0;VALLE DE EN MEDIO O-E(COLLADO DE LA MINA-AV. VENTISQUERO DE LA CONDESA);-3.7173909600527946;40.48828820969428
10664;URB;8.0;PORTERA DEL CURA E-O(LA MASO-AV. VENTISQUERO DE LA CONDESA);-3.7149203711014325;40.49096046311789
10663;URB;8.0;AV. VENTISQUERO DE LA CONDESA S-N(CERRO MALEJO-PORTERA DEL CURA);-3.7162669533512034;40.48962742041392
10665;URB;8.0;MIRADOR DE LA REINA O-E(COLLADO DE LA MINA-AV. VENTISQUERO DE LA CONDESA);-3.7176532261876725;40.49055623654134
10666;URB;8.0;AV. VENTISQUERO DE LA CONDESA N-S(PZA. TORCUATO FERNANDEZ MIRANDA-COLLADO TIROBARRA);-3.718521560252919;40.4949197954439
10668;URB;8.0;AV. VENTISQUERO DE LA CONDESA S-N(PJE. DE LOS ANCIANOS-COLLADO TIROBARRA);-3.7169375902887762;40.49345797502133
10886;URB;8.0;ISLAS CIES O-E(ISLA TAVIRA-ISLA DE AROSA);-3.7175246807662616;40.48115724427801
10887;URB;8.0;ISLA DE AROSA N-S(ISLAS CIES-FERMIN CABALLERO);-3.7166605901480296;40.48121624435688
10879;URB;8.0;FERMIN CABALLERO E-O LADO NORTE(FERMIN CABALLERO-ISLA DE AROSA);-3.7159681571870715;40.48112292665434
10880;URB;8.0;ISLA DE AROSA S-N(SANTIAGO DE COMPOSTELA-FERMIN CABALLERO);-3.715691598995666;40.47998209352545
10881;URB;8.0;FERMIN CABALLERO O-E(ISLA TABARCA-ISLA DE AROSA);-3.7170612144363417;40.48015129049603
11027;URB;8.0;ISLA DE AROSA S-N (FERMIN CABALLERO-ISLA DE AROSA);-3.7163144277861595;40.48085558616982
11101;URB;8.0;RISCOS DE POLANCO S-N (RAMON GOMEZ DE LA SERNA-VALLE DE PINARES LLANOS);-3.7226618718118165;40.48478517510959
11103;URB;8.0;PICO DE MAJALASNA E-O (EMILIO DOMINGUEZ-RAMON GOMEZ DE LA SERNA);-3.7218525012882147;40.483718874652865
11104;URB;8.0;RAMON GOMEZ DE LA SERNA S-N (JULIO CALVO-PICO DE MAJALASNA);-3.7224993631964955;40.48327175802857
11102;URB;8.0;RAMON GOMEZ DE LA SERNA O-E (MARIA ISABEL NAVARRO-RISCOS DE POLANCO);-3.723308464199842;40.48447688902289
11097;URB;8.0;VALLE DE PINARES LLANOS O-E ( PEÑA DEL AGUILA -RISCOS DE POLANCO);-3.7237673041852943;40.48551221034789
11263;URB;8.0;ISLAS ALEUTIANAS S-N(MANUEL GARRIDO-JOAQUIN LORENZO);-3.728931058378339;40.47401188401634
11264;URB;8.0;ISLAS ALEUTIANAS S-N(GTA. ISAAC RABIN-MANUEL GARRIDO);-3.72855287230146;40.47331769411
11265;URB;8.0;MANUEL GARRIDO O-E(ISLA DE SAIPAN-ISLAS ALEUTIANAS);-3.7296322662415426;40.47381076248836
10072;URB;8.0;(MICRO)ARROYO DEL MONTE (DELANTE GRUPO 1);-3.7198398911055306;40.4953618244449
10073;URB;8.0;(MICRO)AV. MONASTERIO DE SILOS (DELANTE GRUPO 6);-3.7193254493400247;40.49621227112728
10075;URB;8.0;(MICRO)AV. VENTISQUERO CONDESA (DETRÁS GRUPO 9);-3.719189718680216;40.49561092347691
10074;URB;8.0;(MICRO)ACCESO M-40 (DELANTE GRUPO 13);-3.719812607204984;40.49616398283423
10070;URB;8.0;(MICRO)COSTA BRAVA (DETRÁS GRUPO 16);-3.7190652740517463;40.49585116765605
3714;URB;8.0;(TACTICO) AV. CARDENAL HERRERA ORIA, 178 GIRO IZDA. A GINZO LIMIA (PROX. GR-4);-3.709746921143489;40.48533567324718
5906;URB;8.0;(TACTICO DIRECCIONAL) LAGUNA GRANDE, 1 N-S (PROX. GR-14);-3.7093104179612784;40.4858688338293
5887;URB;8.0;(TACTICO) GINZO LIMIA S-N (PROX. GR-12);-3.708769028662439;40.48568950416009
5903;URB;8.0;(TACTICO) JULIO CALVO 26 S-N(CARDENAL HERRERA ORIA-VALLE PINARES LLANOS);-3.7224542856366436;40.4824849548414
5904;URB;8.0;(TACTICO)ALFREDO MARQUERIE O-E;-3.698936362736113;40.48805089284778
5905;URB;8.0;(TACTICO)SANGENJO S-N;-3.69868313574274;40.487960211915706
3712;URB;8.0;TÁCTICO - PICO BALAITUS, 1 N-S;-3.720747136892633;40.4812339940256
4773;URB;12.0;MARCELO USERA O-E(SAN MAGIN-R. YBARRA);-3.7137938387392473;40.385160483084874
10612;URB;12.0;MANUEL NOYA S-N (DR. CARMENA RUÍZ-INMACULACA CONCEPCIÓN);-3.711912741620082;40.388841252978146
4774;URB;12.0;(AFOROS)MAR. USERA E-O(GAB. USERA-R.YBARRA);-3.708934139831936;40.385505661824794
4775;URB;12.0;MARCELO USERA O-E(JESUS GRAN PODER-MONEDEROS);-3.7010179747671526;40.38710338506984
10609;URB;11.0;INMACULADA CONCEPCIÓN N-S, FRENTE(BALEARES-MANUEL NOYA);-3.7120260874578115;40.39001952237719
4777;URB;12.0;MANUEL NOYA N-S(M. SILVELA-MARCELO USERA);-3.712382668801271;40.38587770715796
4781;URB;12.0;(AFO)R. YBARRA N-S(M. USERA-D. BARRANCO);-3.7112958812514134;40.383437737558324
4807;URB;12.0;RAFAELA YBARRA S-N(VERJA-D.BARRANCO);-3.711238065929365;40.38210541290633
10610;URB;11.0;INMACULADA CONCEPCIÓN N-S, GIRO IZDA.(BALEARES-MANUEL NOYA);-3.711979918207757;40.390036640752925
4804;URB;12.0;AV. ANDALUCIA ENTRE S. FERMIN Y GTA MALAGA O-E;-3.694720301540132;40.374755169954916
4805;URB;12.0;LATERAL ANTONIO LOPEZ ENTRADA GTA CADIZ E-O;-3.694293071736814;40.37695646460851
4806;URB;12.0;AV. ANDALUCIA FRENTE AL HOSPITAL N-S;-3.6961012408367515;40.377296771132606
10582;URB;12.0;(CARRIL BUS) MARCELO USERA O-E(SAN MAGIN-R. YBARRA);-3.7137936342482294;40.385134675404174
4782;URB;12.0;DOLORES BARRANCO E-O(MARIANO VELA-RAFAELA YBARRA);-3.7103022894657434;40.38282188582765
10905;URB;12.0;AV.CORDOBA S-N(SEBAS. ALVAREZ-GTA.CADIZ);-3.6988895528052748;40.38694281770101
10611;URB;12.0;(TÁCTICO) INMACULADA CONCEPCIÓN N-S (GIRO MANUEL NOYA);-3.711729196273563;40.38966517617471
10056;URB;12.0;(AFOROS)MARCELO USERA O-E(ALMENDRALES-GTA.CADIZ);-3.7001091840087788;40.387722014227656
11025;URB;11.0;GRAL.RICARDOS E-O(SAN PATRICIO-BLASA PEREZ);-3.7259988306268825;40.3922118245562
3572;URB;11.0;PSO. MARCELINO CAMACHO N-S;-3.740129955985231;40.38519382928711
5037;URB;11.0;GRAL. RICARDOS O-E(PAULINA ODIAGA-SALLABERRY);-3.722063142359137;40.3943062472796
5038;URB;11.0;GRAL. RICARDOS O-E(PAULINA ODIAGA-PEÑAFIEL);-3.7230840172838082;40.393813401379674
5039;URB;11.0;GRAL. RICARDOS O-E(SAN PATRICIO-TOBOSO);-3.7256182016840405;40.39235121741275
5040;URB;11.0;GRAL. RICARDOS E-O(SALLABERRY-PAULINA ODIAGA);-3.7221420310781426;40.39432645045399
5042;URB;11.0;GRAL. RICARDOS E-O(ALEJANDRO SANCHEZ-PEDRO DIEZ);-3.727708665241455;40.39122129570083
5043;URB;11.0;GRAL. RICARDOS O-E(CASTRO ORO-CLARISAS);-3.729922890759199;40.389691155459204
5044;URB;11.0;GRAL. RICARDOS O-E(OPORTO-CASTRO ORO);-3.7308859178086204;40.38903183652723
5045;URB;11.0;(AFOROS) GRAL. RICARDOS E-O(GAVIOTA-FCO. GARCIA);-3.733894746710833;40.38712617914905
5046;URB;11.0;(AFOROS) GRAL. RICARDOS O-E(ALEJANDRO MORAN-OPORTO);-3.7333376701027;40.38743820400426
5048;URB;11.0;GRAL. RICARDOS O-E(PSO. MARCELINO CAMACHO-PL. TOROS);-3.7381721334859925;40.384941668137316
5049;URB;11.0;GRAL. RICARDOS E-O(PL. TOROS-PSO. PSO. MARCELINO CAMACHO);-3.7382911521717235;40.38493675198925
5050;URB;11.0;GRAL. RICARDOS E-O(PSO. MARCELINO CAMACHO-BATALLA TORRIJOS);-3.73983449791013;40.38446436577137
5051;URB;11.0;GRAL. RICARDOS O-E(BLASON-PSO. MARCELINO CAMACHO);-3.74055958645411;40.38388991177477
3684;URB;11.0;GRAL. RICARDOS E-O(BATALLA TORRIJOS-NTRA. SRA. LUZ);-3.741400124548525;40.383317862014074
5052;URB;11.0;GRAL. RICARDOS O-E(NTRA. SRA. LUZ-BLASON);-3.7416630037665186;40.383067309465936
5053;URB;11.0;GRAL. RICARDOS O-E(REINOSA-NTRA. SRA. LUZ);-3.743075794743897;40.382397086030025
5054;URB;11.0;GRAL. RICARDOS O-E(PL. TOROS-CLARA CAMPOAMOR);-3.735978781504806;40.38572170495643
5055;URB;11.0;CLARA CAMPOAMOR S-N;-3.73452127451835;40.386134618778776
3685;URB;11.0;OPORTO S-N(VALLE ORO-GRAL. RICARDOS)(FRENTE-DECHA);-3.7309745534579504;40.38826882772126
5245;URB;11.0;BLASON S-N;-3.7404525025607818;40.38301187956012
5246;URB;11.0;NTRA. SRA. LUZ N-S;-3.7428490802633734;40.382957837105245
5247;URB;11.0;GRAL. RICARDOS E-O(PEDRO DIEZ-OCA);-3.7303056401178267;40.38950956751613
5061;URB;11.0;OPORTO S-N(VALLE ORO-GRAL. RICARDOS)(GIRO IZDA.);-3.7310081679502813;40.3882222037377
10025;URB;11.0;OCA N-S(MATILDE FERNANDEZ-GRAL.RICARDOS) GIRO IZQUIERDA;-3.7326084994007442;40.38887314555296
10282;URB;11.0;(MICRO) GRAL. RICARDOS E-O GIRO (PL. TOROS-CLARA CAMPOAMOR);-3.7366710581536795;40.385377120962254
5036;URB;11.0;(MICRO)GRAL. RICARDOS O-E(BLASON-PSO. MARCELINO CAMACHO)GIRO PSO. MARCELINO CAMACHO;-3.739719928407792;40.38451016894833
3447;URB;11.0;(TACTICO) PAULINA ODIAGA E-O;-3.72307548957408;40.39401023803763
5255;URB;11.0;OPORTO O-E(LUIS GOMEZ-CNO VIEJO LEGANES);-3.729037592810082;40.38683962543044
5063;URB;11.0;OPORTO E-O(ARGUESO-CNO.VIEJO LEGANES);-3.727090330915492;40.38602793743968
5065;URB;11.0;OPORTO O-E(PORTALEGRE-ABRANTES);-3.7231550895360157;40.38535615903257
10575;URB;11.0;(CARRIL BUS) OPORTO O-E(LUIS GOMEZ-CNO VIEJO LEGANES);-3.729051767388021;40.38680998077602
5067;URB;11.0;OPORTO E-O(ABRANTES-PL. ELIPTICA);-3.7208345827603027;40.385224000321486
5068;URB;11.0;BRAGANZA S-N (VÍA LUSITANA - ABRANTES);-3.7209295061885714;40.38422186375741
5070;URB;11.0;CNO.VIEJO LEGANES S-N(FCO.ICAZA-OPORTO);-3.728186318034155;40.38524874086616
5071;URB;11.0;PORTALEGRE S-N(AV. ABRANTES-OPORTO);-3.7237559520781187;40.3847052146405
5076;URB;11.0;PORTALEGRE S-N(OPORTO-VALLE ORO);-3.723368398590742;40.38629797820086
3655;URB;11.0;PORTALEGRE N-S(ALEJANDRO SANCHEZ-VALLE ORO);-3.7234569571430853;40.38767344050652
5077;URB;11.0;(AFOROS) VALLE ORO E-O (ARGÜESO-CNO. VIEJO DE LEGANÉS);-3.7257289300524015;40.38728586422482
5078;URB;11.0;VIA E-O(MERCEDES DOMINGO-PORTALEGRE);-3.7223368167237942;40.38685141511585
5079;URB;11.0;AV. ABRANTES O-E(PORTALEGRE-BRAGANZA);-3.722585316753305;40.384542098162804
5084;URB;12.0;Pº STA. Mª CABEZA S-N (LATERAL);-3.7179537924041397;40.3836676799627
5085;URB;11.0;ANTONIO LEYVA N-S(S. LUCRECIA-PL. ELIPTICA);-3.7171200847574246;40.38656637790387
3742;URB;11.0;Pº STA. Mª CABEZA N-S (LATERAL);-3.716550453363256;40.386348275068734
5087;URB;11.0;ANTONIO LEYVA S-N(ALEJANDRO SANCHEZ-STA. LUCRECIA);-3.716746293694708;40.387693478818086
5089;URB;11.0;MERCEDES DOMINGO N-S;-3.721805305503034;40.385373693713035
5090;URB;11.0;(AFOROS)VIA LUSITANA E-O(VIANA-PL. ELIPTICA);-3.719215006173142;40.38435542054497
5091;URB;11.0;(AFOROS) VIA LUSITANA E-O;-3.719701045754539;40.384225318127875
10576;URB;11.0;(CARRIL BUS) OPORTO O-E (CNO. VIEJO LEGANES - FCO. ICAZA);-3.727104479702382;40.385995830239196
10577;URB;11.0;(AFOROS)(CARRIL BUS) OPORTO O-E (ELVAS-PORTALEGRE);-3.724980585453962;40.38559331719433
10578;URB;11.0;(CARRIL BUS) OPORTO O-E (PORTALEGRE-MERCEDES DOMINGO);-3.723161254280641;40.3853302595909
10579;URB;11.0;(CARRIL BUS) OPORTO O-E(MERCEDES DOMINGO-A. LANCHA);-3.7208310733135677;40.385196929835374
10580;URB;11.0;(CARRIL BUS) AV. OPORTO O-E (VIANA - PLAZA ELIPTICA);-3.719838761662551;40.38518767566561
10581;URB;12.0;(CARRIL BUS) MARCELO USERA E-O(SAN MAGIN-S. FILIBERTO);-3.7153470176846506;40.385224245745796
10982;URB;11.0;(AFOROS) (BUS) VIA LUSITANA E-O;-3.719731129261512;40.384262748137296
11030;URB;12.0;CCTV - MARCELO USERA E-O(SAN MAGIN-PL. ELIPTICA)(CCTV CITYLOG);-3.716298632112964;40.38522066349408
11005;URB;11.0;ANTONIO LEYVA N-S(ANTONIO GONZALEZ PORRAS-ALEJANDRO SANCHEZ);-3.716010434789463;40.38989510633155
11006;URB;11.0;ANTONIO LEYVA S-N (PL. ELIPTICA-STA. LUCRECIA);-3.717246942169998;40.385931194658184
3634;URB;11.0;ANTONIO LEYVA S-N (ARLANZA-GUADALETE);-3.7166869152531348;40.38772583552394
10257;URB;11.0;MERCEDES DOMINGO N-S (SANTIAGO PRIETO - VIA);-3.7214661357725367;40.386896057050535
10256;URB;11.0;MERCEDES DOMINGO S-N (JULIO DOMINGO-VIA);-3.721555668621657;40.38647710129332
10251;URB;11.0;VALLE DE ORO E-O (PORTALEGRE - ARGÜESO);-3.7245896719385367;40.387123234999166
10614;URB;11.0;VÍA E-O (PL. ELÍPTICA - ÉVORA);-3.7190885796909234;40.38583064572013
10613;URB;11.0;SANTA LUCRECIA N-S (EUSEBIO MORÁN - VÍA);-3.7194578184167906;40.38641175023255
10615;URB;11.0;TV. ANTONIA LANCHA S-N (ANTONIA LANCHA-VÍA);-3.719732353831715;40.38581439708674
10637;URB;11.0;VALLE ORO E-O (CNO. VIEJO LEGANES - DR. ESPINA);-3.727330248263738;40.38769411054143
10617;URB;11.0;VALLE ORO E-O (DR. ESPINA - FERREIRA);-3.7288078051247457;40.38799317405091
10618;URB;11.0;DR. ESPINA N-S (CASTRO ORO - VALLE ORO);-3.728441404339955;40.38831916143589
10616;URB;11.0;FERREIRA N-S (CASTRO ORO - VALLE ORO);-3.7294866373157465;40.388426552342644
11007;URB;11.0;AV. OPORTO O-E (VIA LUSITANA-PL. ELIPTICA);-3.718897318519104;40.3852023701237
10332;URB;12.0;(MICRO)PSO. STA. Mª CABEZA S-N;-3.7176243997196208;40.384595039747936
10848;URB;11.0;(MICRO)VIA LUSITANA O-E (A 4mts LINEA DETENCION);-3.718267943469656;40.38478063501904
10849;URB;11.0;(MICRO)ANTONIO LEYVA N-S (A 4mts LINEA DETENCION);-3.7173609067485476;40.3858188361418
10850;URB;11.0;(MICRO)PSO. STA. MARIA CABEZA N-S (A 4mts LINEA DETENCION);-3.717085785525256;40.385821305791644
3573;URB;11.0;(TACTICO) ARGUESO N-S;-3.7259757494885593;40.38589454602382
3633;URB;12.0;(TACTICO)SAN FILIBERTO N-S;-3.7163368643081593;40.38547589934349
5094;URB;11.0;(TACTICO) GUADALETE E-O;-3.7160555486476414;40.38914384236894
3551;URB;11.0;(TACTICO) NAVAHONDA O-E;-3.7154217797914244;40.39293296522236
11314;URB;11.0;(TACTICO) MIGUEL SORIANO E-O;-3.7151435580066137;40.3917966754171
11313;URB;11.0;(TACTICO) CALLE DE LA VERDAD O-E;-3.715551566931763;40.39183050265709
10358;URB;10.0;HOSPITAL GÓMEZ ULLA (SALIDA);-3.7458219032252074;40.38803402649059
5101;URB;11.0;OCA E-O(LAGUNA-GTA. EJERCITO);-3.743243921779668;40.38823397928157
5102;URB;11.0;OCA O-E(GTA. EJERCITO-LAGUNA);-3.743118642889263;40.38822397270651
5105;URB;11.0;OCA S-N (GRAL.RICARDOS-PL.ALMODOVAR);-3.7335956325254234;40.38933052095981
5108;URB;11.0;HALCÓN S-N (VENCEJO - DR. URQUIOLA);-3.742663889068665;40.38761303969685
5110;URB;10.0;VIA CARPETANA N-S(LUIS FEITO-GTA. EJERCITO);-3.7443998881214346;40.38885254337916
5115;URB;11.0;NTRA SRA VALVANERA N-S (ACEUCHAL-OCA);-3.7357292217514275;40.390239159020226
5118;URB;11.0;ZAIDA E-O(TORTOLA-N.SRA.VALVANERA);-3.734926838515776;40.39039359405942
5119;URB;11.0;LAGUNA S-N (VENCEJO - DR. URQUIOLA);-3.7421103224925663;40.38756422020989
5120;URB;11.0;PSO. MARCELINO CAMACHO O-E(EULALIA GIL-CASTROJERIZ);-3.741232762293839;40.386149159224
5121;URB;11.0;PSO. MARCELINO CAMACHO ENTRE GRAL.RICARDOS Y CASTROJERIZ SENTIDO SE-NO;-3.740178000642145;40.38527923945528
5122;URB;11.0;PSO. MARCELINO CAMACHO E-O(CASTROJERIZ-LAGUNA);-3.741246539286405;40.38620638684906
3481;URB;11.0;CASTROJERIZ SENTIDO NE-SO;-3.7403341971694988;40.38609289569627
5123;URB;11.0;VIA CARPETANA ENTRE CASIMIRO ESCUDERO Y LUIS FEITO SENTIDO S-N;-3.7433536396820473;40.39064862927756
5124;URB;10.0;VIA CARPETANA ENTRE LEÓN V Y L.FEITO N-S;-3.743276256001787;40.39083962056807
5132;URB;11.0;AV.ABRANTES S-N(AV.POBLADOS-BESOLLA);-3.7350221181964245;40.37529328598066
5133;URB;11.0;AV.ABRANTES N-S(PL.VULCANO-BESOLLA);-3.733812743080774;40.37637829150926
5135;URB;11.0;AV.DE ABRANTES ENTRE CONDE Y FARO;-3.727601049960151;40.38117571230024
5136;URB;11.0;AV. DE ABRANTES N-S ENTRE PELÍCANO Y ARGÜESO;-3.726368850243608;40.382217071649734
5137;URB;11.0;AV.DE ABRANTES S-N ENTRE PELÍCANO Y PORTALEGRE;-3.724812818337302;40.383433014177506
5138;URB;11.0;AV.DE ABRANTES N-S ENTRE BRAGANZA Y PORTALEGRE;-3.722828667823467;40.38445692531918
5139;URB;11.0;PORTALEGRE O-E ENTRE OPORTO Y ABRANTES;-3.72382493063004;40.384629119392514
5140;URB;11.0;FARO E-O ENTRE VÍA LUSITANA Y ABRANTES;-3.725967437461691;40.38103797338411
5144;URB;11.0;CARCASTILLO ENTRADA CRUCE;-3.7337533191317385;40.3789228626694
5145;URB;11.0;CLARA CAMPOAMOR, 71 N-S(WENCESLAO-CARCASTILLO);-3.7328354525499514;40.379994339021685
5146;URB;11.0;Cº VIEJO DE LEGANES S-N;-3.7320839433891404;40.38008625091596
5147;URB;11.0;AV. ABRANTES O-E(BESOLLA-PL.VULCANO) FRENTE;-3.7333577868005485;40.37664216964953
3769;URB;11.0;AV. DE ABRANTES FRENTE Nº106;-3.7322621803500926;40.37760750100136
5092;URB;11.0;VIA LUSITANA O-E(Nº28-BRAGANZA);-3.7219319928516956;40.38302071706229
10507;URB;11.0;VIA LUSITANA E-O Ø65 FRENTE(CARRERO JUAN RAMON-FARO);-3.725709107419902;40.38035936179404
10508;URB;11.0;VIA LUSITANA E-O Ø65 GIRO IZDA.(CARRERO JUAN RAMON-FARO);-3.7257490126862063;40.38038641490971
10509;URB;11.0;FARO, 8 N-S(AV. ABRANTES-VIA LUSITANA);-3.726292269831066;40.381234958261295
10505;URB;11.0;CARRERO JUAN RAMON N-S (DELANTE GR-6);-3.728327516168499;40.37873122648371
10504;URB;11.0;VIA LUSITANA O-E Ø101 (PL. RENDICION BREDA-CARRERO JUAN RAMON);-3.7286261547719346;40.377955018148846
10502;URB;11.0;VIA LUSITANA E-O Ø122 (CARRERO JUAN RAMON-PL. RENDICION BREDA);-3.730294276303037;40.37676321443394
10500;URB;11.0;VIA LUSITANA E-O Ø154 (PL. RENDICION BREDA-AV. POBLADOS);-3.7328858605566544;40.37461969536892
10501;URB;11.0;VIA LUSITANA O-E Ø133 (AV. POBLADOS-PL. RENDICION BREDA);-3.731489436776294;40.37559046138091
10981;URB;11.0;(CARRIL BUS) VIA LUSITANA O-E(Nº28-BRAGANZA);-3.721907949065383;40.382992978514025
11026;URB;11.0;AV. ABRANTES S-N(ARGÜESO-PELICANO);-3.725607209991566;40.38280287220913
6959;URB;8.0;ARROYO DEL MONTE N-S (GTA. OLGA RAMOS-GTA. GRACITA MORALES);-3.7295330675174347;40.48727698494535
6960;URB;8.0;ARROYO DEL MONTE S-N (GTA. IRENE GUTIERREZ CABA-GTA. GRACITA MORALES);-3.731923931187326;40.48608210226716
9998;URB;8.0;AV. CARDENAL HERRERA ORIA E-O (GAVILANES - ARROYOFRESNO);-3.739626030892818;40.47694444809818
9996;URB;8.0;AV. CARDENAL HERRERA ORIA O-E (VEGAFRIA - ARROYOFRESNO);-3.742418633734244;40.47695059226299
9997;URB;8.0;ARROYOFRESNO N-S (GAVILANES-AV. HERRERA ORIA);-3.74072592509133;40.47773299789254
9995;URB;8.0;ARROYOFRESNO S-N (CANTALEJO-AV. HERRERA ORIA);-3.7418380220658474;40.47609148982137
10067;URB;8.0;ARROYO DEL MONTE N-S(PL.TORCUATO FERNANDEZ MIRANDA-SENDA INFANTE);-3.7226382671561673;40.492744585508916
10069;URB;8.0;ARROYO DEL MONTE S-N(SENDA INFANTE-PL. TORCUATO FERNANDEZ MIRANDA);-3.7243406552259497;40.49095832776141
10068;URB;8.0;SENDA INFANTE E-O(COLLADO MARCHIVA-GTA. OLGA RAMOS);-3.722689190666973;40.49123855246641
10230;URB;8.0;AV. CARDENAL HERRERA ORIA E-O (ISLAS CABO VERDE - GAVILANES);-3.7379799264893045;40.47721732714927
10229;URB;8.0;AV. CARDENAL HERRERA ORIA O-E (CHAPINERIA - GASCONES);-3.7394808678064844;40.47689535043584
10232;URB;8.0;AV. CARDENAL HERRERA ORIA O-E (VICENTE JIMENO - DR- GUIU);-3.7371702811022507;40.477205084481234
10326;URB;8.0;JUANITA CRUZ N-S(GLORIA FUERTES-MARIA DE MAEZTU);-3.7224545262405235;40.49595639543231
10328;URB;8.0;JUANITA CRUZ S-N(ARROYO DEL MONTE-MARIA DE MAEZTU);-3.7209131720938613;40.49495263846316
10329;URB;8.0;MARIA DE MAEZTU E-O(JUANITA CRUZ-MARIA CASARES);-3.72318030814326;40.49441026989117
10310;URB;8.0;MARIA DE MAEZTU E-O(SENDA DEL INFANTE-TESESA CLARAMUNT);-3.7254648478896812;40.49234689776714
10309;URB;8.0;SENDA DEL INFANTE N-S(MARIA DE MAEZTU-ARROYO DEL MONTE);-3.7245415007971365;40.49248763533931
10331;URB;8.0;MARIA DE MAEZTU O-E(SENDA DEL INFANTE-MARIA CASARES);-3.724497858459978;40.49312741155944
10319;URB;8.0;SENDA DEL INFANTE S-N(MARIA DE MAEZTU-GLORIA FUERTES);-3.7257590502710807;40.493355310783215
10313;URB;8.0;MARIA DE MAEZTU E-O(TERESA CLARAMUNT-FEDERICA MONTSENY);-3.726041780796539;40.49183163120318
10311;URB;8.0;MARIA DE MAEZTU O-E(TERESA CLARAMUNT-SENDA DEL INFANTE);-3.72564858131125;40.49208950319973
10312;URB;8.0;TERESA CLARAMUNT S-N(ARROYO DEL MONTE-MARIA DE MAEZTU);-3.7248458662952713;40.49140903243626
10315;URB;8.0;MARIA DE MAEZTU E-O(FEDERICA MONTSENY-MARGARITA NELKEN);-3.727812868528569;40.49075324891052
10314;URB;8.0;MARIA DE MAEZTU O-E(FEDERICA MONTSENY-TERESA CLARAMUNT);-3.7267189435199906;40.49123382192758
10325;URB;8.0;GLORIA FUERTES O-E(MARIA CASARES-JUANITA CRUZ);-3.7243724192419876;40.49599645353985
10327;URB;8.0;GLORIA FUERTES E-O(MARIA DE MAEZTU-JUANITA CRUZ);-3.7228245734738454;40.497293138650164
10324;URB;8.0;GLORIA FUERTES E-O(JUANITA CRUZ-MARIA CASARES);-3.7249865815411902;40.4955825497583
10323;URB;8.0;GLORIA FUERTES E-O(MARIA CASARES-SENDA DEL INFANTE);-3.725850231677941;40.49481062896555
10322;URB;8.0;MARIA CASARES S-N(MARIA DE MAEZTU-GLORIA FUERTES);-3.7250652783906784;40.494573151294546
10321;URB;8.0;GLORIA FUERTES O-E LATERAL(SENDA DEL INFANTE-MARIA CASARES);-3.726162419452923;40.49423742033139
10317;URB;8.0;GLORIA FUERTES E-O(SENDA DEL INFANTE-MENCHU AJAMIL);-3.7272783787996744;40.49353345496301
10318;URB;8.0;SENDA DEL INFANTE N-S(GLORIA FUERTES-MARIA DE MAEZTU);-3.7264180055418414;40.4937019347578
10320;URB;8.0;GLORIA FUERTES O-E(SENDA DEL INFANTE-MARIA CASARES);-3.726219988401292;40.494394753293115
10405;URB;8.0;MARIA MONTESSORI E-O(MARIA DE MAEZTU-GLORIA FUERTES);-3.7298988785349474;40.48952781782766
10404;URB;8.0;MARIA DE MAEZTU S-N(MARIA MONTESSORI-FEDERICA MONTSENY);-3.729420348991457;40.489534729664975
10406;URB;8.0;MARIA MONTESSORI E-O(ARROYO DEL MONTE-MARIA DE MAEZTU);-3.728801959793226;40.48876563883791
10536;URB;8.0;GLORIA FUERTES O-E (IRENE CABA ALBA-MARIA MONTESORI);-3.731716839355371;40.49045473946286
10534;URB;8.0;GLORIA FUERTES O-E (IRENE CABA ALBA- IRENE CABA ALBA);-3.7336055506367463;40.48871765301122
10535;URB;8.0;GLORIA FUERTES O-E (IRENE CABA ALBA- MARIA MONTESSORI);-3.7325876308105346;40.48961946056995
10532;URB;8.0;MARIA MAEZTU O-E(IRENE CABA ALBA-IRENE CABA ALBA);-3.732460003697899;40.4872441746406
10531;URB;8.0;MARIA MAEZTU O-E(IRENE CABA ALBA-MARIA GOYRI);-3.7312172507498493;40.4880123599829
3814;URB;8.0;(TÁCTICO) CTRA. EL PARDO S-N(PALACIO DE LA ZARZUELA);-3.754234780125291;40.488349244394755
3680;URB;8.0;(TÁCTICO) SALIDA PALACIO ZARZUELA A LA CTRA EL PARDO;-3.7544179277204;40.48838168259062
6547;URB;8.0;(TÁCTICO) CAMINO TIRO A PICHON;-3.7539051087580075;40.48862747134222
9999;URB;8.0;(TÁCTICO) AV. HERRERA ORIA E-O (GIRO IZDA. ARROYOFRESNO);-3.741129974186307;40.476868697636576
10231;URB;8.0;(TACTICO) GASCONES S-N (J. LORENZO - HERRERA ORIA);-3.7386335418493855;40.476892219557485
6545;URB;8.0;TÁCTICO - AV. ARROYOFRESNO, 19 S-N (FUENTELAREINA - CANTALEJO);-3.742239570738047;40.47534583596629
6546;URB;8.0;TÁCTICO - CANTALEJO, 1 E-O (CANTALEJO - ARROYOFRESNO);-3.7418478368479833;40.4754242794902
3813;URB;8.0;TÁCTICO - AV. ARROYOFRESNO, 21 N-S (AV. CARDENAL HERRERA ORIA - CANTALEJO);-3.7420665540927107;40.475750981871656
10234;URB;8.0;(TACTICO) DR. GUIU N-S (ISLAS CABO VERDE- HERRERA ORIA);-3.736139724034428;40.47733637032338
10233;URB;8.0;(TACTICO) DR. GUIU S-N (PABLO GARGALLO- HERRERA ORIA);-3.7362815173834907;40.47700157092794
10537;URB;8.0;(TACTICO) MARIA MONTESSORI S-N (MARIA DE MAEZTU-GLORIA FUERTES);-3.7312530366886723;40.49045542657743
6559;URB;8.0;MAURICIO LEGENCRE S-N(C/VIEJAS-AV. LLANO CASTELLANO);-3.6827542961293966;40.484214631187385
6560;URB;8.0;AV. LLANO CASTELLANOO-E(MARCOS ORUETA--MAURICIO LEGENDRE);-3.6841150682252555;40.4844594817309
6561;URB;8.0;AV. LLANO CASTELLANO S-N(Mauricio Legendre-MANUEL TOVAR);-3.684105512791506;40.48564633955955
6562;URB;8.0;AV. LLANO CASTELLANO S-N(MANUEL TOVAR-ISLA JAVA);-3.6858156381846228;40.490115557543426
6563;URB;8.0;NTRA. SRA. VALVERDE S-N(ISLA JAVA-ISLA GRACIOSA);-3.686343618910091;40.49145398137531
6564;URB;8.0;NTRA. SRA. VALVERDE S-N(VISTAS A MORALEJA-AFUERAS VALVERDE);-3.686717256434675;40.498057690870546
6565;URB;8.0;NTRA. SRA. VALVERDE N-S (A. CABEZON - LOURDES);-3.6859167922602545;40.50051485492679
6567;URB;8.0;NTRA. SRA. VALVERDE N-S(ISLAS VIRGENES-ISLA JARVI);-3.687539934604458;40.49433056837528
6568;URB;8.0;NUESTRA SEÑORA DE VALVERDE, 7 N-S (ISLAS JARVI - ISLA DE JAVA);-3.6867045297993233;40.49227009103549
6569;URB;8.0;AV. LLANO CASTELLNA N-S(MANUEL TOVAR-MAURICIO LEGENDRE);-3.6844416200110466;40.486330511693765
3788;URB;8.0;NTRA. SEÑORA VALVERDE 150 S-N(AFUERAS A VALVERDE-ANTONIO CABEZON);-3.6856985425789968;40.501650709389374
6570;URB;8.0;CARDENAL HERRERA ORIA E-O(NTRA. SRA. VALVERDE-SANCHONUÑO);-3.688853984254294;40.491170904158466
6573;URB;8.0;AFUERAS VALVERDE O-E(ISLA FORMOSA-NTRA. SRA. VALVERDE);-3.687467052341366;40.498676252394326
6575;URB;8.0;ANTONIO CABEZON E-O (RENFE-NTRA. SRA. VALVERDE);-3.684435706052876;40.50282257041389
6955;URB;8.0;NTRA. SRA. VALVERDE N-S(MONASTERIO ARLANZA-ALONSO QUIAJNO);-3.685430196566174;40.50584385551214
6574;URB;8.0;Av. Cardenal Herrera Oria 80 E-O;-3.6931190441921147;40.49065735760526
6956;URB;8.0;NTRA. SRA. VALVERDE S-N(ALONSO QUIJANO-MONASTERIO ARLANZA);-3.6853854896489633;40.505920479285635
3723;URB;8.0;NTRA. SRA. VALVERDE N-S(M603-MONASTERIO ARLANZA);-3.6852784809495356;40.50804981700997
10197;URB;8.0;AFUERAS A VALVERDE E-O(CASILDEA VANDALIA-ALDONZA LORENZO);-3.6888067861579623;40.497920498558464
10291;URB;8.0;AV. CARDENAL HERRERA ORIA E-O (MANRESA - SALCEDO);-3.6911467400098616;40.491164980961244
10294;URB;8.0;AV. CARDENAL HERRERA ORIA O-E (ESTRADA - SALCEDO);-3.693442598986448;40.49056162978098
10333;URB;8.0;AV. MONASTERIO ARLANZA S-N (M-607 - SILOS);-3.690653589835474;40.50974390667769
10335;URB;8.0;AV. MONASTERIO SILOS O-E (SOBRADO - ARLANZA) CARRIL DERECHO;-3.691956678538666;40.50964052666879
10336;URB;8.0;AV. MONASTERIO ESCORIALO-E (COLEGIATA CERVATOS -ARLANZA);-3.6921341287492844;40.511212781869006
10293;URB;8.0;(TACTICO) SALCEDO S-N (SALVATIERRA - LEZAMA);-3.6922439416641333;40.49047827721107
10292;URB;8.0;(TACTICO) LEZAMA E-O (LLODIO - SALCEDO);-3.692055633173863;40.490628715470535
7110;URB;8.0;(TACTICO) MONASTERIO ARLANZA GIRO GR-4;-3.6855968908012873;40.50732518883057
6579;URB;8.0;(TACTIC0)MANRESA E-O GIRO;-3.690085154705979;40.49145346287244
6580;URB;8.0;(TACTIC0)ORDUÑA O-E GIRO;-3.689732673382874;40.49119215742254
6953;URB;8.0;(TACTICO)ALONSO QUIJANO O-E;-3.6857172964030407;40.50482122866562
6962;URB;8.0;MONASTERIO ESCORIAL, 14 E-O (MONASTERIO DE LAS HUELGAS- SANTUARIO DE VALVERDE);-3.708196895620969;40.50453489544979
6582;URB;8.0;SANTUARIO VALVERDE, 2 S-N (MONASTERIO SILOS - MONASTERIO ESCORIAL);-3.7088541473576986;40.504113936310844
6583;URB;8.0;SANTUARIO VALVERDE, 6 N-S (SANTUARIO VALVERDE - MONASTERIO ESCORIAL);-3.7088167470306557;40.50518993032738
6963;URB;8.0;MONASTERIO SUSO Y YUSO E-O(AV. MONTECARMELO-MONASTERIO LIÉBANA);-3.6965546060541485;40.50314086703503
6965;URB;8.0;MONASTERIO SUSO Y YUSO O-E (MONASTERIO DEL PAULAR - AV. MONTECARMELO);-3.6988161425648998;40.50231808740139
6966;URB;8.0;AV. MONTECARMELO N-S (MONASTERIO DE SILOS - MONASTERIO SUSO Y YUSO);-3.6981534475230298;40.50307336873622
3789;URB;8.0;AV. MONTECARMELO S-N(TRES OLIVOS-MONASTERIO SUSO Y YUSO);-3.697221331641612;40.50229210330635
6964;URB;8.0;ACCESO M-607 N-S (VIA DE SERVICIO - AV. MONTECARMELO);-3.6970411405413643;40.50226971465048
9861;URB;8.0;CCTV - AV. MONTECARMELO S-N (MONASTERIO SUSO Y YUSO - MONASTERIO SILOS);-3.697703447080453;40.503138271610034
9862;URB;8.0;CCTV - AV. MONTECARMELO S-N (MONASTERIO DE SILOS - MONASTERIO EL ESCORIAL);-3.698243620673333;40.50406527264843
9858;URB;8.0;CCTV - AV. MONASTERIO SILOS O-E (MONASTERIO EL PAULAR - AV. MONTECARMELO);-3.6996317137981407;40.50334319862772
9859;URB;8.0;CCTV - AV. MONASTERIO ESCORIAL E-O (MONASTERIO CAAVERIO - AV. MONTECARMELO);-3.6975635609587947;40.505039520956764
6970;URB;8.0;CCTV- AV. MONTECARMELO N-S  (SANTUARIO DE VALVERDE - MONASTERIO ESCORIAL);-3.6993143563398423;40.50507881749718
9860;URB;8.0;CCTV - AV. MONTECARMELO N-S  (MONASTERIO ESCORIAL - MONASTERIO SILOS);-3.698760700680565;40.504123467765766
10028;URB;8.0;MONASTERIO HUELGAS N-S(MONASTERIO EL PAULAR-COSTA BRAVA);-3.7086636384924794;40.4991320806893
5880;URB;8.0;COSTA BRAVA E-O(VALLE FUENFRIA-MONASTERIO HUELGAS);-3.7075743782040016;40.498462807025305
10029;URB;8.0;COSTA BRAVA O-E(MARBELLA-MONASTERIO HUELGAS);-3.709333574756684;40.49823716114425
10376;URB;8.0;MONASTERIO BATUECAS N-S(MONASTERIO DE GUADALUPE-AV. SANTUARIO VALVERDE);-3.70451076351434;40.505988173361764
10337;URB;8.0;MONASTERIO ARLANZA N-S (SANTUARIO VALVERDE - ESCORIAL);-3.693235779574766;40.51098273683119
10365;URB;8.0;MONASTERIO DE EL PAULAR S-N (SUSO Y YUSO - SILOS);-3.700446952566538;40.502738519106785
10377;URB;8.0;AV. SANTUARIO VALVERDE E-O(MONASTERIO DE GUADALUPE-MONASTERIO DE BATUECAS);-3.7036134432891648;40.50546133451004
10378;URB;8.0;AV. SANTUARIO VALVERDE O-E(MONASTERIO DE BATUECAS-MONASTERIO DE GUADALUPE);-3.70350732216612;40.50542602552665
10381;URB;8.0;MONASTERIO DE BATUECAS S-N(MONASTERIO DE EL ESCORIAL-AV. SANTUARIO VALVERDE);-3.7045587994127605;40.504943594920675
10382;URB;8.0;MONASTERIO DE BATUECAS N-S(AV. SANTUARIO VALVERDE-MONASTERIO DE EL ESCORIAL);-3.704603082515976;40.504923551023026
10383;URB;8.0;AV. SANTUARIO VALVERDE E-O(MONASTERIO DE LAS HUELGAS-MONASTERIO DE BATUECAS);-3.7055143183990653;40.50552909691934
10366;URB;8.0;MONASTERIO BATUECAS N-S (MONASTERIO SILOS - MONASTERIO SUSO Y YUSO);-3.704794337268698;40.50282125366507
10367;URB;8.0;MONASTERIO SUSO Y YUSO E-O (MONASTERIO BATUECAS - MONASTERIO MONTESCLAROS);-3.703798929496497;40.50231411080796
10368;URB;8.0;MONASTERIO SUSO Y YUSO O-E (MONASTERIO MONTESCLAROS - MONASTERIO BATUECAS);-3.703689700577568;40.502278402261716
10369;URB;8.0;MONASTERIO BATUECAS S-N (MONASTERIO RÁBIDA - MONASTERIO SUSO Y YUSO);-3.704845368207626;40.50185980629622
10371;URB;8.0;MONASTERIO SUSO Y YUSO O-E (MONASTERIO HUELGAS - MONASTERIO BATUECAS);-3.7055513805887834;40.50237587563575
10370;URB;8.0;MONASTERIO SUSO Y YUSO E-O (MONASTERIO BATUECAS - MONASTERIO HUELGAS);-3.7056691838661684;40.50241271370421
5029;URB;10.0;SAGRADOS CORAZONES E-O;-3.7415301300883836;40.407334955695795
10374;URB;8.0;MONASTERIO MONTESCLAROS N-S (MONASTERIO SILOS - MONASTERIO SUSO Y YUSO);-3.7027326417784416;40.502758228309276
10372;URB;8.0;MONASTERIO SUSO Y YUSO E-O (MONASTERIO PAULAR - MONASTERIO MONTESCLAROS);-3.7019289294147484;40.50221386041978
10373;URB;8.0;MONASTERIO SUSO Y YUSO O-E (MONASTERIO MONTESCLAROS - MONASTERIO PAULAR);-3.7018287705158097;40.50217725762349
10413;URB;8.0;MONASTERIO ESCORIAL E-O (MONTECARMELO - MONASTERIO PAULAR);-3.6997492686810163;40.504242010083885
10414;URB;8.0;MONASTERIO PAULAR N-S (SANTUARIO VALVERDE - MONASTERIO ESCORIAL);-3.7006184444934846;40.504686761747
10412;URB;8.0;MONASTERIO PAULAR S-N (MONASTERIO SILOS - MONASTERIO ESCORIAL);-3.700506831016177;40.503744849373945
10441;URB;8.0;AV. MONASTERIO SILOS O-E(MONTECARMELO-MONASTERIO CAAVEIRO);-3.6971714309499735;40.50413550170493
10442;URB;8.0;MONASTERIO CAAVEIRO N-S (MONASTERIO ESCORIAL-MONASTERIO SILOS);-3.6966893267921432;40.50490891408959
10443;URB;8.0;MONASTERIO CAAVEIRO S-N (MONASTERIO SUSO Y SUSO-MONASTERIO SILOS);-3.6958946004556053;40.504344748940994
10415;URB;8.0;MONASTERIO ESCORIAL E-O (MONASTERIO LIEBANA - MONASTERIO CAAVEIRO);-3.6958346761287264;40.506740403742086
10417;URB;8.0;MONASTERIO SAMOS N-S (SANTUARIO VALVERDE - MONASTERIO ESCORIAL);-3.6968261482630007;40.50650852922474
10416;URB;8.0;MONASTERIO SAMOS S-N (MONASTERIO SILOS - MONASTERIO ESCORIAL);-3.695826104338645;40.50605848288523
10686;URB;8.0;AV. MONASTERIO SILOS O-E(MONASTERIO HUELGAS-MONASTERIO BATUECAS);-3.705590772644104;40.50345873702743
10420;URB;8.0;MONASTERIO BATUECAS N-S(AV. MONASTERIO DE EL ESCORIAL-AV. MONASTERIO SILOS);-3.704701853631206;40.503848660623746
10421;URB;8.0;MONASTERIO BATUECAS S-N(AV. MONASTERIO SILOS-AV. MONASTERIO DE EL ESCORIAL);-3.7046584484490146;40.503852724441494
10431;URB;8.0;MONASTERIO HUELGAS N-S (AV. MONASTERIO SUSO Y YUSO-  MONASTERIO DE EL PAULAR);-3.7070292079825173;40.50203513435516
10432;URB;8.0;MONASTERIO PAULAR E-O  (MONASTERIO BATUECAS-  MONASTERIO HUELGAS);-3.7064991780346306;40.50134195452608
10433;URB;8.0;MONASTERIO HUELGAS S-N  (COSTA BRAVA-  MONASTERIO PAULAR);-3.7079158600390953;40.500654188322486
10434;URB;8.0;MONASTERIO PAULAR O -E  (MONASTERIO SILOS-  MONASTERIO HUELGAS);-3.707899450537183;40.50100448869435
10423;URB;8.0;MONASTERIO BATUECAS S-N(AV. MONASTERIO SUSO Y YUSO-AV. MONASTERIO SILOS);-3.7047468922880546;40.502894176368926
10583;URB;8.0;(CARRIL BUS) AV. MONASTERIO DE EL ESCORIAL E-O(MONASTERIO LIEBANA-MONASTERIO SAMOS);-3.6958795033751826;40.506765006601555
10584;URB;8.0;CCTV - (CARRIL BUS)  AV. MONASTERIO ESCORIAL E-O (MONASTERIO CAAVERIO - AV. MONTECARMELO);-3.697589553712225;40.505070631915125
10691;URB;8.0;(CARRIL BUS)  AV. MONASTERIO DE EL ESCORIAL E-O(AV. MONTECARMELO-MONASTERIO PAULAR);-3.699763588997193;40.504277855749486
10419;URB;8.0;(CARRIL BUS) MONASTERIO HUELGAS N-S (AV. MONASTERIO SUSO Y YUSO-  MONASTERIO DE EL PAULAR);-3.705587801914884;40.503507995830645
10690;URB;8.0;(CARRIL BUS) AV. MONASTERIO DE SILOS O-E (MONTECARMELO-MONASTERIO CAAVEIRO);-3.69713967843332;40.50409976087749
10687;URB;8.0;(CARRIL BUS) MONASTERIO HUELGAS N-S (AV. MONASTERIO SUSO Y YUSO-  MONASTERIO DE EL PAULAR);-3.707074170568892;40.502000257703095
10692;URB;8.0;(CARRIL BUS)  MONASTERIO ESCORIAL, 14 E-O (MONASTERIO DE LAS HUERTAS- SANTUARIO DE VALVERDE);-3.7081955441616365;40.50457216692758
10799;URB;8.0;MONASTERIO SILOS O-E (MONASTERIO DE CAAVEIRO - MONASTERIO SAMOS);-3.6958439607227165;40.50509155607844
10817;URB;8.0;MONASTERIO ESCORIAL E-O (MONASTERIO DE SAMOS - MONASTERIO CAAVEIRO);-3.6965450589656372;40.50590764990632
10815;URB;8.0;MONASTERIO CAAVEIRO N-S (SANTUARIO VALVERDE - MONASTERIO ESCORIAL);-3.6976415815336634;40.50563398636493
10816;URB;8.0;MONASTERIO CAAVEIRO S-N (MONASTERIO SILOS - MONASTERIO ESCORIAL);-3.696777940176373;40.50502857593746
11355;URB;8.0;CCTV - SANTUARIO DE VALVERDE ENTRE (MONASTERIO DE OSEIRA Y MONASTERIO DE POIO);-3.6963621921964696;40.50822804174678
11354;URB;8.0;CCTV - AV. SANTUARIO VALVERDE ENTRE (MONASTERIO DE POYO Y MONSTERIO SOBRADO);-3.6953266047057274;40.50948092161705
11353;URB;8.0;CCTV - MONASTERIO DE POYO ENTRE (MONASTERIO DEL ESCORIAL Y SANTUARIO VALVERDE);-3.69533881740213;40.50900467638933
11358;URB;8.0;MONASTERIO DE SILOS ENTRE MONASTERIO DE LIEBANA Y MONASTERIO DE POYO;-3.693702102625126;40.50761087726528
11361;URB;8.0;MONASTERIO DE POYO ENTRE MONASTERIO DEL ESCORIAL Y MONASTERIO DE SILOS;-3.69373771421627;40.508194319273535
11359;URB;8.0;MONASTERIO DE SILOS ENTRE MONASTERIO DE POYO Y MONASTERIO DE SOBRADO;-3.6928221008127213;40.508667568974204
11357;URB;8.0;MONASTERIO DEL ESCORIAL ENTRE MONASTERIO DE POYO Y MONASTERIO DE LIEBANA;-3.6945841757531177;40.50827086282175
11356;URB;8.0;MONASTERIO DEL ESCORIAL ENTRE MONASTERIO DE SOBRADO Y MONASTERIO DE POYO;-3.6937865498608096;40.50924050821961
10030;URB;8.0;(TACTICA)MONASTERIO HUELGAS N-S(MONASTERIO EL PAULAR-COSTA BRAVA);-3.7085677558966954;40.49875751857171
3530;URB;8.0;VALCARLOS N-S (VILORIA DE LA RIOJA - SAN JUAN DE ORTEGA);-3.668961354997501;40.50135677430205
6591;URB;8.0;SAN JUAN DE ORTEGA O-E (SIERRA DE ATAPUERCA - SAUCEDA);-3.6704055382086134;40.50106756285795
10189;URB;8.0;FORESTA E-O(QUINTANAPALLA-QUINTANAVIDES);-3.6680019654295513;40.498425533173844
10190;URB;8.0;QUINTANAVIDES S-N(A-1-FORESTA);-3.6678070531537603;40.497296211768216
10191;URB;8.0;FORESTA O-E(PTO. SOMPORT-QUINTANAVIDES);-3.6693926812844424;40.497610267148005
10215;URB;8.0;CASTIELLO JACA N-S(ISABEL COLBRAND-FROMISTA);-3.6785854613716054;40.50958155231702
10214;URB;8.0;FROMISTA E-O(MOLINASECA-CASTIELLO JACA);-3.677495216706095;40.509047878013526
10213;URB;8.0;STO. DOMINGO CALZADA E-O(CAPISCOL-CASTIELLO JACA);-3.6766253798564406;40.50846640237196
6596;URB;8.0;AV. CAMINO DE SANTIAGO S-N (VILORIA DE LA RIOJA - SANTO DOMINGO DE LA CALZADA);-3.6711027912521677;40.50746807823276
10591;URB;8.0;(CARRIL BUS) AV. CAMINO DE SANTIAGO S-N (VILORIA DE LA RIOJA - SANTO DOMINGO DE LA CALZADA);-3.6710686661337233;40.507441917918044
11342;URB;8.0;VIA DE SERVICIO AVD. BURGOS - CRTA. FUENCARRAL;-3.673379800899756;40.48860469542662
11343;URB;8.0;CRTA. FUENCARRAL SALIDA AVDA. BURGOS;-3.6735097069921516;40.48853637598291
11345;URB;8.0;CARRIL BUS AVDA. BURGOS S-O;-3.6734559881275084;40.488432934533336
6585;URB;8.0;(TACTICO)CASTIELLO JACA N-S(GIRO A PTE. REINA);-3.675865576008379;40.50230513516054
6586;URB;8.0;(TACTICO)CASTIELLO JACA S-N(GIRO A PTE. REINA);-3.675707804509812;40.50184739362611
6587;URB;8.0;(TACTICO)PTE. REINA O-E(GIRO A CNO. SANTIAGO);-3.6743412262814656;40.50217651299744
6588;URB;8.0;(TACTICO)PTE. REINA O-E(GIRO-SIERRA ATAPUERCA);-3.6723193381509835;40.50154934492339
6589;URB;8.0;(TACTICO)PTE. REINA E-O(GIRO A SIERRA ATAPUERCA);-3.6718260740709465;40.50120362566466
10060;URB;8.0;AV. CAMINO SANTIGO N-S(PL. OBRADOIRO-PORTOMARIN);-3.665634392960705;40.512285771166994
10059;URB;8.0;PORTOMARIN E-O(SANTISO-AV. CAMINO SANTIAGO);-3.6656384365965287;40.51061780968441
10058;URB;8.0;AV. CAMINO SANTIAGO S-N(GTA. MONTE GOZO-PORTOMARIN);-3.6675304056525078;40.51050273088609
6595;URB;8.0;SANTO DOMINGO DE LA CALZADA E-O (REDECILLA DEL CAMINO - CAMINO DE SANTIAGO);-3.6690225820922873;40.50735794357816
3509;URB;8.0;AV. SANTO DOMINGO DE LA CALZADA O-E (CASTIELLO DE JACA - CAMINO DE SANTIAGO);-3.6718433344874364;40.50876620229291
11294;URB;8.0;VALCARLOS S-N (VILORIA DE LA RIOJA - AV. STO. DOMINGO DE LA CALZADA);-3.6660248698927456;40.50375994615703
6597;URB;8.0;AV. CAMINO DE SANTIAGO N-S (TIERRA DE MELIDE - PALAS DE REY);-3.6690083479682136;40.509447529098594
6599;URB;8.0;VALCARLOS N-S (PALAS DEL REY - SANTO DOMINGO DE LA CALZADA);-3.6646689420175367;40.50503666326989
3795;URB;8.0;VALCARLOS S-N (SANTO DOMINGO DE LA CALZADA - PALAS DEL REY);-3.664722418587361;40.50480330699135
10529;URB;8.0;SANTO DOMINGO DE LA CALZADA O-E (SIERRA ATAPUERCA-BOADILLA DEL CAMINO);-3.6663747708701293;40.50541250925911
10562;URB;8.0;AV. CAMINO DE SANTIAGO S-N;-3.665284899679577;40.512431677863766
10062;URB;8.0;PORTOMARIN O-E(FROMISTA-AV. CAMINO SANTIAGO);-3.6678025782959955;40.51201808083276
10090;URB;8.0;SIERRA DE ATAPUERCA N-S (PORTOMARÍN-TIERRA DE MELIDE);-3.664196809907402;40.508185203405404
10088;URB;8.0;TIERRA DE MELIDE E-O (VALCARLOS-SIERRA DE ATAPUERCA);-3.6639110280485796;40.507326995032756
10091;URB;8.0;SIERRA DE ATAPUERCA S-N (PALAS DE REY-TIERRA DE MELIDE);-3.665434996447827;40.50695250201897
10086;URB;8.0;TIERRA DE MELIDE O-E (PADORNELO-SIERRA DE ATAPUERCA);-3.6655663336382434;40.50780827254563
10181;URB;8.0;PALAS DE REY O-E (TRIACASTELA - CON. SANTIAGO);-3.670532639661823;40.50926107525134
6594;URB;8.0;SANTO DOMINGO DE LA CALZADA E-O(SAUCEDA-VALCARLOS);-3.664037139850484;40.503949879061
10693;URB;8.0;(CARRIL BUS) AV. CAMINO DE SANTIAGO N-S (TIERRA DE MELIDE - PALAS DE REY);-3.6690557533602717;40.509480525367984
10854;URB;8.0;(CARRIL BUS) AV. SANTO DOMINGO DE LA CALZADA O-E (CASTIELLO DE JACA - CAMINO DE SANTIAGO);-3.6718585280832934;40.50871826621549
10855;URB;8.0;(CARRIL BUS) SANTO DOMINGO DE LA CALZADA E-O (REDECILLA DEL CAMINO - CAMINO DE SANTIAGO);-3.668976678261147;40.50739466476025
10856;URB;8.0;(CARRIL BUS) SANTO DOMINGO DE LA CALZADA O-E (SIERRA ATAPUERCA-BOADILLA DEL CAMINO);-3.6664084357028894;40.505383264691076
10857;URB;8.0;(CARRIL BUS) SANTO DOMINGO DE LA CALZADA E-O(SAUCEDA-VALCARLOS);-3.6639979568983003;40.503987129284624
10359;URB;8.0;(MICRO)ACCESO M-40 O-E(PROX. GR-14);-3.6669360981968375;40.51182898156646
10567;URB;8.0;(MICRO) PORTICO DE LA GLORIA (JUNTO GR-5);-3.6646797843063093;40.51359586783682
3700;URB;8.0;REDECILLA DEL CAMINO S-N (VILORIA DE RIOJA - SANTO DOMINGO DE LA CALZADA);-3.668862783207874;40.50675396633671
6600;URB;8.0;SSANTO DOMINGO DE LA CALZADA, 23 E-O (VALCARLOS - SIERRA DE ATAPUERCA);-3.6666609463565947;40.505668659605085
10361;URB;8.0;(TACTICO) FROMISTA E-O (GIRO A PALAS DEL REY NORTE);-3.6724680809023345;40.51099456078904
5149;URB;10.0;ILLESCAS ENTRE Pº EXTREMADURA Y SESEÑA SENTIDO O-E;-3.7661417739723704;40.39724589425534
10989;URB;10.0;(BUS) AV. POBLADOS O-E(LUIS CHAMIZO-AV. LAS AGUILAS);-3.7632273175544775;40.38674162385782
5152;URB;10.0;PADRE PIQUER N-S(SESEÑA-TEMBLEQUE);-3.7671772407809536;40.391515503487405
5153;URB;10.0;AV.DE LOS POBLADOS ENTRE LUIS CHAMIZO Y AV. LAS AGUILAS SENTIDO O-E;-3.7631737756729238;40.38677773011607
5154;URB;10.0;AV. LAS AGUILAS ENTRE AV.DE LOS POBLADOS Y GUAREÑA SENTIDO N-S;-3.763069263038886;40.385210730011096
5155;URB;10.0;AV. DE LOS POBLADOS ENTRE CTRO. PENITENCIARIO Y AV. LAS AGUILAS SENTIDO E-O;-3.7598664295437674;40.38414759638129
5156;URB;10.0;AV. LAS AGUILAS ENTRE AVDA.DE LOS POBLADOS Y OCAÑA SENTIDO S-N;-3.761366174458043;40.38587837403442
10389;URB;10.0;AV. POBLADOS O-E(SEBASTIAN ALVARO-PILAR);-3.7703317759235917;40.392686521194285
10390;URB;10.0;AV. POBLADOS O-E GIRO IZDA (SEBASTIAN ALVARO-PILAR);-3.770279819243805;40.39272672523785
10395;URB;10.0;PSO. EXTREMADURA, 437 S-N (ENTRADA MADRID);-3.771920577570761;40.39353785270678
10397;URB;10.0;PSO. EXTREMADURA, 393 S-N (ILLESCAS-CTRA. BOADILLA);-3.764760715984218;40.399027235357806
10398;URB;10.0;CTRA. BOADILLA E-O(SESEÑA-PSO. EXTREMADURA);-3.7635066997612836;40.399144836914125
11076;URB;10.0;SESEÑA N-S (PSO. EXTREMADURA-ILLESCAS);-3.7650564270913853;40.397246226410125
11070;URB;10.0;TEMBLEQUE E-O ( MAQUEDA-PADRE PIQUER);-3.765708048178614;40.39106499455046
11071;URB;10.0;MELILOTO O-E (MUNANA-AV. POBLADOS);-3.768473121398713;40.38969799697143
5178;URB;10.0;AV. POBLADOS S-N(PADRE PIQUER-SEBASTIAN ALVARO);-3.767777128207;40.390729672533645
5180;URB;10.0;(MICRO)AV.POBLADOS E-O (GIRO A AV. LAS AGUILAS);-3.761584784917254;40.38578499384099
9833;URB;10.0;(MICRO)POBLADOS O-E (GIRO A AV. LAS AGUILAS);-3.7619308760091505;40.3854584804154
6834;URB;10.0;(MICRO)SALIDA INTERCAMBIADOR AUTOBUSES;-3.760740505574788;40.38504110467788
10418;URB;10.0;(MICRO)AV. POBLADOS O-E GIRO PADRE PIQUER(DELANTE GR-7);-3.7675895358297122;40.39027282608974
10392;URB;10.0;(MICRO)AV. POBLADOS E-O(DELANTE GR-1);-3.7690075585350473;40.391773856535245
5150;URB;10.0;(TACTICO)ESCALONA O-E(MAQUEDA-ILLESCAS);-3.764487102157319;40.39553885988377
5173;URB;10.0;(TACTICO) SALIDA PARQUE BOMBEROS;-3.764594283057618;40.38776890057083
5160;URB;10.0;(TACTICO)JOSE CADALSO S-N(VALLE INCLAN-AV. LAS AGUILAS);-3.7719765909251644;40.38251793942889
10391;URB;10.0;(TACTICO)AV. POBLADOS O-E GIRO A PILAR;-3.769027702390278;40.39169276049826
10511;URB;10.0;PSO. ERMITA DEL SANTO S-N(NEGUILLA-AVD. MANZANARES);-3.723366621452185;40.41020207933617
10805;URB;11.0;PSO. ERMITA DEL SANTO S-N(SAN AMBROSIO-VIA CARPETANA);-3.7247407903776533;40.40474501462599
10804;URB;10.0;VIA CARPETANA O-E(CARAMUEL-PSO. ERMITA SANTO);-3.7255462971524107;40.40540189718071
10806;URB;10.0;PSO. ERMITA DEL SANTO N-S(SAN RUFO-VIA CARPETANA);-3.724448193581919;40.40672199462747
5185;URB;10.0;VIA CARPETANA ENTRE CARAMUEL Y Pº ERMITA DEL SANTO  N-S;-3.732400119126699;40.40034327236131
5186;URB;11.0;Pº. DE LA ERMITA DEL SANTO ENTRADA CRUCE  E-O;-3.7317994887881913;40.39926198820385
5188;URB;11.0;VIA CARPETANA ENTRE ARROYO VALDECELADA - ERMITA SANTO;-3.734134300687928;40.398971757745024
5189;URB;10.0;AV.MANZANARES N-S PTE.SEGOVIA M-30;-3.723167735539541;40.41132456278205
5193;URB;11.0;IVAN VARGAS E-O (CALLE);-3.724057145997552;40.402708474733956
5195;URB;11.0;PTE SAN ISIDRO E-O(PSO. MELANCOLICOS-PSO. ERMITA DEL SANTO);-3.723665449689491;40.4037037681748
5196;URB;11.0;PSO. ERMITA DEL SANTO, 70 S-N(PTE. SAN ISIDRO-SAN AMBROSIO);-3.7246688844152547;40.40392791358081
5197;URB;11.0;PSO. ERMITA DEL SANTO, 68 N-S(CARRIL IZQUIERDO)(VIA CARPETANA-SAN AMBROSIO);-3.724778214771486;40.40499717735691
7008;URB;11.0;PTE SAN ISIDRO E-O (CARRIL DERECHO)(PSO. MELANCOLICOS-PSO. ERMITA DEL SANTO);-3.7236756286188446;40.403750158828
10283;URB;11.0;PSO. ERMITA DEL SANTO, 68 N-S(CARRIL DERECHO)(VIA CARPETANA-SAN AMBROSIO);-3.7248334699563865;40.404930870459275
5182;URB;10.0;(TACTICO) Pº.ERMITA SANTO O-E (ENTRADA);-3.7230986555248626;40.410756277360846
5187;URB;10.0;(TACTICO)VIA CARPETANA GIRO N-E(CARAMUEL-ERMITA DEL SANTO);-3.733653055194035;40.39952285634079
5190;URB;10.0;(TACTICO)AV. CAPRICHOS S-N(ENTRADA A SEPULVEDA);-3.7288941599956162;40.40655010732912
5236;URB;11.0;AV. CARABANCHEL ALTO N-S(CARPIO TORTA-AV. PESETA);-3.7538071614724937;40.363198844795384
5237;URB;11.0;AV. PESETA E-O(CORONA-AV. CARABANCHEL ALTO);-3.752460723753222;40.362226077158475
5239;URB;11.0;AV. PESETA O-E(MORALES-AV. CARABANCHEL ALTO);-3.7553214509716106;40.362184284972635
10593;URB;11.0;AV. EURO E-O(PESO HISPANO-DURO);-3.7438199110688375;40.36567778658213
10592;URB;11.0;DURO S-N(AV. PESETA-AV. EURO);-3.7443459237613053;40.36489327189848
10594;URB;11.0;AV. EURO O-S(MAELLA-DURO);-3.7454903286986756;40.3651343075522
5240;URB;11.0;VIA LUSITANA N-S LATERAL (AGUACATE-AV. PESETA);-3.7431622409575196;40.364629756475225
5241;URB;11.0;REAL E-O(CALDERILLA-VIA LUSITANA);-3.7425939827723504;40.36346563580845
5243;URB;11.0;AV. PESETA O-E(MARAVEDI-VIA LUSITANA);-3.7449047297715405;40.36335022998341
5244;URB;11.0;VIA LUSITANA N-S(HALCONERO REY-AGUACATE);-3.740095507379772;40.36865063735196
5248;URB;11.0;THALER E-O(CALDERILLA-VIA LUSITANA);-3.740091609487549;40.36697263593632
5249;URB;11.0;VIA LUSITANA S-N(AV. PESETA-THALER);-3.741884955438507;40.36647427153653
5250;URB;11.0;AGUACATE E-O(VIA LUSITANA-AV. EURO);-3.7414828532484434;40.36795399350723
5251;URB;11.0;AV EURO S-N(PESO HISPANO-AGUACATE);-3.742400591668031;40.36770502245
5253;URB;11.0;AGUACATE O-E(AV. EURO-VIA LUSITANA);-3.741671553381311;40.368015287314755
5254;URB;11.0;PINAR SAN JOSE N-S(JACOBEO-AV. PESETA);-3.7618723520263284;40.364296943760394
5256;URB;11.0;AV. PESETA E-O(CUEVAS ALTAMIRA-PINAR SAN JOSE);-3.7620196923341895;40.363346982898705
5258;URB;11.0;AV. PESETA O-E(VALLE BOI-PINAR SAN JOSE);-3.7632276272895817;40.364734927440225
5259;URB;10.0;CTRA Bº FORTUNA N-S(TROMPAS-FLAUTAS);-3.7660300467907852;40.37124859340855
5260;URB;10.0;AV. PESETA S-N(CLARINETES-FLAUTAS);-3.765543502157142;40.36904894930403
5261;URB;10.0;CTRA Bº FORTUNA S-N(M-40-AV. PESETA);-3.7663099059149423;40.36902959060944
5262;URB;10.0;FLAUTAS O-E(TIMBALES-CTRA Bº FORTUNA);-3.7674061013150917;40.370202277105406
5263;URB;11.0;JACOBEO O-E (UDAD. ALCALA HENARES-PINAR SAN JOSE);-3.760909448483214;40.36532585903185
5265;URB;11.0;PINAR SAN JOSE S-N(PARQUE GARAJONAI-JACOBEO);-3.7610819942592193;40.36450783691226
10598;URB;11.0;(CARRIL BUS) VIA LUSITANA S-N(AV. PESETA-THALER);-3.741831957709116;40.3664557510848
10600;URB;11.0;(CARRIL BUS) VIA LUSITANA N-S(HALCONERO REY-AGUACATE);-3.740134188918649;40.368673699307166
10599;URB;11.0;(CARRIL BUS) THALER E-O(CALDERILLA-VIA LUSITANA);-3.7400610176075353;40.367011855789656
5269;URB;10.0;CTRA AL Bº FORTUNA E-O (SENTIDO M-40);-3.7766355998036762;40.36498617754986
5271;URB;10.0;CTRA AL Bº FORTUNA O-E (SENTIDO AV. PESETA);-3.7782059401373105;40.36361465434653
10597;URB;11.0;(CARRIL BUS) REAL E-O(CALDERILLA-VIA LUSITANA);-3.742570434611175;40.36350772856167
10596;URB;11.0;(CARRIL BUS) AV. PESETA E-O (TRENTIN - LUIS ORO);-3.7450202037756326;40.363576934969295
10589;URB;11.0;(CARRIL BUS) AV. PESETA E-O(MARAVEDI-DINERO);-3.7490924349660566;40.362693211972704
10587;URB;11.0;(CARRIL BUS) AV. PESETA E-O(CORONA-AV. CARABANCHEL ALTO);-3.7524608137151847;40.362273765022366
10586;URB;11.0;(CARRIL BUS) AV. PESETA O-E(MORALES-AV. CARABANCHEL ALTO);-3.755322146392329;40.36214841707435
10588;URB;11.0;(CARRIL BUS) AV. PESETA O-E(CORONA-DINERO);-3.7507757083447384;40.362027750743835
9941;URB;11.0;AV. PESETA E-O (TRENTIN - LUIS ORO);-3.745001425639979;40.36353290889993
9940;URB;11.0;AV. PESETA O-E (MUTUAL - LUIS ORO);-3.7466872256487957;40.36296439997119
9942;URB;11.0;AV. PESETA E-O(MARAVEDI-DINERO);-3.749070981955953;40.36264317732333
9901;URB;11.0;AV. PESETA O-E(CORONA-DINERO);-3.750793647309299;40.36207266102338
10590;URB;11.0;(CARRIL BUS) AV. PESETA O-E (MUTUAL - LUIS ORO);-3.7466703607359895;40.36291781446388
10595;URB;11.0;(CARRIL BUS) AV. PESETA O-E(MARAVEDI-VIA LUSITANA);-3.7448853867831846;40.3633090595391
10654;URB;11.0;(CARRIL BUS) AV. PESETA E-O(MORALES-SALVADOR ALLENDE);-3.7562948520981427;40.3624905803694
10655;URB;11.0;AV. PESETA E-O(MORALES-SALVADOR ALLENDE);-3.756300734135952;40.36243219140808
10652;URB;11.0;(CARRIL BUS) AV. PESETA O-E(CUEVAS ALTAMIRA-SALVADOR ALLENDE);-3.7591062607770347;40.36234684508081
10657;URB;11.0;SALVADOR ALLENDE N-S(JACOBEO-AV. PESETA);-3.7577328056019557;40.363397938958876
10656;URB;11.0;SALVADOR ALLENDE S-N(PATRIMONIO HUMANIDAD-AV. PESETA);-3.757855287159903;40.36160779609832
10946;URB;11.0;VIA LUSITANA N-S (AV. POBLADOS-HALCONERO DEL REY);-3.736656152579381;40.371495358214254
10947;URB;11.0;HALCONERO DEL REY E-O(SALVADOR VICENTE MARTIN-VIA LUSITANA);-3.736061871972949;40.37079532562999
5305;URB;10.0;CTRA Bº FORTUNA S-N(TROMPAS-JOAQUIN TURINA);-3.765783382595299;40.37194756684839
5273;URB;10.0;(MICRO)CTRA.AL Bº FORTUNA E-O (INTERNO);-3.777672389039593;40.36414674980444
5274;URB;10.0;(MICRO)PINAR DE SAN JOSE S-N (INTERNO);-3.7772869142817354;40.36405786087113
9849;URB;11.0;(TACTICO) CORONA N-S(AV. EURO-AV. PESETA);-3.7516453865647583;40.36236255984875
9848;URB;11.0;(TACTICO) ONCE VIGAS S-N(M40-AV. PESETA);-3.7516619981303165;40.3617967944851
9850;URB;11.0;(TACTICO)MORALES N-S(SOLEDADES-AV. PESETA);-3.7560912040532917;40.36257944250851
9851;URB;11.0;(TACTICO)MORALES S-N(PATRIMONIO HUMANIDAD-AV. PESETA);-3.7560965890982767;40.362063592870065
9852;URB;11.0;(TACTICO)CUEVAS ALTAMIRA N-S(JACOBEO-AV. PESETA);-3.7599357202928942;40.36279322769624
9853;URB;11.0;(TACTICO)CUEVAS ALTAMIRA S-N(PATRIMONIO HUMANIDAD-AV. PESETA);-3.7599403927802766;40.36229023248337
5297;URB;11.0;(TACTICO)CARPIO Y TORTA O-E(PRADO MERINERO-AV. CARABANCHEL ALTO);-3.7538810478556783;40.36438087945181
9978;URB;11.0;(TACTICO) AV. EURO E-O(EXCELENTE-AV. CARABANCHEL ALTO);-3.753345453235422;40.3639383688269
5298;URB;11.0;(TACTICO)ALLARIZ O-E(PROGRESO-AV. CARABANCHEL ALTO);-3.7536217418079443;40.36747644051299
5299;URB;11.0;(TACTICO)GOMEZ ARTECHE O-E(LEBRELES-AV. CARABANCHEL ALTO);-3.7533743378163016;40.370171412126666
11210;URB;11.0;(TACTICO)LUIS ORO N-S (PRINCIPADO-AV. PESETA);-3.7459817997338574;40.36349175853405
5275;URB;11.0;ENTRADA A CRUCE DESDE TÚNEL CALLE 30 N-S (A 150M LINEA PARADA);-3.7174325600262454;40.399088974431905
4792;URB;12.0;SAN GRACIANO E-O;-3.703829658473801;40.39242384471123
5277;URB;11.0;ENTRADA A CRUCE DESDE TÚNEL CALLE 30 N-S (A 100M LINEA PARADA);-3.716861405544045;40.39877728247102
4793;URB;12.0;ANTONIO LOPEZ N-S(STA. Mª CABEZA-MARIBLANCA);-3.7049998449696786;40.392546200229475
5279;URB;11.0;CALLE 30 N-S (ENTRADA A CRUCE  A 110 M LINEA PARADA);-3.716674186690057;40.398847101566005
5280;URB;11.0;GRAL RICARDOS  O-E (MANUEL CARMONA-QUINCE DE MAYO);-3.7178435343149228;40.39663000783965
5281;URB;11.0;GRAL RICARDOS E-O(MANUEL CARMONA-SALLABERRY);-3.719679197780153;40.39568055580706
5282;URB;11.0;ANTONIO LEYVA S-N ( JACINTO VERDAGUER - MARQUES DE VADILLO);-3.715156326671391;40.3962789819833
5283;URB;11.0;SALLABERRY S-N (JACINTO VERDAGUER-GRAL RICARDOS);-3.720585787930988;40.394711034991964
5284;URB;11.0;MANUEL CARMONA N-S (ARMENGOT-GRAL RICARDOS);-3.7189132389308512;40.396296202889495
5285;URB;11.0;QUINCE DE MAYO  N-S (STA SATURNINA-GRAL RICARDOS);-3.7178720390181526;40.39762517282417
5286;URB;11.0;ANTONIO LOPEZ O-E (MARQUES DE VADILLO-BALEARES);-3.714968978401801;40.39736795951406
5287;URB;11.0;ANTONIO LÓPEZ E-O (BALEARES-MARQUES DE VADILLO);-3.7142180678450374;40.39707840171411
5289;URB;11.0;ANTONIO LÓPEZ E-O (ORGAZ-MONTSERRAT);-3.712148202154792;40.39609530479307
5290;URB;11.0;ANTONIO LÓPEZ O-E (ESTEBAN ARTEAGA-MARQUES JURA REAL);-3.709339558644424;40.394691809232675
5291;URB;11.0;ANTONIO LÓPEZ E-O JUNTO PP ESTEBAN ARTEAGA;-3.709834540209303;40.39500006214576
11029;URB;11.0;GRAL. RICARDOS E-O(PSO. QUINCE MAYO-MANUEL CARMONA);-3.7176926903348795;40.39677888975098
5294;URB;11.0;SAN DELFIN N-S (AVDA. DEL MANZANARES-ANTONIO LOPEZ);-3.7081103808151;40.39436930393158
5295;URB;11.0;MARQUES JURA REAL N-S (PEDRO YAGUE-GRAL. SERRANO);-3.7085268043392356;40.39318640104482
5296;URB;11.0;MARQUES JURA REAL N-S (ANTONIO LÓPEZ-PEDRO YAGUE);-3.708207822365845;40.39359479728917
5300;URB;11.0;MARQUES JURA REAL S-N (F. DÍAZ MENDOZA-CNEL. VALENZUELA);-3.7092597553912254;40.392577983858494
5302;URB;11.0;BALEARES O-E (CALLE DEL SORBE-MARQUÉS DE JURA REAL);-3.712921076766364;40.38995644709708
5303;URB;11.0;PTE DE LOS CAPUCHINOS ENTRADA CRUCE S-N;-3.711899172406756;40.389998312970896
4790;URB;12.0;ANTONIO LOPEZ N-S(MATILDE GAYO-VALLANDES);-3.7029939807927668;40.391168451950335
10929;URB;11.0;MARQUES JURA REAL N-S(JOAQUIN MARTINEZ BORREGERO-BALEARES);-3.7116283505672087;40.390952109407
4791;URB;12.0;EUGENIO CAXES  E-O;-3.702994532548628;40.39163765683288
11028;URB;11.0;CCTV - PSO. QUINCE MAYO O-E(SALLABERRY-MANUEL CARMONA);-3.7199166343989165;40.39548851896289
4779;URB;12.0;ANTONIO LOPEZN-S(SAN ZACARIAS-SAN ARMENGOL);-3.701119612122014;40.389555603843995
4787;URB;12.0;ANTONIO LOPEZ S-N(SAN ZACARIAS-MATILDE GAYO);-3.7014612118874695;40.38999022194065
3830;URB;12.0;ANTONIO LOPEZ S-N(SEBASTIA GOMEZ-GTA.CADIZ);-3.6979750729426777;40.38701370429176
4786;URB;12.0;ANTONIO LOPEZ N-S(SEBASTIAN GOMEZ-VADO);-3.696610546331226;40.38568570298743
4784;URB;12.0;ANTONIO LOPEZ S-N(CAMINO PERALES-VADO);-3.695853666926078;40.384303993781735
4795;URB;12.0;DR. TOLOSA LATOUR O-E(AV.CORDOBA-ANTONIO LOPEZ);-3.696192692062496;40.37998902503378
4796;URB;12.0;DR. TOLOSA LATOUR O-E(GIRO INTERNO));-3.696163727898904;40.38006761467505
4797;URB;12.0;SOCUELLAMOS O-E(AV.CORDOBA-ANTONIO LOPEZ);-3.6961577520260422;40.380798054797545
3556;URB;12.0;CNO. PERALES E-O(PETROLEO-ANTONIO LOPEZ);-3.694981147725063;40.38111116982813
4798;URB;12.0;ANTONIO LOPEZ N-S(MARCELO MUÑOZ DIAZ-SOCUELLAMOS);-3.695686670222053;40.38173046968197
10261;URB;12.0;ANTONIO LOPEZ S-N (MATILDE GATO - EUGENIO CAXES);-3.702764226877014;40.391109292172196
4799;URB;12.0;ANTONIO LOPEZ N-S(SAN ARMENGOL-GTA. CADIZ);-3.7003415355330556;40.38885936050092
4788;URB;12.0;ANTONIO LOPEZ S-N(SAN ARMENGOL-SAN ZACARIAS);-3.7004598860509863;40.38912384861248
10272;URB;12.0;ANTONIO LOPEZ N-S GIRO IZDA.(SEBASTIAN GOMEZ-VADO);-3.696561709021425;40.3857206521274
10963;URB;11.0;GRAL. RICARDOS E-O(GTA. MARQUES VADILLO-PSO. QUINCE MAYO);-3.716531037363123;40.397420312936575
10964;URB;11.0;ANTONIO LEYVA N-S(GTA. MARQUES VADILLO-JACINTO VERDAGUER);-3.715486439517612;40.39696292051982
10952;URB;11.0;GRAL. RICARDOS O-E(PSO. QUINCE MAYO-GTA. MARQUES VADILLO);-3.7166462500679267;40.397282296768424
10951;URB;11.0;STA. SATURNINA N-S(AV. EMPERATRIZ ISABEL-PSO. QUINCE MAYO);-3.718457012144429;40.398318232079106
10948;URB;11.0;PSO. QUINCE MAYO E-O(PABLO MONTESINOS-STA. SATURNINA);-3.7178781092448387;40.39768030834187
10950;URB;11.0;MANUEL FDEZ. CABALLERO S-N(VICENTE PARRA-PSO. QUINCE MAYO);-3.71881531188425;40.39746896329308
10949;URB;11.0;PSO. QUINCE MAYO O-E(ANTONIO VICO-MANUEL FDEZ. CABALLERO);-3.7193606300830715;40.39818832583336
10954;URB;11.0;ANTONIO LEYVA S-N (TOMASMEABE-JACINTO VERDAGUER);-3.715386952375163;40.3950310598611
10953;URB;11.0;BALEARES S-N(JACINTO VERDAGUER-ANTONIO LOPEZ);-3.7136228814549557;40.39634833278587
10956;URB;11.0;JACINTO VERDAGUER O-E(LOLA MEMBRIVES-ANTONIO LEYVA);-3.715966741197946;40.395872526020696
10957;URB;11.0;(CARRIL BUS) CALLE 30 N-S (ENTRADA A CRUCE  A 110 M LINEA PARADA);-3.716723696681672;40.398802331950016
10680;URB;11.0;(MICRO)QUINCE DE MAYO  N-S (CCTV CITYLOG);-3.71685030590774;40.39723383394022
10262;URB;12.0;(TACTICO) ANTONIO LOPEZ N-S (GIRO HACIA EUGENIO CAXES);-3.703403275388615;40.39156456889865
4785;URB;12.0;(TACTICO) ANTONIO LOPEZ N-S GIRO A VADO (ANTES GR-3);-3.6961796642081652;40.385394731892006
5306;URB;10.0;AV. AVIACION  E-O(GRAL. MILLAN ASTRAY-JOSE CADALSO);-3.766812667071009;40.37334464048712
5307;URB;10.0;GRAL. MILLAN ASTRAY N-S(SOLEDAD CAZORLA-AV. AVIACION);-3.7654732955972605;40.37385432808436
5308;URB;10.0;AV. AVIACION O-E(GRAL. MILLAN ASTRAY-JOSE CADALSO);-3.767708097149279;40.37341531684762
5312;URB;10.0;AV. AVIACION E-O(FLAUTAS-RAFAEL FINAT);-3.7715447300546545;40.374078406317125
5314;URB;10.0;AV. AVIACION E-O(RAFEL FINAT-VALLE INCLAN);-3.773948966128028;40.37445929116611
5315;URB;10.0;RAFAEL FINAT N-S(SOLEDAD CAZORLA-AV. AVIACION);-3.7730957240903376;40.37488387077962
10794;URB;10.0;SINFONIA E-O (FLAUTAS-DANZA);-3.7726639204527257;40.373162165038515
5319;URB;10.0;AV. AVIACION E-O(NAVALMORAL DE LA MATA-MIRABEL);-3.7802372471314007;40.37546876479139
5320;URB;10.0;MIRABEL N-S(MONROY-AV. AVIACION);-3.781357349926079;40.37612701073784
5321;URB;10.0;AV. AVIACION O-E(MONROY-MIRABEL);-3.7832536087326267;40.37705530071682
5322;URB;10.0;SALIDA BASE MILITAR CUATRO VIENTOS S-N;-3.7836066260323786;40.37738723112703
5317;URB;10.0;AV. AVIACION O-E(MEDINA CAMPO-BASE MILITAR CUATRO VIENTOS);-3.784132090294485;40.378556360503715
5323;URB;10.0;MONROY N-S(AV. LAS AGUILAS-AV. AVIACION);-3.783412148090415;40.37763466407202
5324;URB;10.0;AV. AVIACION O-E(VALLE INCLAN-RAFAEL FINAT);-3.774987236293407;40.37454995918356
5326;URB;11.0;CAMINO LAS CRUCES N-S (JOSE JORDAN-JOAQUIN TURINA);-3.7575854963163406;40.372458864027635
5327;URB;11.0;JOAQUIN TURINA E-O (MADRE CELESTE-CAMINO LAS CRUCES);-3.7570960044964767;40.37194526416185
3749;URB;11.0;JOAQUIN TURINA O-E(JUAN XXIII-CAMINO LASCRUCES);-3.758684208899329;40.372098038082065
5328;URB;10.0;RAFAEL FINAT N-S(JOSOSE CADALSO-BLAS CABRERA);-3.771413021064724;40.37815803009464
5329;URB;10.0;RAFAEL FINAT S-N(SOLEDAD CAZORLA-BLAS CABRERA);-3.7724806915051143;40.37686315871646
3750;URB;10.0;BLAS CABRERA O-E(VALLE INCLAN-RAFAEL FINAT);-3.772882658077137;40.378024128517815
5330;URB;10.0;BLAS CABRERA E-O(CASUARINA-GRAL. MILLAN ASTRAY);-3.7658610118310607;40.378102222616405
5331;URB;10.0;GRAL. MILLAN ASTRAY S-N(GANDO-BLAS CABRERA);-3.7661703970781786;40.377032218531056
5332;URB;10.0;BLAS CABRERA O-E(JOSE CADALSO-GRAL. MILLAN ASTRAY);-3.7677007368044007;40.377590061350766
5334;URB;10.0;GRAL. MILLAN ASTRAY E-O(FUERTE DE NAVIDAD-RAFAEL FINAT);-3.7677408242423978;40.38013671793559
5335;URB;10.0;RAFAEL FINAT S-N(JOSSE CADALSO-GRAL. MILLAN ASTRAY);-3.7691061540643673;40.3799567465125
3636;URB;10.0;(AFORO)AV. LAS AGUILAS O-E(GUAREÑA-AV. POBLADOS);-3.763670717691492;40.38442096719771
5157;URB;10.0;GUAREÑA N-S(LUIS CHAMIZO-AV. LAS AGUILAS);-3.76488022166681;40.38506644690976
5158;URB;10.0;AV. LAS AGUILAS O-E(BLANCO SOLER-RAFAEL FINAT);-3.7663726870342566;40.38401139477661
5159;URB;10.0;RAFAEL FINAT O-E(FUERTE NAVIDAD-VIDAUBA);-3.7656884885203485;40.38316756954963
10619;URB;11.0;CAMINO LAS CRUCES S-N (MARIANISTAS-JOAQUIN TURINA);-3.758233916159533;40.37144775914138
10795;URB;10.0;DANZA S-N(POEMA SINFONICO-SINFONIA);-3.773654836387217;40.37263581011194
5318;URB;10.0;(TACTICO)AV. AVIACION O-N(GIRO A NAVALMORAL DE LA MATA);-3.778172884343826;40.37508425466533
5336;URB;12.0;SAN FERMIN O-E (POPULAR MADRILEÑA-ANTEQUERA);-3.6929628304753392;40.3712272753653
5337;URB;12.0;ESTAFETA S-N (NAVASCUES-MEZQUITA);-3.6922656997663688;40.3727343241301
5339;URB;12.0;OROVILLA N-S (AV. ROSALES-SILVINA);-3.692467425055416;40.37428148569624
5340;URB;12.0;OROVILLA N-S (AV. ROSALES-SILVINA);-3.692664919494801;40.366743103832555
5341;URB;12.0;OROVILLA S-N (M-40-SILVINA);-3.692109997323128;40.3655254305167
5342;URB;17.0;AV. OROVILLA N-S (M-40-CIRCULO);-3.69068999669722;40.36337826868746
5343;URB;17.0;CIRCULO O-E (SALIDA CARREFOUR-AV. OROVILLA);-3.690602326112035;40.36214992095581
5344;URB;17.0;AV. OROVILLA S-N (UNANIMIDAD-CIRCULO);-3.689726061864231;40.36171328424794
5345;URB;12.0;(AFOROS)AV. ROSALES Ø2 O-E (AV. ANDALUCIA-OROVILLA);-3.6930867209132976;40.36829822895785
5346;URB;12.0;OROVILLA S-N (SILVINA-AV.ROSALES);-3.6925777518049263;40.36682300004434
5347;URB;12.0;AV. ROSALES E-O (SILVINA-ANTEQUERA);-3.6909062260742114;40.3672950161747
10902;URB;17.0;MIGUEL SOLAS O-E (INTERIOR);-3.678191202029202;40.351710523088045
5349;URB;17.0;AV. ROSALES N-S (ORO-ZAFIRO);-3.676265673555432;40.349730563905666
5348;URB;17.0;AV. ROSALES S-N (ENTRADA MADRID);-3.6747017337723102;40.34822040992347
10900;URB;17.0;AV. ROSALES S-N (ORIO-MIGUEL SOLAS);-3.677636304682323;40.35097875342316
10901;URB;17.0;AV. ROSALES N-S(MICA-MIGUEL SOLAS);-3.6787316585264853;40.35261398157564
5350;URB;17.0;ZAFIRO Ø5 O-E (BERROCAL-ESTEFANIA);-3.6765588668167384;40.34904356906097
5352;URB;12.0;AV. ROSALES N-S (TANATORIO-M-40);-3.6847886193700377;40.36361184728706
5355;URB;17.0;AV. ROSALES S-N (CTRA VILLAVERDE-M-40);-3.682932975506926;40.36069734051386
9935;URB;12.0;RUTILO E-O (PERIANA-AV. ROSALES);-3.687613252407283;40.36590001614807
9936;URB;12.0;PERIANA N-S (RUTILO-AV. ROSALES);-3.687427484877899;40.36578258123611
9944;URB;12.0;AV. ROSALES N-S (SILVINA-SILVINA);-3.68910244871059;40.366233435832804
9943;URB;12.0;AV. ROSALES S-N (M-40 - OLIGISCO);-3.685375580019895;40.36427016070048
9986;URB;17.0;AV. ROSALES N-S (CTRA.VILLAVERDE-AMERICIO);-3.6811972732826246;40.35760031930178
10290;URB;12.0;SAN MARIO, 18 N-S (SAN MAXIMO-CARABELOS);-3.692604617882051;40.37541289621981
9939;URB;12.0;(TACTICO) SALIDA BRICOMART;-3.687013033301603;40.3649420488464
5354;URB;12.0;(TACTICO) AV. ROSALES A M-40 (GR-8);-3.6842500490438543;40.36254367719345
5351;URB;17.0;(TACTICO) SALIDA DE M-40 NORTE (GR-6);-3.6839528541234556;40.361355267383274
7108;URB;17.0;(TACTICO) SALIDA M-40 NORTE (GR-8 DCHA.);-3.6840295757078825;40.36147827971898
5356;URB;17.0;(TACTICO) ORO O-E;-3.6776107609321786;40.350658132263185
9988;URB;17.0;(TACTICO) AV. ROSALES S-N (DELANTE DEL GR-3);-3.681196734432531;40.356790161598084
9990;URB;17.0;(TACTICO) AMERICIO O-E (AV. ROSALES - EUSKALDUNA);-3.6815521286165978;40.356973264575345
10868;URB;17.0;(TACTICO) SALIDA M-40 NORTE (GR-8 IZQ.);-3.684083659169906;40.361513787871054
5385;URB;17.0;REAL PINTO S-N(LAGUNA MARQUESADO-LAGUNA MASQUESADO);-3.7133826875444904;40.33245364209287
5386;URB;17.0;LAGUNA MARQUESADO E-O(LAGUNA CAMEROS-AV. REAL PINTO);-3.7115798149424224;40.33371367673706
5387;URB;17.0;SAN EZEQUIEL O-E(CIUDAD FRIAS-AV. REAL PINTO);-3.713539453704351;40.33356882991251
10932;URB;17.0;AV. REAL PINTO Ø59 S-N(RESINA - SAN CESAREO);-3.7101832118829954;40.33755227659259
5388;URB;17.0;AV. REAL PINTO S-N(LAGUNA MARQUESADO-RESINA);-3.7122015730315634;40.33467111831729
5389;URB;17.0;RESINA E-O(SAN ERASMO-AV. REAL PINTO);-3.7103129528008916;40.33583073087655
3590;URB;17.0;AV. REAL  PINTO N-S(SAN CESAREO-MONTEJO);-3.7113090079463533;40.33638541742379
10015;URB;17.0;MONTEJO O-E(CIUDAD FRIAS-AV. REAL PINTO);-3.7128408537471587;40.3357502678247
5391;URB;17.0;SAN NORBERTO E-O(SAN TARSICIO-SAN ERASMO);-3.705433217797552;40.33966009891711
5392;URB;17.0;SAN ERASMO S-N(SAN CESARIO-SAN NORBERTO);-3.7065729067191135;40.3388928736334
5393;URB;17.0;SAN NORBERTO O-E(AV. REAL PINTO-SAN ERASMO);-3.7071915615512365;40.33975672182128
6832;URB;17.0;AV. REAL PINTO S-N(SAN JENARO-DOMINGO PARRAGA);-3.7065929166768816;40.341543934640235
5396;URB;17.0;DOMINGO PARRAGA E-O(PZ. GOMEZ ACEBO-AV. REAL PINTO);-3.7078688208613912;40.342053840147315
10931;URB;17.0;SAN CESAREO Ø40 E-O(SAN ERASMO - AV. REAL PINTO);-3.708718867755844;40.33779935537805
5398;URB;17.0;DOMINGO PARRAGA O-E(PSO. FERROVIARIOS-TRAV. LEGANES);-3.715879280115712;40.34214449123943
5399;URB;17.0;DOMINGO PARRAGA E-O(ALBERTO PALACIOS-TRAV. LEGANES);-3.7131151802129274;40.342068257563675
5400;URB;17.0;ASTILLERO N-S(ESCRIBANOS-DOMINGO PARRAGA);-3.7140671368128206;40.34250664111702
5401;URB;17.0;VALLE TOBALINA N-S(MONTEJO-SAN EZEQUIEL);-3.7154865896774205;40.334577100140926
5402;URB;17.0;VALLE TOBALINA S-N(AV. REAL PINTO-SAN EZEQUIEL);-3.7154119667955627;40.33280886334797
5403;URB;17.0;SAN EZEQUIEL E-O(AV. REAL PINTO-VALLE TOBALINA);-3.714518104043867;40.3336229987467
10930;URB;17.0;AV. REAL PINTO Ø54 N-S(VALLE TOBALINA - SAN CESAREO);-3.709177965640242;40.338959138969585
10014;URB;17.0;VALLE TOBALINA N-S (ACEBEDA - BASCUÑUELOS);-3.7154244678249193;40.33822748939334
10016;URB;17.0;BASCUÑUELOS E- O (CIUDAD FRIAS - VALLE TOBALINA);-3.714695557769842;40.337666702489656
10017;URB;17.0;VALLE TOBALINA S-N (MONTEJO-BASCUÑUELOS);-3.715331330011982;40.33701087990405
3483;URB;17.0;(MICRO) LAGUNA MARQUESADO E-O(GIRO A SAN EZEQUIEL);-3.712542492012735;40.333717391388745
5397;URB;17.0;(TACTICO)MAGNESIA E-O(BISMUTO-AV. REAL PINTO);-3.7070635073294382;40.3432305689618
6811;URB;17.0;(TACTICO) SALIDA RENFE (ADIF);-3.7106486671150294;40.341808084705065
5011;URB;10.0;AV SAAVEDRA FAJARDO N-S(AV PORTUGAL-Pº EXTREMADURA);-3.7249202825468712;40.4147241592782
5001;URB;1.0;PTE SEGOVIA E-O (VIRGEN PUERTO-MARQUES MONISTROL);-3.7226620203078347;40.41404353944254
5003;URB;10.0;PSO. EXTREMADURA O-E(LAIN CALVO-SAAVEDRA FAJARDO);-3.7261130370463076;40.413888245396045
4547;URB;10.0;CARAMUEL S-N(JUAN TORNERO-Pº EXTREMADURA);-3.72701551082959;40.4129858286637
5012;URB;10.0;CARAMUEL N-S(Pº EXTREMADURA-JUAN TORNERO);-3.72699069255797;40.41263378079302
5004;URB;10.0;PSO. EXTREMADURA E-O(CARAMUEL-PTA. ANGEL);-3.727585207749073;40.413773198063296
5018;URB;10.0;PTA. ANGEL N-S(AV. PORTUGAL-Pº EXTREMADURA);-3.7293504086831555;40.414281845636616
5005;URB;10.0;Pº EXTREMADURA O-E(PTA. ANGEL-CARAMUEL)(CARRIL ABIERTO);-3.7281726879134096;40.41365241971438
3702;URB;10.0;(AFOROS)Pº EXTREMADURA E-O(PTA ANGEL-FRUELA);-3.729467179835034;40.4133507451771
5006;URB;10.0;(AFOROS)Pº EXTREMADURA O-E(STA. URSULA-JAIME VERA);-3.730393494828465;40.41292060414453
5019;URB;10.0;STA. URSULA S-N (DOÑA URRACA-ANTONIO ZAMORA);-3.730516118690508;40.41225202005434
5021;URB;10.0;Pº EXTREMADURA E-O(FRUELA-GUADARRAMA);-3.730842598840586;40.4128334362848
5007;URB;10.0;Pº EXTREMADURA E-O(GUADARRAMA-STA. URSULA);-3.731629184819868;40.412467190685085
5022;URB;10.0;Pº EXTREMADURA E-O(SISEBUTO-TURISIMUNDO);-3.7338016795626006;40.411739905391485
5023;URB;10.0;Pº EXTREMADURA O-E(REPULLES VARGAS-SISEBUTO);-3.734727897304607;40.411312465933825
5034;URB;10.0;REPULLES VARGASS-N;-3.734970903021451;40.41108319771817
10429;URB;10.0;PSO. EXTREMADURA E-O(SAAVEDRA FAJARDO-ALONSO FERNANDEZ);-3.7252204006973275;40.41406782087831
10430;URB;10.0;PSO. EXTREMADURA O-E(CARAMUEL-LAIN CALVO);-3.7269646862109105;40.41378502507253
5008;URB;10.0;Pº EXTREMADURA E-O(TURISMUNDO-GRAL. MANSO);-3.7368795358481526;40.410594858989164
5031;URB;10.0;(TACTICO) ALFONSO ACEA N-S;-3.738073841086094;40.41033629797927
5024;URB;10.0;Pº EXTREMADURA O-E(NAVAS DEL REY-LA MILAGROSA);-3.737785955536887;40.41017600639406
5020;URB;10.0;FRANCISO BRIZUELA  S-N(BENICASIM-Pº EXTREMADURA);-3.7388898190504594;40.409322397005816
5009;URB;10.0;Pº EXTREMADURA O-E(NAVAS DEL REY-LA MILAGROSA);-3.739815667118014;40.40942290454653
5016;URB;10.0;JUAN TORNERO E-O(LAIN CALVO-CARAMUEL);-3.7260008969370295;40.41179248648299
5013;URB;10.0;CARAMUEL N-S(DOÑA MENCIA-ANTILLON SENTIDO);-3.7267351320521493;40.41091855562052
10428;URB;10.0;PSO. EXTREMADURA E-O(GUADARRAMA-SISEBUTO);-3.7323916736621072;40.412260994235865
5015;URB;10.0;CARAMUEL S-N(AV. CAPRICHOS-PABLO SARASATE);-3.729866093682396;40.405524522431975
5017;URB;10.0;Pº OLIVOS O-E(Mª DEL CARMEN-CARAMUEL);-3.7308900739097797;40.40672973815952
10425;URB;10.0;PSO. EXTREMADURA E-O(TURISMUNDO-GRAL. MANSO);-3.7354388808943018;40.411132038481874
5032;URB;10.0;GRAL. MANSO N-S(ALMIRANTE REQUESENS-PSO. EXTREMADURA);-3.7367404504295183;40.41077366733833
5033;URB;10.0;MILAGROSA S-N(JOSE ESPELIUS-PSO. EXTREMADURA);-3.736326500311505;40.41052762323393
10424;URB;10.0;PSO. EXTREMADURA E-O(GRAL. MANSO-ALFONSO CEA);-3.7361577210900156;40.41078800360283
10570;URB;10.0;PTA. DEL ANGEL S-N(PSO. EXTREMADURA-AV. PORTUGAL);-3.728703294536745;40.413884434833214
10965;URB;10.0;CARAMUEL N-S(CONCEJAL FCO. JOSE JIMENEZ MARTIN-VIA CARPETANA);-3.72980082038476;40.40303881220785
10966;URB;10.0;VIA CARPETANA E-O (ERMITA DEL SANTO-CARAMUEL);-3.7288546984614412;40.40278955949733
10967;URB;11.0;VIA CARPETANA O-E (ERMITA DEL SANTO-CARAMUEL);-3.7305544770112813;40.40165006769459
10988;URB;10.0;PSO. EXTREMADURA E-O(ALFONSO CEA-FCO. BRIZUELA);-3.738225029543878;40.410089862524345
10987;URB;10.0;PSO. EXTREMADURA O-E(FCO. BRIZUELA-NAVAS DEL REY);-3.7385008866079183;40.409915672322846
10803;URB;10.0;(MICRO)PSO. EXTREMADURA E-O(GIRO A GUADARRAMA);-3.7319051504188083;40.4124060403709
3553;URB;10.0;(TACTICO) JAIME TERCERO O-E;-3.7297481818079308;40.40839451147552
5030;URB;10.0;(TACTICO) PABLO SARASATE O-E;-3.730377311043382;40.40614500422926
5184;URB;10.0;(TACTICO)MARIA DEL CARMEN N-S(CAMPILLO-P.OLIVOS);-3.732946672131199;40.406202984142794
5183;URB;10.0;(TACTICO)PSO. JESUITAS N-S(NAVAS REY-P.OLIVOS);-3.735650358450417;40.405890083635185
10253;URB;11.0;GTA. VALLE DE ORO (VALLE DE ORO - OPORTO);-3.730171053736938;40.387594992614446
10574;URB;11.0;(CARRIL BUS) GTA. VALLE DE ORO (VALLE DE ORO - OPORTO);-3.7302030352084175;40.38757385567191
10273;URB;11.0;NTRA SRA. LUZ, 41 O-E(FERNANDO DELGADO-CAMINO INGENIEROS);-3.748499471048012;40.384960430882444
5112;URB;11.0;NTRA SRA. LUZ, 43 E-O(FERNANDO DELGADO-NTRA. SRA. FATIMA);-3.748084577543525;40.38472733142276
10274;URB;10.0;NTRA SRA. LUZ, 49 E-O(OCAÑA-CAMINO INGENIEROS);-3.7502569140562376;40.38561051031025
10275;URB;10.0;CAMINO INGENIEROS, 17 N-S(JUAN ALONSO-NTRA. STA LUZ;-3.748529507288184;40.38599139591835
5057;URB;11.0;CNO. VIEJO LEGANES S-N(RADIO-GRAL. RICARDOS);-3.7238436275107665;40.39273738331364
3576;URB;11.0;OCA O-E(ALFARO-NTRA.SRA.DE VALVANERA);-3.7360053607269057;40.3896269506328
5109;URB;11.0;PSO. MARCELINO CAMACHO E-O(LAGUNA-ANTOLINA MERINO);-3.7423810558449007;40.38675240829724
5099;URB;11.0;OCA ENTRE TINTAS Y BERNARDINA ARANGUREN SENTIDO E-O;-3.7409668448274362;40.38868101078704
5100;URB;11.0;OCA ENTRE BERNARDINA ARANGUREN Y TINTAS SENTIDO O-E;-3.7411685722749994;40.388609939962194
5127;URB;11.0;GUABAIRO N-S(NTR.SRA FATIMA-NTR.SRA LUZ);-3.746207769997743;40.38514916437449
3629;URB;11.0;PSO. MARCELINO CAMACHO S-N(NTRA.SRA.FATIMA-GTA. EJERCITO);-3.7441771984681274;40.387469079872936
5113;URB;11.0;NTRA. SRA. FATIMA N-S(MONSEÑOR OSCAR ROMERO-NTRA. SRA. LUZ);-3.74750371969522;40.38307543056999
5114;URB;11.0;OCA ENTRE EDUARDO MORALES Y BLANDÓN SENTIDO E-O;-3.7387061563657986;40.38912664086185
5107;URB;11.0;PINZON N-S;-3.7401085748156273;40.38927751628018
5128;URB;11.0;(TACTICO) MONSEÑOR OSCAR ROMERO N-S(FERNANDO DELGADO-NTRA.SRA.FATIMA);-3.74781028160443;40.382879434269526
10254;URB;11.0;(TACTICO) VALLE DE ORO (RIO DE ORO - GTA. VALLE DE ORO);-3.730624614370994;40.38826482296982
5125;URB;11.0;(TACTICO)EDUARDO MORALES S-N(AMISTAD-OCA);-3.737440845498495;40.38948194183058
5126;URB;11.0;(TACTICO)EDUARDO MORALES N-S(ABOLENGO-OCA);-3.737430435717474;40.38922149365606
5131;URB;11.0;(TACTICO)ESPINAR N-S(JUAN ALONSO-N.S.FATIMA);-3.7444042145090286;40.38618200825281
9847;URB;11.0;(TACTICO) EULALIA GIL S-N;-3.741895841221768;40.38641401280369
5111;URB;11.0;(TACTICO)JUANA UROSA  E-O(C.AGUILERA-N.S.FATIMA);-3.7456497665775204;40.38517246732362
10573;URB;9.0;PTA. DEL ANGEL N-S Ø4 (SALIDA CASA DE CAMPO;-3.730424936445309;40.41500088254153
10572;URB;9.0;AV. PORTUGAL E-O (SAAVEDRA FAJARDO-PTA. DEL ANGEL);-3.7289945350260405;40.41487154303005
10571;URB;10.0;AV. PORTUGAL O-E (FRUELA-PTA. DEL ANGEL);-3.7305136479047185;40.41403225174052
10973;URB;10.0;PROLONGACION LOS YEBENES O-E(PSO. EXTREMADURA-VALMOJADO);-3.7573840702262467;40.398485948756
10974;URB;10.0;BARBERAN Y COLLAR N-S(CONCEJAL FCO. JOSE JIMENEZ MARTIN-PROL. YEBENES);-3.755776734566286;40.39876961240672
4906;URB;10.0;LOS YEBENES ENTRADA CRUCE SENTIDO E-O;-3.755368840594355;40.39754843100477
6830;URB;10.0;YEBENES S-N(CGIO.H.CORTES-DUQ.PARCENT);-3.7532554297664995;40.39511102096667
4903;URB;10.0;VALMOJADO ENTRE YEBENES Y SESEÑA;-3.7567350903868117;40.39774093597718
4904;URB;10.0;SESEÑA ENTRE TEMBLEQUE Y VALMOJADO SENTIDO O-E;-3.757768679448778;40.39756000343426
4907;URB;10.0;SESEÑA E-O(ACCESO CTRA. BOADILLA-ILLESCAS);-3.763477022743177;40.398061016728825
3637;URB;10.0;CTRA. BOADILLA E-O (N-V-CARABIAS);-3.7652808843515038;40.398899194763416
5179;URB;10.0;CTRA. BOADILLA O-E (CARABIAS-N-V);-3.7652795076510084;40.39886297988224
5165;URB;10.0;CTRA. DE BOADILLA O-E (AZOR-CARABIAS);-3.76833605829624;40.39908068938326
5162;URB;10.0;VILLAVICIONSA E-O(SEDANO-CTRA. CARABANCHEL A ARAVACA);-3.772929253859954;40.39649020826768
5176;URB;10.0;CTRA. CARABANCHEL ARAVACA O-E(VILLAVICIOSA-SEBASTIAN ALVARO);-3.7730203889182357;40.394999388801466
9992;URB;10.0;SEBASTIAN ALVARO S-N(CINE-AV. POBLADOS);-3.7726003200574683;40.39375916244739
10224;URB;10.0;CTRA. CARABANCHEL ARAVACA E-O(PILAR-SEBASTIAN ALVARO);-3.770262877241885;40.39284757480574
10223;URB;10.0;CTRA. CARABANCHEL ARAVACA E-O GIRO IZQDA (PILAR-SEBASTIAN ALVARO);-3.77032212109823;40.39281223248012
5181;URB;10.0;(MICRO)CTRA. BOADILLA E-O (N-V-CARABIAS);-3.76670751612978;40.39897889011985
5161;URB;10.0;(MICRO)VILLAVICIOSA N-S(SEDANO-CTRA. CARABANCHEL ARAVACA);-3.77356554069506;40.39649320740959
4918;URB;10.0;(TACTICO) PROLONG. YEBENES  S-N(SEPULVEDA-SAN MANUEL);-3.7596754304412694;40.401244581013536
4920;URB;10.0;(TACTICO) PROLONGACION YEBENES ACCESO PSO. EXTREMADURA;-3.7595226937813133;40.401275330058745
4919;URB;10.0;(TACTICO) SAN MANUEL GIRO IZDA. A PSO. EXTREMADURA (DIRECCION MADRID);-3.7598085624957047;40.40138229997251
4921;URB;10.0;(TACTICO) INCORPORACION DESDE PSO. EXTREMADURA (DIRECCION CASA CAMPO);-3.7596496835977384;40.40159982242979
4894;URB;10.0;(TACTICO)CUART DE POBLET N-S(ALHAMBRA-DUQUESA PARCENT);-3.7518645111549076;40.396174281919656
5168;URB;10.0;(TACTICO)GALICIA S-N(FUENTESAUCO-BOADILLA);-3.7727718195549826;40.3990642786613
5164;URB;10.0;(TACTICO)SANCHIDRIAN S-N(CINE-CTRA. CARABANCHEL ARAVACA);-3.7742173538495116;40.39641802309336
5177;URB;10.0;(TACTICO)SEBASTIAN ALVARO S-N(CINE-AV. POBLADOS) (CARRIL IZDA.);-3.77230626779256;40.39403477577743
5172;URB;10.0;(TACTICO) CTRA. CARABANCHEL ARAVACA E-O(GIRO SEBASTIAN ALVARO);-3.771974258840488;40.394129238047796
4867;URB;9.0;(TACTICO) ARANDIGA Nº 8 N-S (ARASCUES - AV. OSA MAYOR);-3.790421499954063;40.45773400778757
4868;URB;9.0;(TACTICO) BATALLA GARELLANO Nº 27 S-N (SIRRACH - AV. OSA MAYOR);-3.7931308969438398;40.4551644000245
10108;URB;9.0;PLEYADES Nº 24 N-S (ARDALES - ANA TERESA);-3.7839512950762426;40.462115621427216
10106;URB;9.0;PLEYADES Nº 8 S-N (ARCOS DE LA FRONTERA - ESTUDIO);-3.7840511350128563;40.46028794514247
10104;URB;9.0;ANA TERESA ANTES Nº 22 E-O (ARDALES - PLEYADES);-3.7830040991687697;40.4607343620095
10107;URB;9.0;ANA TERESA, 35 A O-E ( A. VINDEL - PLEYADES);-3.7849690916121497;40.46143937480814
4866;URB;9.0;PLEYADES Nº 19 S-N (ANA TERESA - ARDALES);-3.783964621822826;40.4613530366896
4862;URB;9.0;(MICRO) PLEYADES Nº 19 N-S (ARDALES - ANA TERESA);-3.78403062401875;40.46124045698237
4863;URB;9.0;(MICRO) PLEYADES Nº 13 S-N (ESTUDIO - ANA TERESA);-3.7840836159492324;40.460709579467974
10105;URB;9.0;(MICRO) ANA TERESA Nº 27 E-O (ARDALES - PLEYADES);-3.783837856273565;40.46091752004104
4865;URB;9.0;(MICRO) ANA TERESA, 29A O-E (A. VINDEL - PLEYADES);-3.7843581813129203;40.46108932083348
3752;URB;19.0;Av. Daroca  - Av. Daroca-Casalarreina;-3.6164861747301655;40.4087672234432
6194;URB;19.0;Casalarreina  - Camino Viejo de Vicálvaro-Av. Daroca;-3.616122956972787;40.40693539185613
6195;URB;19.0;Av. Daroca  - Casalareina-Calahorra;-3.6146919445236487;40.40748361756597
6196;URB;19.0;Casalarreina - Av. Daroca-Ezcaray;-3.614701392238193;40.408111498339984
6197;URB;19.0;Casalarreina  - Ezcaray-Av. Daroca;-3.614211117753894;40.40866018556954
6198;URB;19.0;Av. Daroca  - Calahorra-Casalarreina;-3.613796746039573;40.4069749056278
6199;URB;19.0;Calahorra  - Calahorra-Av. Daroca;-3.612796546631419;40.40743329768608
6200;URB;19.0;Av. Daroca  - Camino Viejo de Vicálvaro-Calahorra;-3.61128437148243;40.40512426317931
6201;URB;19.0;Av. Daroca - Calahorra-Camino Viejo de Vicálvaro;-3.6112319821273826;40.40504126789467
6202;URB;19.0;Camino Viejo de Vicálvaro - Calahorra-San Cipriano;-3.6107667506814245;40.40424151091795
6203;URB;19.0;San Cipriano - Villalmanzo-Lago Van;-3.6073144743959755;40.4040967932307
3695;URB;19.0;San Cipriano  - Jardín de la Duquesa-Lago Leman;-3.604825395076697;40.4040262511688
3696;URB;19.0;Paseo Artilleros - Villardondiego-Camino Viejo de Vicálvaro;-3.6092296533460964;40.405628467982005
6204;URB;19.0;Paseo Artilleros - Villardondiego-Villajimena;-3.609193888222389;40.40623713788544
6205;URB;19.0;Paseo Artilleros - Villajimena-Villablanca;-3.6094226524752293;40.40829292428607
3782;URB;19.0;Paseo Artilleros - Casalarreina-Calahorra;-3.609625452562707;40.40852252260146
3783;URB;19.0;Av. Vicálvaro a Canillejas - Av. Vicálvaro a Canillejas-Pl. Vicalvarada;-3.6099621477194894;40.410807777831565
6206;URB;19.0;Villablanca  - Los Manantiales-Paseo Artilleros;-3.6083253257162027;40.409101160793085
6207;URB;19.0;Villablanca  - Villajimena-Los Manantiales;-3.604543684770715;40.407561362454004
6208;URB;19.0;Villablanca   - Villajimena-Viñedos;-3.60448434478991;40.407331539968204
6219;URB;19.0;Casalarreina - Camino Viejo de Vicálvaro-Cordovín;-3.6113551491079066;40.4094351746632
6220;URB;19.0;Villajimena - Villablanca-Paseo Artilleros;-3.6091031690014606;40.40758147455569
6984;URB;19.0;Bulebar José Prat - Av.Democracia-Cordel Pavones;-3.6187229405585666;40.3969886374482
6986;URB;19.0;Bulevar José Prat - Bulevar Indalecio Prieto-Cordel de Pavones;-3.6210533809086436;40.39692067108227
6985;URB;19.0;Bulevard José Prat - Cordel de Pavones-Bulevar Indalecio Prieto;-3.6212035514716;40.397580476867944
6639;M30;8.0;PM40001;-3.671563130775584;40.49167558462718
3797;M30;8.0;PM40005;-3.6716443409638826;40.49170000128252
6640;M30;5.0;PM10013;-3.6740870422242478;40.48119950441493
6642;M30;5.0;PM10091;-3.674394534360331;40.47603795658922
6643;M30;5.0;PM10092;-3.6745793266575073;40.47597971439813
6644;M30;5.0;PM10141;-3.6717572068266993;40.47087448383919
6647;M30;5.0;PM10212;-3.6686381358200997;40.46641438071027
6648;M30;5.0;PM10241;-3.666750380891342;40.463361259025156
6649;M30;5.0;PM10242;-3.666982182442935;40.46332380504482
6650;M30;5.0;PM10341;-3.6634205233720283;40.454523369127386
6651;M30;5.0;PM10342;-3.663717624445574;40.45441633578497
6652;M30;5.0;PM10343;-3.6634958208658;40.45446724621053
6653;M30;5.0;PM10344;-3.6635731152301996;40.45446354712477
6654;M30;5.0;PM10401;-3.6626899761305123;40.44983775339322
6655;M30;5.0;PM10402;-3.662948164791094;40.44980228734966
6656;M30;5.0;;-3.6613204759314764;40.44568127568839
6659;M30;5.0;;-3.6614775473756858;40.445667616824856
10175;M30;4.0;PM10471;-3.660555040552228;40.44434387033162
10265;M30;4.0;PM10472;-3.6607848678303028;40.44427817443004
6658;M30;5.0;;-3.661805520921908;40.44548326666598
3818;M30;4.0;PM10501;-3.659283317205511;40.44088364312868
3819;M30;4.0;PM10502;-3.659559793256317;40.440889588977086
3820;M30;4.0;PM10561;-3.659970857863711;40.43566966750429
6663;M30;4.0;PM10572;-3.6603216863132055;40.43476927552075
3799;M30;4.0;PM10611;-3.6608158467595437;40.431088054505
3800;M30;4.0;PM10612;-3.6609380893934182;40.43110535422704
6664;M30;4.0;PM10661;-3.6603379663991107;40.42730563395986
6665;M30;4.0;PM10662;-3.660528183377897;40.42726651781389
6666;M30;4.0;PM10711;-3.6592148297645255;40.42173756413236
3488;M30;4.0;PM10712;-3.659420389289668;40.421756581545075
3489;M30;4.0;PM10728;-3.6595067548012365;40.42160778672098
6667;M30;3.0;PM30754;-3.6656557356738357;40.42028679869755
6668;M30;3.0;PM10768;-3.660062982431543;40.41772226722305
6669;M30;3.0;PM10766;-3.6603437879300746;40.417468082625625
3611;M30;3.0;PM10765;-3.6602513702354176;40.41756718791231
3815;M30;3.0;PM10831;-3.6610675094416907;40.414112241914204
3490;M30;3.0;PM10832;-3.6612437300497396;40.41422332354869
3493;M30;3.0;PM10865;-3.6630825505856057;40.411141711991164
3816;M30;3.0;PM10901;-3.6653729232237193;40.40655591515045
6670;M30;3.0;PM10902;-3.6656677717318513;40.40654664516912
6672;M30;3.0;PM10941;-3.6662730751305155;40.4047353468003
6673;M30;3.0;PM10942;-3.6664946157278107;40.40475515466562
7124;M30;3.0;PM10948;-3.6665900714918753;40.40477576127454
6676;M30;3.0;PM10981;-3.667783995720611;40.40067215895343
6677;M30;3.0;PM10982;-3.6680116427618263;40.40071473913776
6679;M30;2.0;PM11071;-3.6748229039376046;40.39366363494409
6820;M30;2.0;PM11074;-3.6748868742062744;40.393723993718574
6680;M30;2.0;PM11101;-3.677798424732197;40.39145106532943
6681;M30;2.0;PM11102;-3.678824421346447;40.390710560811854
6682;M30;2.0;PM11108;-3.677719205588069;40.39142203115245
6683;M30;2.0;PM11161;-3.680996027434443;40.38766295024834
6684;M30;2.0;PM11168;-3.680935695688785;40.38755882807989
6686;M30;2.0;PM11208;-3.684593725798011;40.38379104703323
6687;M30;2.0;PM11301;-3.6918172181396143;40.384266231453516
6688;M30;2.0;PM11303;-3.691885614271594;40.38422517562472
6689;M30;9.0;PM11981;-3.7346588774010536;40.42740179261199
6690;M30;9.0;PM12061;-3.7374993801173906;40.432080223247624
6691;M30;9.0;PM12121;-3.737787228279405;40.43784501884478
7125;M30;9.0;PM12122;-3.7372675578960517;40.43792238675437
6692;M30;9.0;PM12211;-3.739673045031024;40.44488078787927
6694;M30;9.0;PM12331;-3.7439949270456387;40.45640476332714
6813;M30;9.0;PM12342;-3.7445854662642635;40.45785526182863
6695;M30;9.0;PM12391;-3.7463837130982878;40.46152260083849
6696;M30;9.0;PM12471;-3.7497038133780762;40.468116419456926
10180;M30;9.0;PM12502;-3.750412840941017;40.47144291475307
6815;M30;8.0;PM12572;-3.7453412938799193;40.47432203657163
6817;M30;8.0;PM12622;-3.738447485125512;40.473631321462626
6699;M30;8.0;PM12641;-3.7359554032376336;40.47311603366805
6700;M30;8.0;PM12721;-3.728937210032491;40.47273254645181
3801;M30;8.0;PM12781;-3.722373435433974;40.47515552503011
6914;M30;8.0;PM12851;-3.7158360265707575;40.47911339895925
3510;M30;8.0;PM12961;-3.7034984952592214;40.482394933751934
6703;M30;8.0;PM12981;-3.701082969782528;40.483263353165235
6705;M30;8.0;PM13014;-3.697941135768222;40.484351661463556
6706;M30;8.0;PM13041;-3.694858328951653;40.48536625798199
7014;M30;16.0;PM13222;-3.6723088411066045;40.484838567457935
3521;M30;8.0;PM30001;-3.670772581181909;40.49229329544748
6712;M30;8.0;PM30002;-3.6706751449813377;40.49223815840436
3821;M30;15.0;PM20025;-3.6733957440249654;40.48199540056979
3822;M30;15.0;PM20026;-3.6735322207700305;40.481896793090264
6714;M30;15.0;PM20042;-3.6740340764946433;40.475705962795416
6715;M30;15.0;PM20151;-3.6715889423820274;40.47097963043842
6716;M30;15.0;PM20152;-3.6713590380855843;40.471092795487536
6717;M30;15.0;PM20231;-3.668244327848734;40.46652101420724
6718;M30;15.0;PM20232;-3.667960510204067;40.466561555608365
6719;M30;15.0;PM20233;-3.6680618127740745;40.46652900175506
6721;M30;15.0;PM20262;-3.665569666679309;40.4621006164099
6722;M30;15.0;PM20321;-3.6636455304225533;40.45721076299096
6723;M30;15.0;PM20322;-3.663451230410209;40.45729064733685
6724;M30;15.0;PM20327;-3.663770596370901;40.45719524355984
6725;M30;15.0;PM20411;-3.6625396672001194;40.45025967399764
6726;M30;15.0;PM20412;-3.6623102807464067;40.45033081173731
6727;M30;15.0;PM20441;-3.6609358953004896;40.4456585444421
6728;M30;15.0;PM20442;-3.6606796420968006;40.4457675757983
6729;M30;15.0;PM20471;-3.65941192502529;40.44253533807271
6730;M30;15.0;PM20472;-3.659084090894514;40.44251676060311
6731;M30;15.0;PM20473;-3.6592108006271635;40.44252385251375
6732;M30;15.0;PM20571;-3.659859432883874;40.43532505713961
6733;M30;15.0;PM20572;-3.6596466908926657;40.43527426988689
6734;M30;15.0;PM20661;-3.6601783993158454;40.427427882294374
6735;M30;15.0;PM20662;-3.6599949122720523;40.4272481849698
6737;M30;15.0;PM20721;-3.65908165025919;40.42222121831314
6738;M30;15.0;PM20722;-3.6588646055436373;40.422200913957106
6743;M30;14.0;PM20831;-3.6592172965311622;40.41673915385531
6744;M30;14.0;PM20832;-3.65883659935772;40.41698369164241
6745;M30;14.0;PM20834;-3.6588783553373236;40.41710296900776
6746;M30;14.0;PM20851;-3.662644562397649;40.411190970938236
6747;M30;14.0;PM20852;-3.661531187666994;40.41256548765716
7126;M30;14.0;PM20854;-3.6612355755708994;40.412850266314955
10177;M30;14.0;PM20873;-3.662874898779011;40.410034605805166
6749;M30;14.0;PM20911;-3.66444642772408;40.40742478174002
6750;M30;14.0;PM20912;-3.664231750887848;40.40736215047514
6751;M30;14.0;PM20913;-3.6645399921120947;40.40745216252235
6753;M30;13.0;PM20971;-3.6670653899986814;40.401870796155315
6754;M30;13.0;PM20972;-3.6669206297220844;40.401737340436995
6755;M30;13.0;PM20976;-3.6670054457874026;40.4017450633365
6757;M30;13.0;PM21148;-3.67985698378656;40.388371544555454
6758;M30;13.0;PM21181;-3.6812318534553756;40.38683477937683
6759;M30;13.0;PM21185;-3.6811426763629025;40.38680385981336
6760;M30;13.0;PM21188;-3.6809859220156342;40.38675229930528
6761;M30;13.0;PM21192;-3.6833967544170956;40.38360938302984
6764;M30;13.0;PM21236;-3.6879748920097195;40.381624250553315
3531;M30;12.0;PM21307;-3.692515601073467;40.38377761516842
3532;M30;9.0;PM21941;-3.730790197443765;40.42458393197887
3533;M30;9.0;PM22081;-3.7383066610041533;40.43417773797423
6948;M30;9.0;PM22082;-3.7383959349542133;40.434169655909386
6766;M30;9.0;PM22121;-3.7381866927445704;40.438666680489355
6767;M30;9.0;PM22211;-3.739627310755131;40.44397741507996
6768;M30;9.0;PM22241;-3.7414666437684354;40.44899511918543
3836;M30;9.0;PM22341;-3.744134011555456;40.45634180087056
3558;M30;9.0;PM22391;-3.746523422121104;40.46142460629753
6769;M30;9.0;PM22471;-3.7498450820910194;40.4679363361579
3597;M30;8.0;PM22571;-3.7457663991722354;40.47451142276722
6816;M30;8.0;PM22572;-3.7479741323360645;40.47454762701267
3598;M30;8.0;PM22721;-3.7289888760047436;40.47287856983735
3560;M30;8.0;PM22851;-3.7159457571968266;40.47917776240673
6772;M30;8.0;PM23011;-3.6975906349376912;40.484712643785116
6934;M30;16.0;PM23221;-3.6726893649642793;40.4848450880203
6935;M30;16.0;PM23222;-3.6726074271332716;40.48482398887744
3539;M30;15.0;PM30462;-3.659062219542909;40.44415238294781
3536;M30;15.0;PM30471;-3.6587542739578507;40.44169170090139
3495;M30;14.0;PM30752;-3.654574415327414;40.41754417559395
3561;M30;14.0;PM30753;-3.654591600386591;40.41747183300103
3600;M30;13.0;PM30901;-3.66417826783222;40.4062246538563
6777;M30;12.0;PM31264;-3.6917493723456056;40.38064882999384
7127;M30;12.0;PM31301;-3.694868055085485;40.37288437189281
6778;M30;11.0;PM31451;-3.7101402215470825;40.39076272284564
6779;M30;11.0;PM31452;-3.720305001088297;40.369997286638736
6822;M30;11.0;PM31453;-3.717830765959007;40.38458279655271
6780;M30;10.0;PM31801;-3.743394433350668;40.40838844643165
6938;M30;10.0;PM31851;-3.7649635679951183;40.399057361486925
6939;M30;10.0;PM31852;-3.7650393469679755;40.399203178594114
6942;M30;10.0;PM31881;-3.7830090904326448;40.38516690647054
6941;M30;10.0;PM31882;-3.783082177781808;40.38521098646062
6949;M30;10.0;PM31891;-3.792226970569354;40.37822206936122
6950;M30;10.0;PM31892;-3.7923044625478237;40.37828289112113
6781;M30;9.0;PM32051;-3.7393052469968477;40.43509364929665
6782;M30;9.0;PM32351;-3.7449781567082754;40.455444505860015
3496;M30;9.0;PM32352;-3.744858180831939;40.4554996323646
6783;M30;8.0;PM33031;-3.7004001919714833;40.497497871542215
6784;M30;8.0;PM33032;-3.7003101948204002;40.49747347170936
6787;M30;15.0;PM33201;-3.659951962929396;40.48294917756662
7128;M30;15.0;PM33222;-3.6725518751833635;40.483987496458454
3538;M30;15.0;PM40442;-3.660333080379016;40.44632887786612
6789;M30;15.0;PM40461;-3.6567874967858236;40.446005075415414
6790;M30;14.0;PM40751;-3.655139889215093;40.417797455826864
7131;M30;15.0;PM40752;-3.65512552689707;40.41791379933738
3827;M30;4.0;PM40753;-3.665740895125544;40.42040683031721
3828;M30;4.0;PM40754;-3.6657078365545392;40.42047807716887
3826;M30;15.0;PM40755;-3.655133506590755;40.41785986993909
6791;M30;14.0;PM40901;-3.664124196172538;40.40632307517372
6792;M30;14.0;PM40902;-3.6641108810412133;40.406401035979776
3762;M30;12.0;PM41262;-3.69028465038097;40.38113117657873
3763;M30;12.0;PM41301;-3.6947218315549133;40.372983576988894
3704;M30;12.0;PM41351;-3.6942327956198207;40.369199541041795
3705;M30;12.0;PM41451;-3.70993796845397;40.390707487804
6793;M30;12.0;PM41452;-3.720139204053315;40.36992259017925
6823;M30;12.0;PM41453;-3.7177356697448456;40.38459012132985
6794;M30;10.0;PM41801;-3.74326823093594;40.408300908100784
6795;M30;10.0;PM41852;-3.764093515017461;40.39937149052537
7012;M30;10.0;PM41853;-3.7635011164627725;40.39921019425734
6943;M30;10.0;PM41881;-3.7834170825507285;40.3847656854681
6944;M30;10.0;PM41882;-3.783314569763643;40.38471535171104
6952;M30;10.0;PM41891;-3.792245520624713;40.378112810739275
6951;M30;10.0;PM41892;-3.7921550273949043;40.37805158997134
6796;M30;9.0;PM42051;-3.739404033713241;40.435047216606854
6797;M30;9.0;PM42052;-3.73959661195408;40.43488718880009
6798;M30;9.0;PM42351;-3.7448248327750213;40.45485279870447
6799;M30;9.0;PM42352;-3.7450218234125727;40.45474770591481
6800;M30;9.0;PM42353;-3.7446651230546317;40.45396928891276
6802;M30;8.0;PM43011;-3.6968032025699853;40.48720600673001
6804;M30;8.0;PM43021;-3.699959836675574;40.493907176814545
3706;M30;8.0;PM43022;-3.7000399899011827;40.49385633229151
6805;M30;8.0;PM43031;-3.700488331287104;40.49755741173389
6806;M30;8.0;PM43032;-3.700597261944246;40.49758775259886
6809;M30;16.0;PM43201;-3.659953905376049;40.48307987793545
6810;M30;16.0;PM43202;-3.6599258339091465;40.48315784365918
6933;M30;16.0;PM43221;-3.6724965981813322;40.48411847984113
7129;M30;16.0;PM43222;-3.6724995935765468;40.484181320160566
7015;M30;16.0;PM43223;-3.6722638519093525;40.48491103339853
10266;M30;4.0;PM10578;-3.660422590200162;40.43478252136351
10194;M30;15.0;PM20667;-3.6598969903194893;40.427257030738026
10297;M30;5.0;PM10293;-3.665376753335204;40.46019178686383
10172;M30;4.0;PM10533;-3.6595478003667563;40.4383310348328
10173;M30;4.0;PM10593;-3.660548471021592;40.43330636161833
10174;M30;4.0;PM10714;-3.6596201541451023;40.42370599794646
10171;M30;15.0;PM20394;-3.662715350159339;40.451548919707896
10179;M30;13.0;PM20942;-3.6660181814848456;40.40400552968726
10178;M30;13.0;PM20948;-3.6659288442896005;40.40395093870321
6697;M30;9.0;PM22502;-3.750823423499532;40.47138308363604
10176;M30;5.0;PM40462;-3.6626577015444957;40.44398063415759
6661;M30;5.0;PM40463;-3.663569399583946;40.44369789227295
10269;M30;8.0;PM13012;-3.697267602873595;40.484682804549934
10200;M30;8.0;PM40012;-3.6599797762013484;40.502518750166494
10201;M30;8.0;PM40014;-3.659831583500457;40.502434726795705
10199;M30;8.0;PM40018;-3.6600690205955266;40.50254224923821
10204;M30;14.0;PM40951;-3.6489456179243476;40.40039754011833
10203;M30;14.0;PM40952;-3.648809926983926;40.40054846320748
10202;M30;14.0;PM40956;-3.648708232313478;40.40058977072852
10205;M30;13.0;PM41201;-3.6841173388011;40.37695278916489
10207;M30;13.0;PM41202;-3.684028591889255;40.37700989639227
10208;M30;10.0;PM41861;-3.770863295356383;40.394352259701456
10210;M30;8.0;PM43041;-3.685133174119672;40.515610925571245
10211;M30;11.0;PM41454;-3.7368369306889555;40.371212456348495
6741;M30;14.0;PM20777;-3.6579002586514866;40.416907999602394
10267;M30;14.0;PM20778;-3.657913254172039;40.41698246175661
6762;M30;13.0;PM41196;-3.682623518257793;40.38366410883112
10268;M30;13.0;PM41192;-3.682700757768188;40.38370663395268
3817;M30;4.0;PM10486;-3.6612951722183595;40.44336470475632
10660;M30;9.0;PM12067;-3.737924917254225;40.434018135489296
10662;M30;4.0;PM10764;-3.6589634131833493;40.41929825680929
10661;M30;15.0;PM20596;-3.6599678379416023;40.433430009512946
10659;M30;9.0;PM12397;-3.7462822439070673;40.4615791908102
6803;M30;8.0;PM43012;-3.696300544090017;40.48666159653052
11373;M30;5.0;PM13161;-3.6807465104199983;40.483318088396565
11372;M30;5.0;PM23161;-3.6809126091530655;40.4834794682644
3499;URB;7.0;Juan XXIII S-N  - Poeta Angela Figuera -Av.Moncloa;-3.718845741272031;40.44605830251783
